Title,Artist,Letter,Year
A Calling-On Song,Steeleye Span,A,1970
A Case Of You,Joni Mitchell,A,1971
A Clue,Boz Scaggs,A,1977
A Dream Goes On Forever,Todd Rundgren,A,1974
A Gift,Lou Reed,A,1975
A Good Feelin' To Know,Poco,A,1972
A Little Less Conversation,Mac Davis,A,1971
A Man Needs A Maid,Neil Young,A,1972
A Natural Man,Lou Rawls,A,1971
A New Career In A New Town,David Bowie,A,1977
A Place In The Sun,Pablo Cruise,A,1977
A Real Mother For Ya,"Johnny ""Guitar"" Watson",A,1977
A Remark You Made,Weather Report,A,1977
A Sailor's Life,Fairport Convention,A,
A Salty Dog,Procol Harum,A,
A Simple Twist Of Fate,Joan Baez,A,1975
A Song For Richard And His Friends,Chicago,A,1971
A Song For You,Donny Hathaway,A,1971
A Song For You,Leon Russell,A,1970
A Trick Of The Tail,Genesis,A,1976
A Wonderfull Day In A One-Way World,Peter Gabriel,A,1977
Abandoned Luncheonette,Hall & Oates,A,1973
ABC,Jackson 5,A,1970
Abracadabra (Have You Seen Her?),Blue Ash,A,1973
Acadian Driftwood,The Band,A,1975
Accidently Like A Martyr,Warren Zevon,A,1978
Accidents Will Happen,Elvis Costello,A,1979
Ace Of Spades,Motorhead,A,
Ace Of Spades,O.V. Wright,A,1971
Ace Supreme,Silverhead,A,1972
Achilles Last Stand,Led Zeppelin,A,1976
Across 110th Street,Bobby Womack,A,1973
Across The Universe,David Bowie,A,1975
Across The Universe,The Beatles,A,1970
Adam Raised A Cain,Bruce Springsteen,A,1978
Africa,The Meters,A,1974
Africa Talks To You (The Asphalt Jungle),Sly & The Family Stone,A,1971
Afro Strut,Nite-Liters,A,1972
After Forever,Black Sabbath,A,1971
After Last Night,The A's,A,1979
After Midnight,Eric Clapton,A,1970
After Midnight,J. J. Cale,A,1972
After The Goldrush,Neil Young,A,1970
After The Love Has Gone,Earth Wind & Fire,A,1979
Afternoon Delight,Starland Vocal Band,A,1976
Ain't Gonna Hurt Nobody,Brick,A,1977
Ain't Gwine Whistle Dixie,Taj Mahal,A,1971
Ain't It Funky Now,Grant Green,A,1970
Ain't No Love In The Heart Of The City,"Bobby ""Blue"" Bland",A,1974
Ain't No Mountain High Enough,Diana Ross,A,1970
Ain't No Stoppin' Us Now,McFadden & Whitehead,A,1979
Ain't No Sunshine,Bill Withers,A,1971
Ain't No Woman (Like The One I've Got),Four Tops,A,1973
Ain't Nobody,Rufus,A,
Ain't Nothin' But A Houseparty,The J. Geils Band,A,1973
Ain't Nothin' To Do,Dead Boys,A,1977
Ain't Talkin' 'bout Love,Van Halen,A,1978
Ain't That A Bitch,"Johnny ""Guitar"" Watson",A,1976
Ain't That Loving You,Isaac Hayes,A,1972
Ain't Too Proud To Beg,The Rolling Stones,A,1974
Ain't Understanding Mellow,Jerry Butler,A,1971
Ain't Wastin' Time No More,The Allman Brothers,A,1972
Ain't We Funkin' Now,Brothers Johnson,A,1978
Airlane,Gary Numan,A,1979
Airport,The Motors,A,1978
Aja,Steely Dan,A,1977
Alabama,Neil Young,A,1972
Aladdin Sane,David Bowie,A,1973
Albuquerque,Neil Young,A,1975
Alien,20/20,A,
Alison,Elvis Costello,A,1977
Alison Gross,Steeleye Span,A,1973
All Along The Watchtower,Bob Dylan And The Band,A,1974
All Around The World,The Jam,A,1977
All At Sea,Budgie,A,1978
All Day Music,War,A,1971
All Down The Line,The Rolling Stones,A,1972
All For The Love Of Rock & Roll,Tuff Darts,A,1978
All I Know,Art Garfunkel,A,1973
All I Wanna Do In Life,Marianne Faithfull,A,1976
All I Want,Joni Mitchell,A,1971
All In Your Mind,Stray,A,1970
All Mixed Up,The Cars,A,1978
All My Life,Uriah Heep,A,1972
All My Love,Led Zeppelin,A,1979
All Reved Up With No Place To Go,Meatloaf,A,1977
All Right Now,Free,A,1970
All That You Dream,Little Feat,A,1975
All The Children Sing,Todd Rundgren,A,1978
All The Madmen,David Bowie,A,1970
All The Way From Memphis,Mott The Hoople,A,1973
All The Way Lover,Millie Jackson,A,1977
All The Young Dudes,Mott The Hoople,A,1972
All Things Must Pass,George Harrison,A,1970
All This And More,Dead Boys,A,1977
All You Wanna Do Is Dance,Billy Joel,A,1976
All-American Alien Boy,Ian Hunter,A,1976
Almendra,Macondo,A,1972
Almost Cut My Hair,Crosby Stills Nash & Young,A,1970
Aloha Steve And Danno,Radio Birdman,A,1977
"Alone Again, Naturally",Gilbert O'Sullivan,A,1971
Already Gone,The Eagles,A,1974
Alternative Ulster,Stiff Little Fingers,A,1979
Amanda,Waylon Jennings,A,1979
Amelia,Joni Mitchell,A,1976
America,Yes,A,1975
American City Suite,Cashman & West,A,1972
American Girl,Tom Petty & The Heartbreakers,A,1976
American Pie,Don McLean,A,1971
American Squirm,Nick Lowe,A,1979
American Tune,Paul Simon,A,1973
American Woman,The Guess Who,A,1970
Amie,Pure Prairie League,A,1972
Amnesia,Pousette-Dart Band,A,1977
Amoreena,Elton John,A,1971
Amos Moses,Jerry Reed,A,1970
Amygdala,Henry Cow,A,1970
Anarchy In The U.K.,The Sex Pistols,A,1977
And It Stoned Me,Van Morrison,A,1970
And You And I,Yes,A,1972
Andalucia,John Cale,A,1973
Andy Warhol,David Bowie,A,1971
Angel,Aretha Franklin,A,1973
Angel,Jimi Hendrix,A,1971
Angel Eyes,Roxy Music,A,1979
Angel Fingers,Wizzard,A,1973
Angel From Montgomery,Bonnie Raitt,A,1974
Angel From Montgomery,John Prine,A,1971
Angels,Flora Purim,A,1977
Angelsea,Cat Stevens,A,1972
Angie,The Rolling Stones,A,1973
Angie Baby,Helen Reddy,A,1974
Angry Eyes,Loggins & Messina,A,1972
Animal Zoo,Spirit,A,1970
Annie's Song,John Denver,A,1974
Another Brick In The Wall (Part 2),Pink Floyd,A,1979
Another Day,Paul McCartney & Wings,A,1971
"Another Girl, Another Planet",The Only Ones,A,1978
"Another Park, Another Sunday",The Doobie Brothers,A,1974
Another Star,Stevie Wonder,A,1976
Another World,Richard Hell & The Voidoids,A,1977
Anthem,Rush,A,1975
Anticipation,Carly Simon,A,1971
Any Major Dude Will Tell You,Steely Dan,A,1974
Any Old Time,Maria Muldaur,A,1973
Any Other Woman,Greg Kihn,A,1976
Any World (That I'm Welcome To),Steely Dan,A,1975
Anything That's Rock 'N' Roll,Tom Petty & The Heartbreakers,A,1976
Anytime,Journey,A,1978
Apache,Michael Viner's Incredible Bongo Band,A,1973
Ape Is High,Mandrill,A,1972
Apeman,The Kinks,A,1970
Apostrophe,Frank Zappa,A,1974
Apple Scruffs,George Harrison,A,1970
April Fool,Pete Townshend & Ronnie Lane,A,1977
Aqualung,Jethro Tull,A,1971
Are Friends Electric?,Gary Numan & Tubeway Army,A,1979
Are You Man Enough,Four Tops,A,1973
Are You My Woman,The Chi-Lites,A,1970
Are You Ready?,Pacific Gas & Electric,A,1970
Are You Ready For The Country?,Neil Young,A,1972
Are You Receiving Me?,XTC,A,1978
Are You Sure Hank Done It This Way?,Waylon Jennings,A,1975
Arizona,Mark Lindsay,A,1970
Arrow Right Through Me,Wings,A,1979
Art For Art's Sake,10cc,A,1976
Artists Only,Talking Heads,A,1978
As,Stevie Wonder,A,1976
Ask The Angels,Patti Smith,A,1976
Aspen/These Days,Dan Fogelberg,A,1975
Astral Plane,The Modern Lovers,A,1976
At Home He's A Tourist,Gang Of Four,A,1979
At Midnight (My Love Will Lift You Up),Rufus,A,1977
At Seventeen,Janis Ian,A,1975
Atomic Bomb,William Onyeabor,A,1978
Attics of My Life,Grateful Dead,A,1970
August Day,Hall & Oates,A,1978
Autobahn,Kraftwerk,A,1974
Avenging Annie,Andy Pratt,A,1973
Awaiting On You All,George Harrison,A,1970
Axe Victim,Be Bop Deluxe,A,1974
B.A.B.Y.,Rachel Sweet,B,1978
Baba O'Riley,The Who,B,1971
Babe,Styx,B,1979
Baby Blue,Badfinger,B,1971
Baby Boomerang,T Rex,B,1972
Baby Come Back,Player,B,1977
Baby Don't Get Hooked On Me,Mac Davis,B,1972
Baby Don't You Know,Wild Cherry,B,1977
Baby Hold On,Eddie Money,B,1977
Baby I Love You,Dave Edmunds,B,1975
Baby I'm A-Want You,Bread,B,1972
Baby Lemonade,Syd Barrett,B,1970
Baby Let's Swing/The Last Thing You Said/Don't Tie My Hands,Todd Rundgren,B,1970
Baby Stop Crying,Bob Dylan,B,1978
"Baby, I Need Your Loving",The Heptones,B,1976
Baby's A Rock N' Roller,Tom Petty & The Heartbreakers,B,1978
Babylon,New York Dolls,B,1974
Back In '72,Bob Seger,B,1973
Back In Love Again,L.T.D.,B,1977
Back In N.Y.C.,Genesis,B,1974
Back In Our Minds,Funkadelic,B,1971
Back In The Saddle,Aerosmith,B,1976
Back In The USA,MC5,B,1970
Back It Up,Nils Lofgren,B,1975
Back Of A Car,Big Star,B,1974
Back Of My Hand,The Jags,B,1979
Back Off Boogaloo,Ringo Starr,B,1972
Back Stabbers,The O'Jays,B,1972
Back Street Luv,Curved Air,B,1971
Back To Schooldays,Graham Parker & The Rumor,B,1976
Back To The Island,Leon Russell,B,1975
Backs Turned Looking Down The Path,Warren Zevon,B,1976
Backstreets,Bruce Springsteen,B,1975
Bad 'N' Ruin,Faces,B,1971
Bad Blood,Neil Sedaka,B,1975
Bad Case of Loving You,Moon Martin,B,1978
Bad Company,Bad Company,B,1974
Bad Company,Bad Company,B,1974
Bad Company,Bad Company,B,1974
Bad Company,Bad Company,B,1974
Bad Girls,Donna Summer,B,1979
Bad Liver And A Broken Heart (In Lowell),Tom Waits,B,1976
Bad Luck,Harold Melvin & The Bluenotes,B,1975
Bad Motor Scooter,Montrose,B,1973
Bad Penny,Rory Gallagher,B,1978
Bad Sneakers,Steely Dan,B,1975
Bad Time,Grand Funk Railroad,B,1974
"Bad, Bad Leroy Brown",Jim Croce,B,1973
Badlands,Bruce Springsteen,B,1978
Baker Street,Gerry Rafferty,B,1978
Ball Of Confusion,The Temptations,B,1971
Ballad Of A Well-Known Gun,Elton John,B,1971
Ballad Of El Goodo,Big Star,B,1972
Ballrooms Of Mars,T Rex,B,1972
Baltimore,Randy Newman,B,1977
Banapple Gas,Cat Stevens,B,1975
Band Of Gold,Freda Payne,B,1970
Band On The Run,Paul McCartney & Wings,B,1973
Bang A Gong (Get It On),T Rex,B,1971
Barbecutie,Sparks,B,1974
Bare Trees,Fleetwood Mac,B,1972
Bargain,The Who,B,1971
Barracuda,Heart,B,1977
Barrytown,Steely Dan,B,1974
Basketball Jones,Cheech & Chong,B,1973
Bastard,Ian Hunter,B,1979
Bastille Day,Rush,B,1975
Bat Out Of Hell,Meatloaf,B,1977
Battery Brides,XTC,B,1978
Battle Of Evermore,Led Zeppelin,B,1971
Battle Of Evermore,Led Zeppelin,B,1971
Battle Of Evermore,Led Zeppelin,B,1971
Battle Of Evermore,Led Zeppelin,B,1971
Be,Slade,B,1977
Be Free,Loggins & Messina,B,1974
Be Nice To Me,Todd Rundgren,B,1971
Be Thankful,Donovan Carless,B,1975
Be Thankful For What You Got,William DeVaughn,B,1974
Be-Bop-A-Lula,John Lennon,B,1975
Beanie G. & The Rose Tattoo,Hall & Oates,B,1974
Beast Of Burden,The Rolling Stones,B,1978
Beat Down Babylon,Junior Byles,B,1971
Beat On The Brat,The Ramones,B,1976
Beautiful,Carole King,B,1971
Beautiful Brother Of Mine,Curtis Mayfield,B,1971
Beautiful Sunday,Daniel Boone,B,1973
Beauty And The Beast,David Bowie,B,1977
Beauty Queen,Roxy Music,B,1973
Becalmed,Brian Eno,B,1975
Becalmed,Brian Eno,B,1975
Becalmed,Brian Eno,B,1975
Becalmed,Brian Eno,B,1975
Becalmed,Brian Eno,B,1975
Becalmed,Brian Eno,B,1975
Becalmed,Brian Eno,B,1975
Becalmed,Brian Eno,B,1975
Becalmed,Brian Eno,B,1975
Because The Night,Patti Smith,B,1978
Been Down So Long,The Doors,B,1971
Been To Caanan,Carole King,B,1972
Before The Deluge,Jackson Browne,B,1974
Before the Next Teardrop Falls,Freddy Fender,B,1978
Before They Make Me Run,The Rolling Stones,B,1978
Behind Blue Eyes,The Who,B,1971
Bela Lugosi's Dead,Bauhaus,B,1979
Believe In Me,Todd Rundgren,B,1970
Bell Bottom Blues,Derek & The Dominos,B,1970
Bell Boy,The Who,B,1979
Ben,Michael Jackson,B,1972
Benedictus,Strawbs,B,1972
Bennie and the Jets,Elton John,B,1973
Bermuda Triangle,Fleetwood Mac,B,1974
Bertha,Grateful Dead,B,1971
Best Of Both Worlds,Robert Palmer,B,1978
Best Of My Love,The Emotions,B,1977
Best Thing That Ever Happened To Me,Gladys Knight & the Pips,B,1973
Betcha By Golly Wow,The Stylistics,B,1971
Beth,Kiss,B,1976
Betrayal Takes Two,Richard Hell & The Voidoids,B,1977
"Better By You, Better Than Me",Judas Priest,B,1978
Between The Sheets,The Isley Brothers,B,
Beware Of Darkness,George Harrison,B,1970
Bicycle Race,Queen,B,1978
Big Bad Bill Is Sweet William Now,Ry Cooder,B,1978
Big Bottom,Spinal Tap,B,
Big Chief,Dr. John,B,1972
Big Day,Phil Manzanera,B,1975
Big Eyed Beans From Venus,Captain Beefheart,B,1972
"Big Kick, Plain Scrap!",Nick Lowe,B,1979
Big Road,Bonnie Raitt,B,1971
Big White Cloud,John Cale,B,1970
Big Yellow Taxi,Joni Mitchell,B,1970
Billericay Dickie,Ian Dury & The Blockheads,B,1977
Billion Dollar Babies,Alice Cooper,B,1973
Billy The Kid,Ry Cooder,B,1972
"Billy, Don't Be A Hero",Bo Donaldson & The Heywoods,B,1974
Biloxi,Jesse Winchester,B,1970
Bio,Chuck Berry,B,1973
Birdland,Patti Smith,B,1975
Birdland,Weather Report,B,1977
Birds Of Fire,Mahavishnu Orchestra,B,1973
Birmingham,Randy Newman,B,1974
Bitch,The Rolling Stones,B,1971
Bitches Brew,Miles Davis,B,1970
Bite The Bullet,Neil Young,B,1977
Bitterblue,Cat Stevens,B,1971
Black And White,Three Dog Night,B,1972
Black Betty,Ram Jam,B,1977
Black Cloud,Trapeze,B,1970
Black Country Rock,David Bowie,B,1970
Black Cow,Steely Dan,B,1977
Black Crow,Joni Mitchell,B,1976
Black Dog,Led Zeppelin,B,1971
Black Eyed Bruiser,Stevie Wright,B,1975
Black Friday,Steely Dan,B,1975
Black Magic Woman/Gypsy Queen,Santana,B,1970
Black Maria,Todd Rundgren,B,1975
Black Market,Weather Report,B,1976
Black Rose,Waylon Jennings,B,1973
Black Sabbath,Black Sabbath,B,1970
Black Sabbath,Black Sabbath,B,1970
Black Sabbath,Black Sabbath,B,1970
Black Sabbath,Black Sabbath,B,1970
Black Water,The Doobie Brothers,B,1974
Blame It On Cain,Elvis Costello,B,1977
Blame It On The Boogie,The Jacksons,B,1978
Blank Generation,Richard Hell & The Voidoids,B,1977
Bleeding,Todd Rundgren,B,1971
Blessed Relief,Frank Zappa,B,1972
Blinded By The Light,Bruce Springsteen,B,1972
Blinded By The Light,Manfred Mann,B,1976
Blitzkrieg Bop,The Ramones,B,1976
Blockhead,Devo,B,1979
Blockheads,Ian Dury & The Blockheads,B,1977
Blondes Have More Fun,Rod Stewart,B,1978
Bloody Mary Morning,Willie Nelson,B,1970
Bloody Well Right,Supertramp,B,1974
Blossom,James Taylor,B,1970
Blow Wind Blow,Dr. John,B,1972
Blue,Joni Mitchell,B,1971
Blue Boy,Joni Mitchell,B,1970
Blue Eyes Crying In The Rain,Willie Nelson,B,1975
Blue Letter,Fleetwood Mac,B,1975
Blue Money,Van Morrison,B,1970
"Blue Morning, Blue Day",Foreigner,B,1978
Blue Motel Room,Joni Mitchell,B,1976
Blue River,Eric Andersen,B,1972
Blue Skies,Willie Nelson,B,1978
Blue Sky,The Allman Brothers,B,1972
Blue Sunday,The Doors,B,1970
Bluebird,Paul McCartney & Wings,B,1973
Blues Power,Eric Clapton,B,1970
Bo Diddley,Bob Seger,B,1972
Bob Dylan Blues,Syd Barrett,B,1970
Bodhisattva,Steely Dan,B,1973
Bohemian Rhapsody,Queen,B,1975
Bombs Away,Bob Weir,B,1978
Boogie,John Hartford,B,1971
Boogie Down,Eddie Kendricks,B,1974
Boogie Nights,Heatwave,B,1976
Boogie On Reggae Woman,Stevie Wonder,B,1974
Boogie Ooogie Oogie,A Taste Of Honey,B,1978
Boogie Till You Puke,Root Boy Slim & The Sex Change Band,B,1978
Boogie With Stu,Led Zeppelin,B,1975
Boogie Woogie Bugle Boy,Bette Midler,B,1972
Book Of Rules,The Heptones,B,1976
Bootzilla,Bootsy Collins,B,1978
Border Song,Elton John,B,1970
Border Town,The Souther-Hillman-Furay Band,B,1974
Bored,Destroy All Monsters,B,1979
Boredom,Magazine,B,1978
Born Fighter,Nick Lowe,B,1979
Born In The 50's,The Police,B,1978
Born Late '58,Mott The Hoople,B,1974
Born Loose,Rod Stewart,B,1977
Born To Lose,The Heartbreakers,B,1977
Born To Run,Bruce Springsteen,B,1975
Both Ends Burning,Roxy Music,B,1975
Boulder To Birmingham,Emmylou Harris,B,1975
Box Of Rain,Grateful Dead,B,1970
Boxcars,Joe Ely,B,1978
Boy Blue,Electric Light Orchestra,B,1974
Boys Keep Swinging,David Bowie,B,1979
Bra,Cymande,B,1973
Brain Damage/Eclipse,Pink Floyd,B,1973
Brand New Cadillac,The Clash,B,1979
Brand New Key,Melanie,B,1971
Brandy (You're A Fine Girl),Looking Glass,B,1972
Brass Buttons,Gram Parsons,B,1974
Breadfan,Budgie,B,1973
Break It To Me Gently,Aretha Franklin,B,1977
Break Up To Make Up,The Stylistics,B,1972
Breakdown,The Alan Parsons Project,B,1977
Breakdown,Tom Petty & The Heartbreakers,B,1976
Breakfast In America,Supertramp,B,1979
Breaking Glass,David Bowie,B,1977
Breaking Up Is Hard To Do,Neil Sedaka,B,1975
Breezin',George Benson,B,1976
Brick House,The Commodores,B,1977
Brickyard Blues,Maria Muldaur,B,1974
Bridge Of Sighs,Robin Trower,B,1974
Bridge Over Troubled Water,Aretha Franklin,B,1971
Bridge Over Troubled Water,Simon & Garfunkel,B,1970
Bright Moments,Lonnie Liston Smith,B,1978
Bright Side Of The Road,Van Morrison,B,1979
Bring On The Night,The Police,B,1979
Bringing Home The Bacon,Procol Harum,B,1973
Brokedown Palace,Grateful Dead,B,1970
Broken English,Marianne Faithfull,B,1979
Broken Heart Blues,Frank Marino & Mahogany Rush,B,1977
Bron-Y-Aur Stomp,Led Zeppelin,B,1970
Brontosaurus,The Move,B,1970
Brooklyn (Owes The Charmer Under Me),Steely Dan,B,1972
Brother Louie,Stories,B,1973
Brothers Gonna Work It Out,Willie Hutch,B,1973
Brown Eyes,Axis,B,1978
Brown Sugar,The Rolling Stones,B,1971
Bruised Orange,John Prine,B,1978
Buckets of Rain,Bob Dylan,B,1975
Buffalo Soldier,Bob Marley & The Wailers,B,
Buick 48,Jools Holland,B,1978
Bulbs,Van Morrison,B,1974
Bungle In The Jungle,Jethro Tull,B,1974
Burial,Peter Tosh,B,1976
Burn Down The Mission,Elton John,B,1971
Burn It Down,Suicide Commandos,B,1978
Burn This Disco Out,Michael Jackson,B,1979
Burnin' Sky,Bad Company,B,1977
Burning Airlines Give You So Much More,Brian Eno,B,1974
Burning Love,Elvis Presley,B,1973
Bus Driver,Muddy Waters,B,1977
Bush Doctor,Peter Tosh,B,1978
Bustin' Out (On Funk),Rick James,B,1979
Buzzard,Armageddon,B,1975
Bye Bye Love,The Cars,B,1978
Bye-Bye,John Hartford,B,1972
Ca Plane Pour Moi,Plastic Bertrand,C,1977
Cadillac Walk,Mink DeVille,C,1977
Cakewalk Into Town,Taj Mahal,C,1972
Caldonia,B. B. King,C,1973
Caledonia Mission,The Band,C,1972
California,Joni Mitchell,C,1971
California,The Beach Boys,C,1973
California Blues,Dickey Betts & Great Southern,C,1977
California Man,Cheap Trick,C,1978
California Sun,The Ramones,C,1977
California Uber Alles,Dead Kennedys,C,
Call Me,Aretha Franklin,C,1970
Call Me (Come Back Home),Al Green,C,1973
Call Me Back Again,Wings,C,1975
Call Me the Breeze,J. J. Cale,C,1972
Call Me the Breeze,Lynyrd Skynyrd,C,1974
Call Me Up In Dreamland,Van Morrison,C,1970
Call On Me,Chicago,C,1974
Calling Occupants Of Interplanetary Craft,Klaatu,C,1976
Calypso,John Denver,C,1975
Camarillo Brillo,Frank Zappa,C,1973
Camellia,Hall & Oates,C,1975
Campaigner,Neil Young,C,1977
Can I Put You On,Elton John,C,1971
Can We Still Be Friends,Todd Rundgren,C,1978
Can You Get to That,Funkadelic,C,1971
Can You Understand,Renaissance,C,1973
Can't Be Satisfied,"Muddy Waters, Johnny Winter & James Cotton",C,1977
Can't Get It Out Of My Head,Electric Light Orchestra,C,1974
Can't Go Halfway,Harmonettes,C,1975
Can't Hide Love,Earth Wind & Fire,C,1975
Can't Keep It In,Cat Stevens,C,1972
Can't Lose What You Never Had,The Allman Brothers,C,1975
Can't Say Nothin',Curtis Mayfield,C,1973
Can't Stand Losing You,The Police,C,1978
Can't Stop My Love,Andy Pratt,C,1976
Can't You Hear Me Knockin',The Rolling Stones,C,1971
Can't You See,Marshall Tucker Band,C,1973
Candle In The Wind,Elton John,C,1973
Candy's Room,Bruce Springsteen,C,1978
Candyman,Grateful Dead,C,1970
Canned Music,Dan Hicks & The Hot Licks,C,1972
Captain Fantastic And The Brown Dirt Cowboy,Elton John,C,1975
Captain Jack,Billy Joel,C,1973
Car On A Hill,Joni Mitchell,C,1974
Car Wash,Rose Royce,C,1976
Caravan,The Band,C,1978
Caravan,Van Morrison,C,1970
Career Opportunites,The Clash,C,1979
Careering,Public Image Ltd.,C,1979
Carefree Highway,Gordon Lightfoot,C,1974
Carey,Joni Mitchell,C,1971
Carmelita,Warren Zevon,C,1976
Carnival,Eric Clapton,C,1976
Carol,The Rolling Stones,C,1970
Carolina In My Mind,James Taylor,C,1976
Caroline,Jefferson Starship,C,1974
Carouselambra,Led Zeppelin,C,1979
Carpet Of The Sun,Renaissance,C,1973
Carry Me,Crosby & Nash,C,1975
Carry On,Crosby Stills Nash & Young,C,1970
Carry On,Crosby Stills Nash & Young,C,1979
Carry On,Crosby Stills Nash & Young,C,1970
Carry On,Crosby Stills Nash & Young,C,1979
Carry On Wayward Son,Kansas,C,1976
Cars,Gary Numan,C,1979
Cars Hiss By My Window,The Doors,C,1971
Casey Jones,Grateful Dead,C,1970
Cassidy,Bob Weir,C,1972
Cat's In The Cradle,Harry Chapin,C,1974
Catch Me Now I'm Falling,The Kinks,C,1979
Cathedral,Crosby Stills & Nash,C,1977
Cats Under The Stars,Jerry Garcia,C,1978
Cecilia,Simon & Garfunkel,C,1970
Celebrate Me Home,Kenny Loggins,C,1977
Celestial Terrestrial Commuters,Mahavishnu Orchestra,C,1973
Celluloid Heroes,The Kinks,C,1972
Century City,Tom Petty & The Heartbreakers,C,1979
Chain Lightning,Steely Dan,C,1975
Chain Saw,The Ramones,C,1976
Chameleon,Herbie Hancock,C,1973
Change Partners,Stephen Stills,C,1971
Changes,Black Sabbath,C,1972
Changes,David Bowie,C,1971
Changes,Jimi Hendrix,C,1970
"Changes In Latitudes, Changes In Attitudes",Jimmy Buffett,C,1977
Changing of The Guards,Bob Dylan,C,1978
Charity Ball,Fanny,C,1971
Charley's Girl,Lou Reed,C,1975
Chase,Giorgio Moroder,C,1978
Chase Me,Con Funk Shun,C,1979
Chase The Devil,Max Romeo,C,1976
Cheap Sunglasses,ZZ Top,C,1979
Cheeseburger In Paradise,Jimmy Buffett,C,1978
Chelsea Hotel No. 2,Leonard Cohen,C,1974
Cheree,Suicide,C,1977
Cherry Ball Blues,Ry Cooder,C,1972
Cherry Blossom Clinic Revisited,The Move,C,1970
Cherry Bomb,The Runaways,C,1976
Cherry Oh Baby,The Rolling Stones,C,1976
Cherry Oh Baby,The Rolling Stones,C,1976
Cherry Oh Baby,The Rolling Stones,C,1976
Cherry Oh Baby,The Rolling Stones,C,1976
Cherry Oh Baby,Eric Donaldson,C,1971
Cherry Red,The Groundhogs,C,1971
Chestnut Mare,The Byrds,C,1970
Chevy Van,Sammy Johns,C,1973
Chicago,Graham Nash,C,1971
Chicago Boxcar (Boston Back),Fabulous Poodles,C,1978
Children Of The Revolution,T Rex,C,1972
Children Of The Sun,Billy Thorpe,C,1979
Chilli Dog,James Taylor,C,1972
China Cat / I Know You Rider,Grateful Dead,C,1972
China Girl,Iggy Pop,C,1977
China Grove,The Doobie Brothers,C,1973
Chinese Radiation,Pere Ubu,C,1978
Chinese Radiation,Pere Ubu,C,1978
Chinese Radiation,Pere Ubu,C,1978
Chinese Radiation,Pere Ubu,C,1978
Chinese Rocks,The Heartbreakers,C,1977
Christine Sixteen,Kiss,C,1977
Christmas Card From A Hooker In Minneapolis,Tom Waits,C,1978
Christmas Song,Jethro Tull,C,1972
Christmas Waltz,The Carpenters,C,1978
Chuck E's In Love,Rickie Lee Jones,C,1979
Cindy Incidentally,Faces,C,1973
Cinema Show,Genesis,C,1977
Circus Of Heaven,Yes,C,1978
Cisco Kid,War,C,1972
Cities,Talking Heads,C,1979
Citizen Kane,The Byrds,C,1971
City Of New Orleans,Arlo Guthrie,C,1972
City Of New Orleans,Steve Goodman,C,1971
"City, Country, City",War,C,1972
Clampdown,The Clash,C,1979
Clap For The Wolfman,The Guess Who,C,1974
Clarence In Wonderland,Kevin Ayres,C,1970
Clash City Rockers,The Clash,C,1979
Clean Up Woman,Betty Wright,C,1972
Clear Days,Yes,C,1970
Clear Spot,Captain Beefheart,C,1972
Cletus Awreetus Awrightus,Frank Zappa,C,1972
Cleveland Rocks,Ian Hunter,C,1979
Clever Trever,Ian Dury & The Blockheads,C,1977
Close To The Edge,Yes,C,1972
Close To The Edge,Yes,C,1972
Close To The Edge,Yes,C,1972
Close To The Edge,Yes,C,1972
Close To You,The Carpenters,C,1970
Closer To The Heart,Rush,C,1977
Closing Time,Tom Waits,C,1973
Coal Miner's Daughter,Loretta Lynn,C,1970
Cocaine,Eric Clapton,C,1977
Cocaine,J. J. Cale,C,1976
Cocaine,Jackson Browne,C,1977
Coconut,Harry Nilsson,C,1971
Cold As Ice,Foreigner,C,1977
Cold Blue Steel And Sweet Fire,Joni Mitchell,C,1972
Cold Morning Light,Todd Rundgren,C,1975
Cold Rain,Crosby Stills & Nash,C,1977
Cold Wind In August,Van Morrison,C,1977
"Cold, Cold, Cold",Little Feat,C,1972
Coliseum Rock / It's A Riot,Starz,C,1978
Come A Little Bit Closer,Fleetwood Mac,C,1974
Come And Get It,Badfinger,C,1970
Come And Get Your Love,Redbone,C,1973
Come And Go Blues,The Allman Brothers,C,1973
Come Back Jonee,Devo,C,1978
Come Dancing,Jeff Beck,C,1976
Come Down In Time,Elton John,C,1971
Come Get To This,Marvin Gaye,C,1973
Come Go With Me,The Staple Singers,C,1973
Come Monday,Jimmy Buffett,C,1974
Come On Baby Let's Go Downtown,Neil Young,C,1975
Come On Get Happy,The Partridge Family,C,1972
"Come On, Come Over",Jaco Pastorius,C,1976
Come Running,Van Morrison,C,1970
Come Sail Away,Styx,C,1977
Come Together,Aerosmith,C,1978
Come Together,Brothers Johnson,C,1976
Comes A Time,Neil Young,C,1978
Comfortably Numb,Pink Floyd,C,1979
Comin' Home,Delaney & Bonnie,C,1972
Concrete Jungle,Bob Marley & The Wailers,C,1973
Coney Island Baby,Lou Reed,C,1975
Confusion,Stevie Wonder,C,1976
Congoman,The Congos,C,1977
Congratulations,Paul Simon,C,1972
Conquistador,Procol Harum,C,1972
Constantinople,The Residents,C,1978
Contort Yourself,James White And The Blacks,C,1979
Conversation,Joni Mitchell,C,1970
Convoy,C.W. McCall,C,1975
Cookies,Brother Soul,C,1974
Cool Change,Little River Band,C,1979
Cool For Cats,Squeeze,C,1979
Cool Metro,David Johansen,C,1978
Copacabana (At the Copa),Barry Manilow,C,1978
Corners Without Exits,Hot Tuna,C,1974
Cortez The Killer,Neil Young,C,1975
Cosmic Slop,Funkadelic,C,1973
Cosmik Debris,Frank Zappa,C,1974
Could Heaven Ever Be Like This,Idris Muhammed,C,1977
Could It Be I'm Falling In Love,The Spinners,C,1973
Couldn't Get It Right,Climax Blues Band,C,1976
Couldn't I Just Tell You,Todd Rundgren,C,1975
Count On Me,Jefferson Starship,C,1978
Country Comfort,Elton John,C,1971
Country Girl,Crosby Stills Nash & Young,C,1970
Country Road,James Taylor,C,1970
County Fair,Joe Walsh,C,1974
Court & Spark,Joni Mitchell,C,1974
Covered Up In Aces,Elizabeth Barraclaugh,C,1978
Cowboy Song,Thin Lizzy,C,1976
Coyote,Joni Mitchell,C,1976
Cracked Actor,David Bowie,C,1973
Crackerbox Palace,George Harrison,C,1976
Cracking Up,Nick Lowe,C,1979
Cracklin' Rosie,Neil Diamond,C,1970
Crash Course In Brain Surgery,Budgie,C,1974
Crawling From The Wreckage,Dave Edmunds,C,1979
Crazy Baldhead,Bob Marley & The Wailers,C,1976
Crazy Feeling,Lou Reed,C,1975
Crazy Fingers,Grateful Dead,C,1975
Crazy Little Thing Called Love,Queen,C,1979
Crazy Love,The Allman Brothers,C,1979
Crazy Love,Van Morrison,C,1970
Crazy Mama,J. J. Cale,C,1972
Crazy Mama,The Rolling Stones,C,1976
Crazy On You,Heart,C,1976
Creepin',Kenny Rankin,C,1975
Creepin',Stevie Wonder,C,1974
Crime Of The Century,Supertramp,C,1974
Cripple Creek,Leo Kottke,C,1971
Crippled Inside,John Lennon,C,1971
Crisis,Bob Marley & The Wailers,C,1978
Crocodile Rock,Elton John,C,1973
Cross-eyed Mary,Jethro Tull,C,1971
Crosseyed Cat,Muddy Waters,C,1977
Crow,Dan Fogelberg,C,1975
Crow Black Chicken,Ry Cooder,C,1972
Cruel To Be Kind,Nick Lowe,C,1979
Cruel To Be Kind (original Version),Nick Lowe,C,1978
Cruise Control,Dixie Dregs,C,1977
Cruisin',Michael Nesmith,C,1979
Cruisin',Smokey Robinson,C,1979
Cry Baby,Janis Joplin,C,1971
Cry For The Bad Man,Lynyrd Skynyrd,C,1976
Cry Me A River,Joe Cocker,C,1970
Cry Tough,Nils Lofgren,C,1976
Crying Blind,Jimmy Reed,C,1977
Crystal Closet Queen,Leon Russell,C,1971
Crystal Silence,Return To Forever,C,1972
Cuckoo Cocoon,Genesis,C,1974
Cumberland Blues,Grateful Dead,C,1970
Custard Pie,Led Zeppelin,C,1975
Cut Across Shorty,Rod Stewart,C,1970
Cut My Hair,The Who,C,1979
Cut The Cake,Average White Band,C,1975
D.I.Y.,Peter Gabriel,D,1978
D.O.A.,Bloodrock,D,1970
D'yer Mak'er,Led Zeppelin,D,1973
Da Do Ron Ron,Dave Edmunds,D,1975
Da Do Ron Ron,Shaun Cassidy,D,1976
Daisy Jane,America,D,1975
Damaged Goods,Gang Of Four,D,1979
Dance Away,Roxy Music,D,1979
Dance Little Sister,The Rolling Stones,D,1974
Dance On A Volcano,Genesis,D,1976
Dance Sister Dance,Santana,D,1976
Dance This Mess Around,B-52's,D,1979
Dance With Me,Orleans,D,
Dancin' Fool,Frank Zappa,D,1979
Dancin' In The Streets,Grateful Dead,D,
Dancing Barefoot,Patti Smith,D,
Dancing Days,Led Zeppelin,D,1973
Dancing In The Moonlight,King Harvest,D,1973
Dancing In The Moonlight,Thin Lizzy,D,1977
Dancing Machine,Jackson 5,D,1974
Dancing Madly Backwards,Captain Beyond,D,1972
Dancing Queen,Abba,D,1976
Dancing With Mr. D,The Rolling Stones,D,1973
Dancing With The Moonlight Knight,Genesis,D,1973
Danger Man,David Bromberg,D,1974
Dangerous Type,The Cars,D,1979
Daniel,Elton John,D,1973
Danny's All-Star Joint,Rickie Lee Jones,D,1979
Dark Eyed Cajun Woman,The Doobie Brothers,D,1973
Dark Horse,George Harrison,D,1974
Dark Lady,Cher,D,1974
Dark Star,Crosby Stills & Nash,D,1977
Darkness On The Edge Of Town,Bruce Springsteen,D,1978
"Darlin' Darlin' Baby (Sweet, Tender, Love)",The O'Jays,D,1976
Dave,Cheech & Chong,D,
David Watts,The Jam,D,1978
Day After Day,Badfinger,D,
Day By Day,Godspell Cast,D,1974
Day Dreaming,Aretha Franklin,D,1972
Day Of The Eagle,Robin Trower,D,1974
Day Or Night,Little Feat,D,1975
Dayride,Return To Forever,D,1975
Days,Television,D,1978
Dazz,Brick,D,1976
Deacon Blues,Steely Dan,D,1977
Dead End Justice,The Runaways,D,1976
Dead Flowers,The Rolling Stones,D,1971
Dead Skunk,Loudon Wainwright III,D,1972
Deal,Jerry Garcia,D,
Deal With The Preacher,Bad Company,D,1975
Dealer,Deep Purple,D,1975
Dealer,John Martyn,D,1977
Dean,Terry Reid,D,1973
Dear Abby,John Prine,D,1973
Death Disco,Public Image Ltd.,D,
Death May Be Your Santa Claus,Mott The Hoople,D,1971
Death or Glory,The Clash,D,1979
"December, 1963 (Oh What A Night)",The Four Seasons,D,1975
Dedication,Pat Travers,D,1977
Deep Down In Florida,Muddy Waters,D,1977
Deja Vu,Crosby Stills Nash & Young,D,
Delta Dawn,Helen Reddy,D,
Delta Lady,Leon Russell,D,
Denis,Blondie,D,1978
Dependin' On You,The Doobie Brothers,D,1978
Desperado,The Eagles,D,1973
Desperados Under The Eaves,Warren Zevon,D,1976
Desperados Waiting For The Train,Jerry Jeff Walker,D,
Deteriorata,National Lampoon,D,1973
Detroit Breakdown,The J. Geils Band,D,1974
Detroit Rock City,Kiss,D,1976
Deuce,Kiss,D,1974
Deuce,Kiss,D,1974
Deuce,Kiss,D,1974
Deuce,Kiss,D,1974
Devil's Gun,C.J.& Co.,D,
Diamond Dogs,David Bowie,D,1974
Diamond Girl,Seals & Crofts,D,1973
Diamonds And Rust,Joan Baez,D,1975
Diamonds On My Windshield (Looking For),Tom Waits,D,1974
Did You Go Downtown,Joy Of Cooking,D,
Diddy Wah Diddy,Leon Redbone,D,
Dig A Pony,The Beatles,D,1970
Digital,Joy Division,D,
Dimming Of The Day,Richard & Linda Thompson,D,
Dinah Flo,Boz Scaggs,D,1972
"Ding Dong, Ding Dong",George Harrison,D,1974
Dirt,The Stooges,D,
Dirty Business,New Riders Of The Purple Sage,D,
Dirty Business,New Riders Of The Purple Sage,D,
Dirty Deeds Done Dirt Cheap,AC/DC,D,1976
Dirty Dirty,Crazy Horse,D,1971
Dirty Love,Frank Zappa,D,1973
Dirty Water,The Inmates,D,1979
Dirty Work,Steely Dan,D,1972
Disco Boy,Frank Zappa,D,1976
Disco Duck,Rick Dees,D,
Disco Inferno,The Trammps,D,1977
Disco Lady,Johnnie Taylor,D,
Discovering Japan,Graham Parker,D,1979
Disney Girls (1957),The Beach Boys,D,1971
Disorder,Joy Division,D,1979
Dixie Chicken,Little Feat,D,1973
Dizzy Dizzy World,Timmy Thomas,D,
Do Anything You Wanna Do,Eddie & The Hot Rods,D,1977
Do It '77,Twink & The Fairies,D,
Do It ('til Your Satisfied),B. T. Express,D,
Do It Again,Steely Dan,D,1972
Do It Anyway You Wanna,The People's Choice,D,
Do That Stuff,Parliament,D,
Do That To Me One More Time,Captain & Tennille,D,1979
Do The Do,Howlin' Wolf,D,1971
Do The Strand,Roxy Music,D,1973
Do Ya,Electric Light Orchestra,D,1976
Do Ya,The Move,D,
Do Ya Think I'm Sexy?,Rod Stewart,D,1978
Do You Feel Like We Do,Peter Frampton,D,1976
Do You Know What I Mean,Lee Michaels,D,
Do You Love Me?,Kiss,D,1976
Do You Wanna Dance?,The Ramones,D,1977
Do Your Thing,Isaac Hayes,D,
Doctor My Eyes,Jackson Browne,D,1972
Doctor Wu,Steely Dan,D,1975
Does This Bus Stop At 82nd Street,Bruce Springsteen,D,1972
Dogs,Pink Floyd,D,1977
Doing It To Death,James Brown,D,
Domino,Van Morrison,D,1970
Don Juan's Reckless Daughter,Joni Mitchell,D,1977
Don't Ask Me No Questions,Lynyrd Skynyrd,D,1974
Don't Ask Me Questions,Graham Parker,D,1976
Don't Be Denied,Neil Young,D,
Don't Bring Me Down,Electric Light Orchestra,D,1979
Don't Come Close,The Ramones,D,
Don't Cry No Tears,Neil Young,D,
Don't Do It,The Band,D,
Don't Do Me Like That,Tom Petty & The Heartbreakers,D,1979
Don't Eat The Yellow Snow,Frank Zappa,D,1974
Don't Give Up On Us,David Soul,D,
Don't Go Breaking My Heart,Elton John,D,1974
Don't Hold Back,The Alan Parsons Project,D,1979
Don't Interrupt The Sorrow,Joni Mitchell,D,1975
Don't It Make My Brown Eyes Blue,Crystal Gayle,D,1977
Don't Keep Me Wonderin',The Allman Brothers,D,1970
Don't Kill The Whale,Yes,D,1978
Don't Knock My Love (Part 1),Wilson Pickett,D,1971
Don't Know Why,Eric Clapton,D,1970
Don't Leave Me Alone With Her,Daryl Hall,D,
Don't Leave Me This Way,Thelma Houston,D,1976
Don't Let It Bring You Down,Crosby Stills Nash & Young,D,
Don't Let It Bring You Down,Neil Young,D,1970
Don't Let Me Be Lonely Tonight,James Taylor,D,1976
Don't Let Nobody,Eggs Over Easy,D,
Don't Let The Sun Go Down On Me,Elton John,D,1974
Don't Lie To Me,Big Star,D,
Don't Look Back,Boston,D,
Don't Look Back,Peter Tosh,D,1978
Don't Mess Up A Good Thing,Ry Cooder,D,1979
Don't Play That Song (You Lied),Aretha Franklin,D,1970
Don't Pull Your Love,"Hamilton, Joe Frank & Reynolds",D,
Don't Say You Don't Remember,Beverly Bremers,D,
Don't Stop,Fleetwood Mac,D,1977
Don't Stop 'til You Get Enough,Michael Jackson,D,1979
Don't Stop Me Now,Queen,D,1978
Don't Take Me Alive,Steely Dan,D,1976
Don't Try To Lay No Boogie Woogie (On The King Of Rock & Roll),Long John Baldry,D,
Don't Wait Up For Me,The Beat,D,
Don't Want To Know,John Martyn,D,1973
Don't Worry,Eddie Money,D,1977
Don't Worry About The Government,Talking Heads,D,1977
Don't You Feel Small,The Moody Blues,D,1970
Don't You Worry Bout A Thing,Stevie Wonder,D,1973
Doo Doo Doo Doo Doo (Heartbreaker),The Rolling Stones,D,1973
Double Trouble,Lynyrd Skynyrd,D,
Down At The Rock And Roll Club,Richard Hell & The Voidoids,D,
Down At The Tube Station At Midnight,The Jam,D,1978
Down Below The Borderline,Little Feat,D,1975
Down By The Lazy River,The Osmonds,D,1971
Down By The River,Buddy Miles,D,
Down By The Seaside,Led Zeppelin,D,1975
Down Down Down,Dave Edmunds,D,1972
Down In The Flood,Bob Dylan,D,
Down In The Park,Gary Numan & Tubeway Army,D,1979
Down On The Street,The Stooges,D,
Down The Road,Little Feat,D,1979
Down To The Nightclub,Tower Of Power,D,
Down To The Waterline,Dire Straits,D,1978
Down To You,Joni Mitchell,D,1974
Down Where The Drunkards Roll,Richard & Linda Thompson,D,1974
Downpressor Man,Peter Tosh,D,1977
Downtown,B-52's,D,1979
Downtown,Crazy Horse,D,1971
Draggin' The Line,Tommy James & The Shondells,D,
Draw The Line,Aerosmith,D,1977
Dreadlock Holiday,10cc,D,1978
Dream Baby Dream,Suicide,D,
Dream On,Aerosmith,D,1973
Dream Weaver,Gary Wright,D,1975
Dreamer,Supertramp,D,1974
Dreamin',Gruppo Sportivo,D,
Dreaming,Blondie,D,1979
Dreams,Fleetwood Mac,D,1977
Dreams I'll Never See,Molly Hatchet,D,1978
Drift Away,Dobie Gray,D,1973
Drive Back,Neil Young,D,
Drive-in Saturday,David Bowie,D,1973
Driver's Seat,Sniff N The Tears,D,1978
Drivin' Sister,Mott The Hoople,D,
Drivin' Wheel,Foghat,D,1976
Drowning On Land,O.V. Wright,D,
Drunk On The Moon,Tom Waits,D,1974
Dub Housing,Pere Ubu,D,1978
Dueling Banjos,Eric Weissberg,D,1973
Duncan,Paul Simon,D,1972
Dust In The Wind,Kansas,D,1977
Dust Yourself Off,Pleasure,D,
E.S.P.,The Buzzcocks,E,1978
E.T.I. (Extra Terrestrial Intelligence),Blue Oyster Cult,E,1976
Early 1970,Ringo Starr,E,
Early In The Morning,Harry Nilsson,E,1971
East Bound & Down,Jerry Reed,E,1977
East St. Louis Toodle-Oo,Steely Dan,E,1974
Easy,The Commodores,E,1977
Easy From Now On,Emmylou Harris,E,1978
Easy Livin',Uriah Heep,E,1972
Easy Money,Lowell George,E,
Easy Now,Eric Clapton,E,1970
Easy Now,Hot Tuna,E,1974
Easy Skanking,Bob Marley & The Wailers,E,1978
Easy To Slip,Little Feat,E,1972
Easy Wind,Grateful Dead,E,1970
Eat That Question,Frank Zappa,E,
Eat to the Beat,Blondie,E,1979
Ebony Eyes,Bob Welch,E,1977
Echoes,Pink Floyd,E,1971
Eclipse Of The Sun,Monty Python,E,
Ecology Song,Stephen Stills,E,1971
Edith And The Kingpin,Joni Mitchell,E,1975
Editions of You,Roxy Music,E,1973
Effervescing Elephant,Syd Barrett,E,1970
Eggplant,Michael Franks,E,1976
El Condor Pasa (If I Could),Simon & Garfunkel,E,
El Diablo,ZZ Top,E,1976
Elderberry Wine,Elton John,E,1973
Elected,Alice Cooper,E,1973
Eleventh Earl Of Mar,Genesis,E,1976
Elo Kiddies,Cheap Trick,E,
Emerald Eyes,Fleetwood Mac,E,1973
Emma,Hot Chocolate,E,1974
Emotion,Samantha Sang,E,1978
Empty Pages,Traffic,E,1970
Energy Fools The Magician,Brian Eno,E,1977
Enjoy What You Have,Poobah,E,
Enjoy Yourself,The Jacksons,E,1976
Eres Tu (Touch The Wind),Mocedades,E,
Eruption,Van Halen,E,1978
Escape (The Pina Colada Song),Rupert Holmes,E,1979
Estimated Prophet,Grateful Dead,E,
Europe Endless,Kraftwerk,E,1977
Even The Losers,Tom Petty & The Heartbreakers,E,1979
Ever Fallen In Love?,The Buzzcocks,E,
Evergreen (Love Theme from A Star Is Born),Barbra Streisand,E,
Every 1's A Winner,Hot Chocolate,E,1978
Every Day's A Lovely Day,Gulliver,E,
Every Kind Of People,Robert Palmer,E,1978
Every Night,Paul McCartney,E,1970
Every Picture Tells A Story,Rod Stewart,E,1971
Everybody Dance,Chic,E,1977
Everybody Knows,Willie Alexander And The Boom Boom Band,E,
Everybody Loves The Sunshine,Roy Ayers,E,
Everybody Plays The Fool,The Main Ingredient,E,
Everybody's A Star,The Kinks,E,
Everybody's Everything,Santana,E,
Everybody's Happy Nowadays,The Buzzcocks,E,
Everyone,Van Morrison,E,1970
Everyone's Gone To The Movies,Steely Dan,E,1975
Everything I Do Goin' Be Funky,Don Covay,E,
Everything I Do Gonna Be Funky,Lou Donaldson,E,
Everything Is Beautiful,Ray Stevens,E,
Everything's Coming Our Way,Santana,E,1971
Evil Woman,Electric Light Orchestra,E,1975
Ex-Lion Tamer,Wire,E,1977
Excitable Boy,Warren Zevon,E,1978
Exodus,Bob Marley & The Wailers,E,1977
Expansions,Lonnie Liston Smith,E,
Express,B. T. Express,E,
Express Yourself,Charles Wright & The Watts 103rd Street Rhythm Band,E,
Eyes Of The World,Grateful Dead,E,
Face The Fire,Dan Fogelberg,F,1979
Factory,Bruce Springsteen,F,1978
Fade Away And Radiate,Blondie,F,
Fairies Wear Boots,Black Sabbath,F,1970
Fairytale In The Supermarket,The Raincoats,F,1979
Fall In Philadelphia,Hall & Oates,F,
Fallen Eagle,Stephen Stills,F,1972
Fallin' In Love,"Hamilton, Joe Frank & Reynolds",F,
Fallin' In Love,The Souther-Hillman-Furay Band,F,
Fallin' Rain,Link Wray,F,1971
Fame,David Bowie,F,1975
Family Affair,Sly & The Family Stone,F,1971
Famous Blue Raincoat,Leonard Cohen,F,1971
Fan Club,The Damned,F,1977
Fantastic Man,William Onyeabor,F,
Fantasy Satisfier,Spooky Tooth,F,1974
Far Away Eyes,The Rolling Stones,F,1978
Far East Man,George Harrison,F,1974
Fascination,David Bowie,F,1975
Fast Buck Freddie,Jefferson Starship,F,1975
Fat Man In The Bathtub,Little Feat,F,1973
Father & Son,Cat Stevens,F,1970
Father To Son,Queen,F,1974
Fear Is A Man's Best Friend,John Cale,F,1974
Fearless,Pink Floyd,F,1971
Feats Don't Fail Me Now,Little Feat,F,1979
Feel,Big Star,F,
Feel Flows,The Beach Boys,F,1971
Feel Like A Number,Bob Seger & The Silver Bullet Band,F,1978
Feel Like Makin' Love,Roberta Flack,F,1975
Feelin' Alright,Joe Cocker,F,1970
Feelin' Alright With The Crew,Nine Nine Nine,F,
Feeling That Way,Journey,F,1978
Feelings,Morris Albert,F,
Feels So Good,Chuck Mangione,F,1977
Fencewalk,Mandrill,F,
Ffun,Con Funk Shun,F,1977
Fight From The Inside,Queen,F,1977
Fight The Power (Parts 1 & 2),The Isley Brothers,F,
Find The Cost of Freedom,Crosby Stills Nash & Young,F,
Fingerprint File,The Rolling Stones,F,1974
Fins,Jimmy Buffett,F,1979
Fire,Ohio Players,F,1974
Fire,The Pointer Sisters,F,1978
Fire And Rain,James Taylor,F,1970
Fire And Water,Free,F,1970
Fire Eater,Three Dog Night,F,1970
Fire In The Hole,Steely Dan,F,1972
Fire On High,Electric Light Orchestra,F,1975
Fire On The Mountain,Grateful Dead,F,1978
First I Look At The Purse,The J. Geils Band,F,1972
Firth of Fifth,Genesis,F,1973
Fish,The Damned,F,1977
Fish And Whistle,John Prine,F,1978
Fisherman,The Congos,F,
Five Years,David Bowie,F,
Flaming Youth,Kiss,F,1976
Flashlight,Parliament,F,
Flat-Foot Flewzy,NRBQ,F,
Flight Time,Donald Byrd,F,1973
Flow Motion,Can,F,1976
Fly By Night,Rush,F,1975
Fly Like An Eagle,Steve Miller,F,1976
Fly Robin Fly,Silver Convention,F,1975
Flyin' High (In The Friendly Sky),Marvin Gaye,F,1971
Flyin' Shoes,Townes Van Zandt,F,
Flying,Strawbs,F,
Flying Saucer Blues,Joy Of Cooking,F,
Flying Turkey Trot,REO Speedwagon,F,1976
FM,Steely Dan,F,1978
Follow You Follow Me,Genesis,F,1978
Fool For The City,Foghat,F,1975
Fool In The Rain,Led Zeppelin,F,1979
Fool To Cry,The Rolling Stones,F,1976
Fool's Gold,Graham Parker,F,
Fooled Again (I Don't Like It),Tom Petty & The Heartbreakers,F,1976
Fooled Around & Fell In Love,Elvin Bishop,F,1975
Fools In Love,Joe Jackson,F,1979
Footstompin' Music,Grand Funk Railroad,F,1971
Fopp,Ohio Players,F,1975
For A Dancer,Jackson Browne,F,1974
For Everyman,Jackson Browne,F,1973
For The Good Times,Kris Kristofferson,F,
For The Love Of Money,The O'Jays,F,1973
For The Love Of You,John Holt,F,
For The Love Of You,The Isley Brothers,F,
For The Roses,Joni Mitchell,F,1972
For The Turnstiles,Neil Young,F,1974
For You,Bruce Springsteen,F,1972
For You,Greg Kihn,F,
For You Blue,The Beatles,F,1970
For Your Life,Led Zeppelin,F,1976
Foreplay / Long Time,Boston,F,1976
Forever Young,Bob Dylan,F,
Fountain Of Sorrow,Jackson Browne,F,1974
Four Sticks,Led Zeppelin,F,1971
Fourty Days,Billy Brooks,F,
Fox Hole,Television,F,1978
Fox On The Run,Sweet,F,1975
Foxy Foxy,Mott The Hoople,F,
Frankenstein,Edgar Winter Group,F,1972
Franklin's Tower,Grateful Dead,F,1975
Franz Schubert,Kraftwerk,F,1977
Freddie's Dead,Curtis Mayfield,F,1972
Frederick,Patti Smith,F,
Free Bird,Lynyrd Skynyrd,F,1973
Free Four,Pink Floyd,F,1972
Free Man In Paris,Joni Mitchell,F,1974
Free Money,Patti Smith,F,1975
Free Ride,Edgar Winter,F,1972
Free Ride,Nick Drake,F,1972
Freeway Jam,Jeff Beck,F,1975
Frenchette,David Johansen,F,
Fresh Air,Quicksilver Messenger Service,F,1970
Friction,Television,F,1977
Friend Of The Devil,Grateful Dead,F,1970
Friends,Led Zeppelin,F,1970
Friends & Strangers,Ronnie Laws,F,1977
Frightened,The Fall,F,1979
From A Whisper To A Scream,Robert Palmer,F,1974
From The Beginning,Emerson Lake & Palmer,F,1972
From The Morning,Nick Drake,F,1972
From The Sun To The World,Electric Light Orchestra,F,
Frustrated,The Knack,F,1979
Full Force Gale,Van Morrison,F,1979
Full Moon Turn My Head Around,Off Broadway,F,1979
Full Of Fire,Al Green,F,1976
Fundamentally Yours,Stackridge,F,1974
Funeral For A Friend/Love Lies Bleeding,Elton John,F,1973
Funeral For A Friend/Love Lies Bleeding,Elton John,F,1973
Funeral For A Friend/Love Lies Bleeding,Elton John,F,1973
Funeral For A Friend/Love Lies Bleeding,Elton John,F,1973
Funk #49,James Gang,F,1970
Funkentelechy,Parliament,F,1977
Funkier Than A Mosquito's Tweeter,Ike & Tina Turner,F,1970
Funky,Chambers Brothers,F,
Funky But Chic,David Johansen,F,
Funky Drummer,James Brown,F,
Funky Kingston,Toots & The Maytals,F,1973
Funky Music (Is A Part Of Me),Luther,F,
Funky Music Sho' Nuff Turns Me On,Edwin Starr,F,
Funky Nassau,The Beginning Of The End,F,
Funky President,James Brown,F,1974
Funky Pretty,The Beach Boys,F,1973
Funky Stuff,Kool & The Gang,F,
Funky Worm,Ohio Players,F,1972
Funkytown,"Lipps, Inc.",F,
Funny How Love Is,Queen,F,1974
Funtime,Iggy Pop,F,1977
Future Games,Fleetwood Mac,F,1971
Future Shock,Curtis Mayfield,F,
Future Shock,The Hello People,F,1974
Gamblin' Man,Bonnie Raitt,G,1977
Games People Play,The Spinners,G,1975
Garden Party,Ricky Nelson,G,1972
Gasoline Alley,Rod Stewart,G,1970
Gator Country,Molly Hatchet,G,1978
Generation Landslide,Alice Cooper,G,1973
Georgia On My Mind,Willie Nelson,G,1978
Georgy Porgy,Toto,G,1978
Get 'em Out By Friday,Genesis,G,1972
Get Back,The Beatles,G,1970
Get Closer,Seals & Crofts,G,1976
Get Down,Curtis Mayfield,G,1971
Get Down,War,G,1971
Get Down And Get With It,Slade,G,
Get Down Tonight,KC and the Sunshine Band,G,1975
"Get Down, Get Down",Joe Simon,G,
"Get Down, Make Love",Queen,G,1977
"Get Down, Make Love",Queen,G,1977
"Get Down, Make Love",Queen,G,1977
"Get Down, Make Love",Queen,G,1977
Get It Right The First Time,Billy Joel,G,1977
Get It While You Can,Janis Joplin,G,1971
"Get Me Back On Time, Engine Number 9",Wilson Pickett,G,
Get Off,Foxy,G,
Get On The Good Foot,James Brown,G,
Get Out Of Denver,Bob Seger,G,
Get Out Of My Life Woman,Mighty Diamonds,G,
Get Over You,The Undertones,G,1978
Get Ready,Eric Clapton,G,1974
Get Ready For The Get Down,Willie Hutch,G,
Get Rhythm,NRBQ,G,1978
Get The Funk Out Ma Face,Brothers Johnson,G,
Get Up & Get Down,The Dramatics,G,
Get Up I Feel Like Being A Sex Machine,James Brown,G,
Get Up Offa That Thing,James Brown,G,
"Get Up, Get Into It, And Get Involved",James Brown,G,1970
"Get Up, Stand Up",Bob Marley & The Wailers,G,1973
Get Used To It,Roger Voudouris,G,
Getaway,Earth Wind & Fire,G,1976
Gettin' In Tune,The Who,G,1971
Ghost Dance,Patti Smith,G,1978
Ghost Rider,Suicide,G,
Ghostwriter,Garland Jeffreys,G,
Gimme Back My Bullets,Lynyrd Skynyrd,G,1976
Gimme Danger,Iggy & The Stooges,G,1973
Gimme Dat Ding,The Pipkins,G,1971
Gimme Gimme Shock Treatment,The Ramones,G,1977
Gimme Shelter,Merry Clayton,G,
Gimme Some Truth,John Lennon,G,1971
Gimme The Goods,Boz Scaggs,G,1977
Gimme Three Steps,Lynyrd Skynyrd,G,1973
Gimme Your Money Please,Bachman-Turner Overdrive,G,1973
Girl Of My Dreams,Bram Tchaikovsky,G,1979
Girlfriend,The Modern Lovers,G,
Girls Don't Like It,The Undertones,G,1978
Girls Don't Like It,The Undertones,G,1978
Girls Don't Like It,The Undertones,G,1978
Girls Don't Like It,The Undertones,G,1978
Girls Talk,Dave Edmunds,G,1979
Give A Little Bit,Supertramp,G,1977
Give It To Me,The J. Geils Band,G,1973
Give It Up,Curtis Mayfield,G,1970
Give It Up Or Let Me Go,Bonnie Raitt,G,1972
Give Me An Inch,Robert Palmer,G,1975
Give Me Just A Little More Time,Chairmen Of The Board,G,1970
Give Me Love,George Harrison,G,1973
Give Me Strength,Eric Clapton,G,1974
Give The People What They Want,The O'Jays,G,
Give Up The Funk (Tear The Roof Off The Sucker),Parliament,G,1975
Glad,Traffic,G,1970
Glad All Over,The Rezillos,G,1978
Glad And Sorry,Faces,G,1973
Glad Tidings,Van Morrison,G,1970
Glendale Train,New Riders Of The Purple Sage,G,
Gloria,Patti Smith,G,1975
Glory,Television,G,1978
Go All The Way,The Raspberries,G,
Go Away Little Girl,Donny Osmond,G,
Go Back Home,Stephen Stills,G,1970
Go Your Own Way,Fleetwood Mac,G,1977
God,John Lennon,G,1970
God Gave Rock And Roll To You,Argent,G,1973
God Is Love,Marvin Gaye,G,1971
God Save The Queen,The Sex Pistols,G,1977
Godzilla,Blue Oyster Cult,G,1977
Goin' Back,Nils Lofgren,G,
Goin' Down To Laurel,Steve Forbert,G,1978
Goin' To Acapulco,Bob Dylan And The Band,G,
Going Down,Freddie King,G,
Going Down,Jeff Beck,G,1972
Going For The One,Yes,G,1977
Going Mobile,The Who,G,1971
Going To California,Led Zeppelin,G,1971
Going To The Country,Steve Miller Band,G,1970
"Going, Going, Gone",Bob Dylan,G,
Gold,John Stewart,G,
Gold Dust Woman,Fleetwood Mac,G,1977
Golden Lady,Stevie Wonder,G,1973
Golden Years,David Bowie,G,1976
Golf Girl,Caravan,G,
Gone At Last,Paul Simon,G,1975
Gone Dead Train,Crazy Horse,G,1971
Gone Gone Gone,Bad Company,G,1979
Gonna Change My Way Of Thinking,Bob Dylan,G,1979
Good Company,Queen,G,1975
Good Day In Hell,The Eagles,G,1974
Good Enough,Bonnie Raitt,G,1975
Good Girls Don't,The Knack,G,1979
Good Love,Isaac Hayes,G,
Good Lovin',Grateful Dead,G,1978
Good Morning Heartache,Diana Ross,G,1972
Good Morning Little School Girl,Muddy Waters,G,1978
Good News,The American Dream,G,
Good Rocking Tonight,Montrose,G,1973
Good Times,Chic,G,1979
Good Times Roll,The Cars,G,1978
Good Vibrations,Todd Rundgren,G,1976
Goodbye Girl,Squeeze,G,1979
Goodbye Pork Pie Hat,Jeff Beck,G,1976
Goodbye Stranger,Supertramp,G,1979
Goodbye To Love,The Carpenters,G,1972
Goodbye Toulouse,The Stranglers,G,1977
Goodbye Yellow Brick Road,Elton John,G,1973
Goon Squad,Elvis Costello,G,
Got No Place To Go,John Hartford,G,
Got The Love,Average White Band,G,1974
Got The Time,Joe Jackson,G,1979
Got To Get You Into My Life,Earth Wind & Fire,G,
Got To Give It Up,Marvin Gaye,G,
Gotta Find A Way,Bloodrock,G,
Gotta Get Up,Harry Nilsson,G,1971
Gotta Serve Somebody,Bob Dylan,G,1979
Government Center,The Modern Lovers,G,
Grandma's Hands,Bill Withers,G,1971
Grandmother's Song,Steve Martin,G,1977
Grease,Frankie Valli,G,1978
Great White Buffalo,Ted Nugent,G,1978
Great White Buffalo,Ted Nugent,G,1978
Great White Buffalo,Ted Nugent,G,1978
Great White Buffalo,Ted Nugent,G,1978
Greatest Story Ever Told,Bob Weir,G,1972
Green Earrings,Steely Dan,G,1976
Green Grass & High Tides,The Outlaws,G,1975
Green Onions,Roy Buchanan,G,1977
Green Shirt,Elvis Costello,G,
Green-Eyed Lady,Sugarloaf,G,
Groove Me,King Floyd,G,
Groupie,New Riders Of The Purple Sage,G,
Grow Some Funk Of Your Own,Elton John,G,
Growing Up,Bruce Springsteen,G,1972
Growing Up And I'm Fine,Mick Ronson,G,
Guilty,Randy Newman,G,1974
Guns On The Roof,The Clash,G,1978
Guns On The Roof,The Clash,G,1978
Guns On The Roof,The Clash,G,1978
Guns On The Roof,The Clash,G,1978
Gunsmoke,The Outlaws,G,1977
Gut Feeling/Slap Your Mammy,Devo,G,1978
Gypsy Man,War,G,1973
"Gypsys, Tramps & Thieves",Cher,G,1971
Had I Known you Better Then,Hall & Oates,H,1973
Had Me A Real Good Time,Faces,H,1971
Hair,Graham Central Station,H,
Haitian Divorce,Steely Dan,H,1976
Half Breed,Cher,H,
Half Moon,Janis Joplin,H,1971
Hallelujah,Sweathog,H,
Hammond Song,The Roches,H,1979
Hand Me Down World,The Guess Who,H,
Hand Of Doom,Black Sabbath,H,1970
Hand Of Fate,The Rolling Stones,H,1976
Hang Onto Yourself,David Bowie,H,
Hangin' Round,Lou Reed,H,1972
Hanging On The Telephone,Blondie,H,
Hanging On The Telephone,The Nerves,H,1976
Happiness Is Just Around The Bend,Brian Auger's Oblivion Express,H,
Happy,The Rolling Stones,H,1972
Happy Together,Frank Zappa & The Mothers,H,
Hard Luck Woman,Kiss,H,1976
Hard Times,Boz Scaggs,H,1977
Hard Times of Old England,Steeleye Span,H,1975
Hard To Get,The Rubinoos,H,1977
Hard Work,John Handy,H,
Harlem River Drive,Bobbi Humphrey,H,
Harry Truman,Chicago,H,1975
Harvest,Neil Young,H,1972
Harvest For The World,The Isley Brothers,H,
Hasten Down The Wind,Warren Zevon,H,1976
Hateful,The Clash,H,1979
Have A Cigar,Pink Floyd,H,1975
Have A Good Time,Paul Simon,H,1975
Have A Talk With God,Stevie Wonder,H,1976
Have You Ever Seen The Rain?,Creedence Clearwater Revival,H,1970
Have You Never Been Mellow,Olivia Newton-John,H,1975
Have You Seen Her,The Chi-Lites,H,1971
Have You Seen The Stars Tonight,Jefferson Starship,H,1970
Haven't Got Time For The Pain,Carly Simon,H,1974
Hazey Jane I,Nick Drake,H,1970
Hazy Jane II,Nick Drake,H,1970
He Called Me Baby,Candi Staton,H,
He Don't Love You (Like I Love You),Tony Orlando and Dawn,H,1975
He'll Have To Go,Ry Cooder,H,1976
He's A Whore,Cheap Trick,H,
He's Gonna Step On You Again,John Kongos,H,
He's Got All The Whisky,Bobby Charles,H,
He's Mistra Know It All,Stevie Wonder,H,1973
He's The Greatest Dancer,Sister Sledge,H,1979
Head First,The Babys,H,1978
Head Held High,The Velvet Underground,H,1970
Head To The Sky,Earth Wind & Fire,H,1973
Hearsay,The Soul Children,H,
Heart Broken Bopper,The Guess Who,H,1972
Heart Hotels,Dan Fogelberg,H,1979
Heart Like A Wheel,Kate & Anna McGarrigle,H,1975
Heart Of Glass,Blondie,H,
Heart Of Gold,Neil Young,H,1972
Heart Of The City,Nick Lowe,H,1978
Heart Of The Country,Paul McCartney,H,
Heart Of The Sunrise,Yes,H,1971
Heartache Tonight,The Eagles,H,1979
Heartaches,The Dictators,H,1976
Heartbreaker,Grand Funk Railroad,H,
Heat Treatment,Graham Parker,H,
Heat Wave,The Jam,H,1979
Heatwave,Linda Ronstadt,H,1975
Heatwave,XTC,H,1978
Heaven,Talking Heads,H,1979
Heaven Is A Zillion Light Years Away,Stevie Wonder,H,1974
Heaven Must Be Missing An Angel,Tavares,H,
Heaven Tonight,Cheap Trick,H,1978
Heavy Connection,Van Morrison,H,1977
Heavy Makes You Happy (sha-na-boom Boom),The Staple Singers,H,
Hejira,Joni Mitchell,H,1976
Helen Wheels,Paul McCartney & Wings,H,1973
Helicopter,XTC,H,1979
Hell's Bells,Bill Bruford,H,
Hello Darlin',Conway Twitty,H,
Hello In There,Joan Baez,H,1975
Hello In There,John Prine,H,1971
Hello It's Me,Todd Rundgren,H,1975
Hello Mary Lou,Creedence Clearwater Revival,H,1972
Hello Old Friend,Eric Clapton,H,1976
Help Me,Joni Mitchell,H,1974
Help Me Make It Through The Night,Kris Kristofferson,H,
Help Me Thru The Night,Joe Walsh,H,1974
Help Yourself,The Undisputed Truth,H,
Help!,The Carpenters,H,1970
Helpless,Crosby Stills Nash & Young,H,1970
Helpless,The Band,H,1978
Henry,New Riders Of The Purple Sage,H,
Her Eyes Are A Blue Million Miles,Captain Beefheart,H,1972
Here Come The Martian Martians,Jonathan Richman And The Modern Lovers,H,
Here Come Those Tears Again,Jackson Browne,H,1976
Here Comes My Girl,Tom Petty & The Heartbreakers,H,1979
Here Comes The Summer,The Undertones,H,1978
Here Comes The Sun,Richie Havens,H,
Here Comes The Weekend,The Jam,H,1977
Here Comes Trouble,Tuff Darts,H,
Here He Comes,Brian Eno,H,1977
Here I Am (Come And Take Me),Al Green,H,1972
Here To Love You,The Doobie Brothers,H,1978
Heroes,David Bowie,H,1977
Heroes Are Hard To Find,Fleetwood Mac,H,1974
Heroin,Lou Reed,H,
Hey Big Brother,Rare Earth,H,
"Hey Hey, My My (Into the Black)",Neil Young,H,
Hey Little Girl,Dead Boys,H,1977
"Hey Mister, That's Me Up On The Jukebox",James Taylor,H,1971
Hey Negrita,The Rolling Stones,H,1976
Hey Pocky Way,The Meters,H,1974
Hey Saint Peter,Flash And The Pan,H,
Hey Tonight,Creedence Clearwater Revival,H,1970
Hey You,Bachman-Turner Overdrive,H,1975
Hey You,Pink Floyd,H,1979
Hi Hi Hi,Paul McCartney & Wings,H,
Hi Roller,Little Feat,H,1977
Hi Roller,Little Feat,H,1977
Hi Roller,Little Feat,H,1977
Hi Roller,Little Feat,H,1977
Hidden Treasure,Traffic,H,1971
High Tension Wire,Dead Boys,H,1977
High Time We Went,Joe Cocker,H,
Higher Ground,Stevie Wonder,H,1973
Higher Plane,Kool & The Gang,H,1974
Highway Song,Blackfoot,H,1979
Highway Star,Deep Purple,H,1972
Highway To Hell,AC/DC,H,1979
Hissing Of Summer Lawns,Joni Mitchell,H,1975
Hit It And Quit It,Funkadelic,H,1971
Hit Me With Your Rhythm Stick,Ian Dury & The Blockheads,H,
Hitchin' A Ride,Vanity Fare,H,
Hocus Pocus,Focus,H,
Hoedown,Emerson Lake & Palmer,H,1972
Hold Back The Night,The Trammps,H,
Hold On,Ian Gomm,H,1979
Hold On,Steve Winwood,H,1977
Hold Your Head Up,Argent,H,1972
Holdin' On To Yesterday,Ambrosia,H,1975
Holding On (When Love Is Gone),L.T.D.,H,1978
Hole In My Life,The Police,H,1978
Holiday Inn,Elton John,H,1971
Holidays In The Sun,Sex Pistols,H,1977
Hollywood,Boz Scaggs,H,1977
Hollywood Nights,Bob Seger & The Silver Bullet Band,H,1978
Hollywood Swinging,Kool & The Gang,H,1973
Home,Karla Bonoff,H,1977
Home Again,Carole King,H,1971
Home At Last,Steely Dan,H,1977
Homegrown,Neil Young,H,
Hometown Blues,Tom Petty & The Heartbreakers,H,1976
Homework,The J. Geils Band,H,1970
Honaloochie Boogie,Mott The Hoople,H,
Honey Don't Leave L.A.,James Taylor,H,1977
Honeymoon With B Troop,10cc,H,1977
Hong Kong Garden,Siouxsie & The Banshees,H,1978
Honky Cat,Elton John,H,1972
Honky Tonk Women,Elton John,H,1971
Hooked On A Feeling,Blue Swede,H,
Hooked On Your Love,Aretha Franklin,H,1976
Hope You're Feeling Better,Santana,H,
Horse With No Name,America,H,1971
Hot As Sun/Glasses,Paul McCartney,H,1970
Hot Child in the City,Nick Gilder,H,1978
Hot Dog,Led Zeppelin,H,1979
Hot Love,T Rex,H,1971
Hot Love Cold World,Bob Welch,H,1977
Hot Pants,James Brown,H,1971
Hot Rod Lincoln,Commander Cody & His Lost Planet Airmen,H,
Hot Stuff,Donna Summer,H,1979
Hot Stuff,The Rolling Stones,H,1976
Hot Summer Nights,Night,H,
Hotel California,The Eagles,H,1976
Hots On For Nowhere,Led Zeppelin,H,1976
Houses Of The Holy,Led Zeppelin,H,1975
How Can I Tell You,Cat Stevens,H,1971
How Can You Keep Moving,Ry Cooder,H,1972
How Can You Mend A Broken Heart,Al Green,H,1972
How Can You Mend A Broken Heart,Bee Gees,H,1971
How Deep Is Your Love,Bee Gees,H,
How Do You Do?,Mouth & MacNeal,H,
How Do You Sleep?,John Lennon,H,1971
How Does It Feel?,Slade,H,1974
How Long,ACE,H,1975
How Long (Betcha' Got a Chick on the Side),The Pointer Sisters,H,1975
How Many More Years,Freddie King,H,1972
How Much I Feel,Ambrosia,H,1978
How?,John Lennon,H,1971
Howard Hughes' Blues,John Hartford,H,
Human Fly,The Cramps,H,
Human Highway,Neil Young,H,1978
Humdrum,Peter Gabriel,H,1977
Hunters And Collectors,Can,H,1975
Hurricane,Bob Dylan,H,1976
Hurry Up,Poco,H,1970
Hurt By Love,Chris Spedding,H,1977
Hymn-Song,McCoy Tyner,H,1977
Hypnotized,Fleetwood Mac,H,1973
I Ain't Living Long Like This,Emmylou Harris,I,1978
I Ain't Living Long Like This,Rodney Crowell,I,1978
I Ain't Searchin,The American Dream,I,
I Ain't Superstitious,Willie Dixon,I,1970
I Ain't The One,Lynyrd Skynyrd,I,1973
I Am A Poseur,X-Ray Spex,I,1978
I Am The Cosmos,Chris Bell,I,
I Am The Fly,Wire,I,
I Am Woman,Helen Reddy,I,
I Am... I Said,Neil Diamond,I,1971
I Been Hoodood,Dr. John,I,1973
I Believe In Love,Kenny Loggins,I,1977
I Believe In You,Bob Dylan,I,1979
I Believe In You,Neil Young,I,1970
I Came To Dance,Nils Lofgren,I,
I Can Feel The Fire,Ron Wood,I,1974
I Can Get Off On You,Waylon Jennings & Willie Nelson,I,1978
I Can Help,Billy Swan,I,1974
I Can See Clearly Now,Johnny Nash,I,
I Can't Be Satisfied,Muddy Waters,I,1977
I Can't Get Next To You,Al Green,I,1972
I Can't Hold Out,Eric Clapton,I,1974
I Can't See My Feelings,Budgie,I,
I Can't Stand It No More,Peter Frampton,I,1979
I Can't Stand The Rain,Ann Peebles,I,
I Can't Tell You Why,The Eagles,I,1979
I Can't Wait To Get Off Work,Tom Waits,I,1976
I Can't Write Left-Handed,Bill Withers,I,1973
I Dig Love,George Harrison,I,1970
I Do It For Your Love,Paul Simon,I,1975
I Do The Rock,Tim Curry,I,1979
I Don't Know You,New Riders Of The Purple Sage,I,
I Don't Like Mondays,The Boomtown Rats,I,1979
I Don't Love You Anymore,Teddy Pendergrass,I,
I Don't Need No Doctor,Humble Pie,I,1971
I Don't Wanna Go Down To The Basement,The Ramones,I,1976
I Don't Wanna Walk Around With You,The Ramones,I,1976
I Don't Want It,Montrose,I,1973
I Don't Want Nobody,Randy California,I,
I Don't Want To Go Home,Southside Johnny & The Asbury Jukes,I,
I Don't Want To Know,Fleetwood Mac,I,1977
I Don't Want To Talk About It,Crazy Horse,I,1971
I Feel A Song (In My Heart),Gladys Knight & the Pips,I,1974
I Feel Good,Al Green,I,1977
I Feel Love,Donna Summer,I,
I Feel The Earth Move,Carole King,I,1971
I Fought The Law,The Clash,I,1979
I Found That Essence Rare,Gang Of Four,I,1979
I Get Lifted,George McCrae,I,1974
I Give You Give Blind,Crosby Stills & Nash,I,1977
I Go To Rio,Pablo Cruise,I,1978
I Got A Rocket In My Pocket,NRBQ,I,1977
I Got The News,Steely Dan,I,1977
I Gotcha,Joe Tex,I,
I Had A Talk With My Woman,Tim Buckley,I,
I Hear You Knockin',Dave Edmunds,I,1972
I Heard It Through The Grapevine,Creedence Clearwater Revival,I,1970
I Heard It Through The Grapevine,The Slits,I,1979
I Honestly Love You,Olivia Newton-John,I,1974
I Hope That I Don't Fall In Love With You,Tom Waits,I,1973
I Just Can't Be Happy Today,The Damned,I,1979
I Just Want To Be,Cameo,I,
I Just Want To Be Your Everything,Andy Gibb,I,1977
I Just Want To Celebrate,Rare Earth,I,1971
I Just Want To Have Something To Do,The Ramones,I,
I Just Want To See His Face,The Rolling Stones,I,1972
I Knew The Bride (When She Used To Rock & Roll),Dave Edmunds,I,
I Know,Bonnie Raitt,I,1972
I Know (I Know),John Lennon,I,1973
I Know A Little,Lynyrd Skynyrd,I,1977
I Know But I Don't Know,Blondie,I,
I Know What I Like,Genesis,I,1973
I Know What I Like,Genesis,I,1973
I Know What I Like,Genesis,I,1973
I Know What I Like,Genesis,I,1973
I Like It Like That,Brinsley Schwarz,I,1972
I Like to Rock,April Wine,I,1979
I Looked Away,Derek & The Dominos,I,1970
I Love Her More Than You'll Ever Know,Donny Hathaway,I,1973
I Love Music,The O'Jays,I,
I Love Rock & Roll,The Arrows,I,
I Love The Dead,Alice Cooper,I,1973
I Me Mine,The Beatles,I,1970
I Need A Million,The Laughing Dogs,I,
I Need A Miracle,Grateful Dead,I,1978
I Need Somebody,Iggy & The Stooges,I,1973
I Need To Know,Tom Petty & The Heartbreakers,I,1978
I Need You (For Someone),The Jam,I,1977
I Read It In The Rolling Stone,CHIP TAYLOR,I,
I Remember You,The Ramones,I,1977
I Robot,The Alan Parsons Project,I,1977
I Robot,The Alan Parsons Project,I,1977
I Robot,The Alan Parsons Project,I,1977
I Robot,The Alan Parsons Project,I,1977
I Saw the Light,Todd Rundgren,I,1975
I Scare Myself,Dan Hicks & The Hot Licks,I,1972
I See The Light,Hot Tuna,I,1974
I Shall Be Released,The Band,I,1978
I Shot The Sheriff,Bob Marley & The Wailers,I,1973
I Shot The Sheriff,Eric Clapton,I,1974
I Should Have Known Better,Wire,I,1979
I Thank You,Bonnie Raitt,I,1979
I Thank You,ZZ Top,I,1979
I Think I Love You,The Partridge Family,I,
I Think I See The Light,Cat Stevens,I,1970
I Think You Know,Todd Rundgren,I,1974
I Thought I Was A Child,Jackson Browne,I,1973
I Wanna Be Loved,The Heartbreakers,I,1977
I Wanna Be Sedated,The Ramones,I,
I Wanna Be With You,The Isley Brothers,I,1979
I Wanna Be With You,The Raspberries,I,
I Wanna Be Your Boyfriend,The Ramones,I,1976
I Wanna Be Your Lover,Prince,I,1979
I Wanna Do Something Freaky To You,Leon Haywood,I,
I Wanna Get Next To You,Rose Royce,I,
I Wanna Go To The Sun,Peter Frampton,I,1976
I Wanna Grow Up to be a Politician,The Byrds,I,
I Want To Be Loved,Muddy Waters,I,1977
I Want To Know If It's Good To You,Funkadelic,I,1970
I Want To See The Bright Lights Tonight,Richard Thompson,I,1974
I Want You,Marvin Gaye,I,
I Want You Around,The Ramones,I,1979
I Want You Bad,NRBQ,I,1978
I Want You To Want Me,Cheap Trick,I,1978
I Was A Fool To Care,James Taylor,I,1975
I Was Made For Lovin' You,Kiss,I,1979
I Was One,The Babys,I,1978
I Will Be There,Van Morrison,I,1972
I Will Survive,Gloria Gaynor,I,
I Wish,Stevie Wonder,I,1976
I Wish I Was In New Orleans,Tom Waits,I,1976
I Wish I Was Your Mother,Mott The Hoople,I,
I Won't Let It 'Appen Agen,Slade,I,1972
I Wonder Who's Kissing Her Now,Harry Nilsson,I,
I Wouldn't Want To Be Like You,The Alan Parsons Project,I,1977
I Write The Songs,Barry Manilow,I,
I Zimbra,Talking Heads,I,1979
I'd Have You Anytime,George Harrison,I,1970
I'd Like To Teach The World To Sing (in Perfect Harmony),The New Seekers,I,
I'd Love To Change The World,Ten Years After,I,1971
I'd Rather Be With You,Bootsy's Rubber Band,I,1976
I'd Really Love To See You Tonight,England Dan & John Ford Coley,I,1976
I'll Always Love My Mama,The Intruders,I,
I'll Be Around,The Spinners,I,
I'll Be Creeping,Three Dog Night,I,1970
I'll Be Good To You,Brothers Johnson,I,
I'll Be There,Jackson 5,I,1970
I'll Come Running,Brian Eno,I,1975
I'll Play The Blues For You,Albert King,I,1972
I'll Sleep When I'm Dead,Warren Zevon,I,1976
I'll Take You There,The Staple Singers,I,1972
I'm A Believer,Tin Huey,I,
I'm A Changed Man (Finally Got Myself Together),The Impressions,I,
I'm A Ramblin' Man,Waylon Jennings,I,
I'm A Rocker,The Raspberries,I,
I'm Against It,The Ramones,I,
"I'm Bad, I'm Nationwide",ZZ Top,I,1979
I'm Bored,Iggy Pop,I,1979
I'm Carrying,Wings,I,
I'm Coming Back For You,Elf,I,
I'm Doin' Fine Now,New York City,I,
I'm Eighteen,Alice Cooper,I,1971
I'm Glad You're Mine,Al Green,I,1972
I'm Going To Be A Teenage Idol,Elton John,I,1973
"I'm Gonna Love You Just A Little More, Baby",Barry White,I,1973
I'm Gonna Love You Too,Blondie,I,
I'm In Disgrace,The Kinks,I,1975
I'm In Love,Aretha Franklin,I,1974
I'm In Love With A Girl,Big Star,I,
I'm In Love With My Car,Queen,I,1975
I'm In You,Peter Frampton,I,1977
I'm Just A Kid (Don't Make me Feel like a Man),Hall & Oates,I,1973
I'm Just A Singer (in A Rock And Roll Band),The Moody Blues,I,1972
I'm Not Angry,Elvis Costello,I,1977
I'm Not Down,The Clash,I,1979
I'm Not In Love,10cc,I,1975
I'm Not In Love,Talking Heads,I,1978
I'm On Fire,Dwight Twilley Band,I,
I'm Partial To Your Abracdabra,Ian Dury & The Blockheads,I,
I'm Ready,Muddy Waters,I,1978
I'm So Bored With The U.S.A.,The Clash,I,1979
I'm So Green,Can,I,1972
I'm Still In Love With You,Al Green,I,1972
I'm Stone In Love with You,The Stylistics,I,1972
I'm Straight,The Modern Lovers,I,
I'm The Man,Joe Jackson,I,1979
I'm The Only Hell (Mama Ever Raised),Johnny Paycheck,I,
I'm Tore Down,Freddie King,I,
I'm Your Boogie Man,KC & The Sunshine Band,I,1976
I'm Your Captain,Grand Funk Railroad,I,1970
I've Been Lonely For So Long,Frederick Knight,I,1973
I've Been Working,Van Morrison,I,1970
I've Found Someone Of My Own,Free Movement,I,
I've Got A Feeling,The Beatles,I,1970
I've Got Love On My Mind,Natalie Cole,I,1977
I've Got To Use My Imagination,Gladys Knight & the Pips,I,1973
I've Loved These Days,Billy Joel,I,1976
I've Never Found A Girl (Who Loves Me Like You Do),Al Green,I,1972
I've Seen All Good People,Yes,I,1971
"I've Seen That Movie, Too",Elton John,I,1973
Idiot Wind,Bob Dylan,I,1975
If I Can't Have You,Yvonne Elliman,I,1977
If I Don't Sing I'll Cry,Taste (featuring Rory Gallagher),I,
If I Ever Lose This Heaven,Average White Band,I,1975
If I Said You Had A Beautiful Body Would You Hold It Against Me?,The Bellamy Brothers,I,1979
If I Were Your Woman,Gladys Knight & the Pips,I,1971
If Not For You,Bob Dylan,I,1970
If Not For You,George Harrison,I,1970
If There Is Something,Roxy Music,I,1972
If Walls Could Talk,Ry Cooder,I,1974
If We Make It Through December,Merle Haggard,I,1973
If You Can't Rock Me,The Rolling Stones,I,1974
If You Could Read My Mind,Gordon Lightfoot,I,1970
If You Don't Know Me By Now,Harold Melvin & The Bluenotes,I,
If You Leave Me Now,Chicago,I,1976
If You Really Love Me,Stevie Wonder,I,1971
If You Really Want To Be My Friend,The Rolling Stones,I,1974
If You See Her Say Hello,Bob Dylan,I,1975
If You Want Me To Stay,Sly & The Family Stone,I,1973
If You Want To Get To Heaven,Ozark Mountain Daredevils,I,1973
If You're Ready (Come Go With Me),The Staple Singers,I,
If You've Got Love,Dave Mason,I,1973
Iko Iko,Dr. John,I,1972
Illegal Smile,John Prine,I,1971
Imagine,John Lennon,I,1971
Immigrant Song,Led Zeppelin,I,1970
In A Gadda Da Vida / Garden Of Eden,Disco Circus,I,1978
In For The Kill,Budgie,I,
In France They Kiss On Main Street,Joni Mitchell,I,1975
In Germany Before The War,Randy Newman,I,1977
In Mazatlan,War,I,1975
In Memory Of Elizabeth Reed,The Allman Brothers,I,1970
In My Hour Of Darkness,Gram Parsons,I,1974
In My Time Of Dying,Led Zeppelin,I,1975
In Tall Buildings,John Hartford,I,
In The City,The Eagles,I,1979
In The City,The Jam,I,1977
In The Country,Chicago,I,1970
In the Dead of Night,U.K.,I,1978
In The Evening,Led Zeppelin,I,1979
In The Flesh,Blondie,I,1976
In The Flesh,Pink Floyd,I,1979
In The Gallery,Dire Straits,I,1978
In The Land Of Grey And Pink,Caravan,I,
In The Midnight Hour,The Jam,I,1977
In The Mood,Rush,I,1974
In The Rain,The Dramatics,I,
In The Street,Big Star,I,
In The Summertime,Mungo Jerry,I,
In Time,Sly & The Family Stone,I,1973
Incident on 57th St,Bruce Springsteen,I,1973
Indian Reservation (The Lament Of The Cherokee Reservation Indian),Paul Revere & The Raiders,I,
Indian Summer,Audience,I,1971
Indiana Wants Me,R. Dean Taylor,I,
Inner City Blues,Brian Auger's Oblivion Express,I,
Inner City Blues,Marvin Gaye,I,1971
Inner City Blues (Make Me Wanna Holler),Grover Washington Jr.,I,
Inseparable,Natalie Cole,I,1975
Inspiration Information,Shuggie Otis,I,1974
Instant Karma!,John Lennon,I,
Into The Mystic,Van Morrison,I,1970
Intro/ Sweet Jane,Lou Reed,I,
Introduction / Africano Power,Earth Wind & Fire,I,1975
Iron Man,Black Sabbath,I,1970
Is It A Star,Hall & Oates,I,1974
Is It My Name?,Todd Rundgren,I,1973
Is She Really Going Out With Him,Joe Jackson,I,1979
Is There Anybody Out There?,Pink Floyd,I,1979
Is There Anybody Out There?,Pink Floyd,I,1979
Is There Anybody Out There?,Pink Floyd,I,1979
Is There Anybody Out There?,Pink Floyd,I,1979
Is This Love,Bob Marley & The Wailers,I,1978
Is Your Love In Vain?,Bob Dylan,I,1978
Isis,Bob Dylan,I,1976
Island Girl,Elton John,I,
Isn't It A Pity,George Harrison,I,1970
Isn't It Time,The Babys,I,1977
Isn't Life Strange,The Moody Blues,I,1972
Isn't She Lovely,Stevie Wonder,I,1976
Isn't That So?,Jesse Winchester,I,
It Ain't Easy,David Bowie,I,
It Ain't No Use,The Meters,I,1974
It Ain't What It Seems,Pat Travers,I,1977
It Don't Come Easy,Ringo Starr,I,
It Fills You Up,Van Morrison,I,1977
It Happened Today,Curved Air,I,
It Isn't Gonna Be That Way,Steve Forbert,I,1978
It Keeps You Runnin',Carly Simon,I,1976
It Keeps You Runnin',The Doobie Brothers,I,1976
It Makes No Difference,The Band,I,1975
It Must Have Been The Roses,Jerry Garcia,I,1976
It Never Rains In Southern California,Albert Hammond,I,
It Seems To Hang On,Ashford & Simpson,I,1978
It Takes Two To Tango,Todd Rundgren,I,1975
It Wouldn't Have Made Any Difference,Todd Rundgren,I,1975
It's a Laugh,Hall & Oates,I,1978
It's A Long Way There,Little River Band,I,1975
It's A Long Way To The Top (If You Wanna Rock 'n' Roll),AC/DC,I,1976
It's A New Day,Skull Snaps,I,
It's A Shame,The Spinners,I,1970
It's All I Can Do,The Cars,I,1979
It's All Over Now,Rod Stewart,I,1970
It's All Over Now,Ry Cooder,I,1974
It's All Right With Me,Josie & The Pussycats,I,
It's Alright,Hound Dog Taylor And The Houserockers,I,1971
It's Different For Girls,Joe Jackson,I,1979
It's Ectasy When You Lay Down Next To Me,Barry White,I,1977
It's Hard To Be A Saint In The City,Bruce Springsteen,I,1972
It's Late,Queen,I,1977
It's Lonely At The Top,Randy Newman,I,1972
It's Money That I Love,Randy Newman,I,1979
It's Only Love,ZZ Top,I,1976
It's Only Rock'n Roll (But I Like It),The Rolling Stones,I,1974
Its Just Begun,Jimmy Castor Bunch,I,
Its Up To You,The Moody Blues,I,1970
Izzat Love?,Todd Rundgren,I,1974
Jack Straw,Grateful Dead,J,1972
Jack Straw,Grateful Dead,J,1972
Jack Straw,Grateful Dead,J,1972
Jack Straw,Grateful Dead,J,1972
Jackie Blue,Ozark Mountain Daredevils,J,1974
Jackie Wilson Said (I'm In Heaven When You Smile),Van Morrison,J,1972
Jackson Kent Blues,Steve Miller Band,J,1970
Jaco,Pat Metheny Group,J,1978
Jailbreak,Thin Lizzy,J,1976
Jam Jam Jam (All Night Long),Peoples Chocie,J,
Jamaica Say You Will,Jackson Browne,J,1972
James,Billy Joel,J,1976
James Dean,The Eagles,J,1974
Jamie's Cryin',Van Halen,J,1978
Jamming,Bob Marley & The Wailers,J,1977
Jealous Guy,John Lennon,J,1971
Jeepster,T Rex,J,1971
Jerry's Pigeons,Genya Raven,J,1978
Jessica,The Allman Brothers,J,1973
Jesus Christ,Big Star,J,
Jesus Christ,Big Star,J,
Jesus Is Just Alright With Me,The Doobie Brothers,J,1972
Jesus Just Left Chicago,ZZ Top,J,1973
Jesus Was A Capricorn,Kris Kristofferson,J,1972
Jet,Paul McCartney & Wings,J,1973
Jet Airliner,Steve Miller Band,J,1977
Jet Boy,New York Dolls,J,1973
Jimmy Jazz,The Clash,J,1979
Jimmy Jimmy,The Undertones,J,1978
Jive,Michael Franks,J,1976
Jive Talkin',Bee Gees,J,1977
Joanne,Michael Nesmith & The First National Band,J,1970
Joe Hill,Joan Baez,J,1976
Joe The Lion,David Bowie,J,1977
Joe's Garage,Frank Zappa,J,1979
Joey,Bob Dylan,J,1976
Johannesburg,Gil Scott-Heron,J,
John Mclaughlin,Miles Davis,J,
"John, I'm Only Dancing",David Bowie,J,
Johnny B Goode,Grateful Dead,J,1971
Johnny Hold Back,Charlie,J,1976
Johnny Hold Back,Charlie,J,1976
Johnny Hold Back,Charlie,J,1976
Johnny Hold Back,Charlie,J,1976
Johnny Strikes Up The Band,Warren Zevon,J,1978
Johnny Too Bad,The Slickers,J,
Join Me In L.A.,Warren Zevon,J,1976
Join The Boys,Joan Armatrading,J,1976
Join Together,The Who,J,
Jolene,Dolly Parton,J,
Jolene,Olivia Newton-John,J,1976
Josie,Steely Dan,J,1977
Journey To Saturn,Sun Ra,J,
Joy,Isaac Hayes,J,1973
Joy To The World,Three Dog Night,J,1970
Judy Is A Punk,The Ramones,J,1976
Juke Box Music,The Kinks,J,
Juke Box Music,The Kinks,J,
"Julie, Do Ya Love Me?",Bobby Sherman,J,1970
Julie's In The Drug Squad,The Clash,J,1978
Jump Into The Fire,Harry Nilsson,J,1971
Jump Street,Boz Scaggs,J,1976
Jumping Someone Else's Train,The Cure,J,
June Bug,Leo Kottke,J,1971
Jungle Boogie,Kool & The Gang,J,
Jungle Fever,Chakachas,J,
Jungle Jazz,Kool & The Gang,J,
Jungleland,Bruce Springsteen,J,1975
Junior's Farm,Paul McCartney,J,
Junk,Paul McCartney,J,1970
Just Ain't Easy,The Allman Brothers,J,1979
Just Another High,Roxy Music,J,1975
Just Another Night,Ian Hunter,J,1979
Just Don't Want To Be Lonely,The Main Ingredient,J,
Just Kissed My Baby,The Meters,J,
Just Kissed My Baby,The Meters,J,
Just Like A Baby,Sly & The Family Stone,J,1971
Just Like A Woman,Bob Dylan,J,1971
Just Like This Train,Joni Mitchell,J,1974
Just My Imagination (Running Away With Me),The Temptations,J,
Just One Victory,Todd Rundgren,J,1973
Just Remember I Love You,Firefall,J,
Just Seven Numbers (Can Straighten Out My Life),Four Tops,J,1970
Just The Other Side Of Nowhere,Kris Kristofferson,J,
Just To Be Close To You,The Commodores,J,1976
Just What I Needed,The Cars,J,1978
Kansas City,David Bromberg,K,1974
Karen's Song,Andy Pratt,K,
Karn Evil 9: 1st Impression,"Part 1 - Emerson, Lake & Palmer",K,1973
Karn Evil 9: 1st Impression,Part 2 - Emerson Lake & Palmer,K,1973
Kashmir,Led Zeppelin,K,1975
Katmandu,Bob Seger,K,1975
Keep It Comin' Love,KC & The Sunshine Band,K,1976
Keep On Growing,Derek & The Dominos,K,1970
Keep On Keepin' On,Curtis Mayfield,K,1971
Keep On Smilin',Wet Willie,K,
Keep On Truckin',Eddie Kendricks,K,1973
Keep On Truckin',Hot Tuna,K,1972
Keep Playin That Rock N Roll,Edgar Winter,K,
Keep That Same Old Feeling,The Crusaders,K,1976
Keep The Fire,Kenny Loggins,K,1979
Keep Yourself Alive,Queen,K,1973
Kent State Massacre,J.J. Light,K,
Ketchy Shuby,Peter Tosh,K,1976
Key To The Highway,Derek & The Dominos,K,1970
Keys To Your Heart,The 101ers,K,1976
Kid Charlemagne,Steely Dan,K,1976
Kill City,Iggy Pop & James Williamson,K,1971
Killer Queen,Queen,K,1974
Killin' Time,Cat Stevens,K,1977
Killing Me Softly With His Song,Roberta Flack,K,1973
King Tut,Steve Martin & The Toot Uncommons,K,
King's Lead Hat,Brian Eno,K,1977
Kings,Steely Dan,K,1972
Kinky Reggae,Bob Marley & The Wailers,K,1973
Kiss And Say Goodbye,Kate & Anna McGarrigle,K,1975
Kiss And Say Goodbye,The Manhattans,K,
Kiss Me Deadly,Generation X,K,1978
Kiss Me Deadly,Generation X,K,1978
Kiss Me Deadly,Generation X,K,1978
Kiss Me Deadly,Generation X,K,1978
Kissin' And A Huggin',Joan Armatrading,K,1977
