Artist,Title,Air Time_x,Letter_x,First Word,Duration_x,Year,Air Time_y,Letter_y,Duration_y
Warren Zevon,A Certain Girl,2018-11-28 08:01:00,A,A,3,1980,2016-11-30 06:19:00,A,5
The Smithereens,A Girl Like You,2018-11-28 08:25:00,A,A,4,1989,2016-11-30 06:47:00,A,5
Michael Hedges,A Love Bizarre,2018-11-28 08:55:00,A,A,4,1987,2016-11-30 07:29:00,A,4
Los Lobos,A Matter Of Time,2018-11-28 09:09:00,A,A,4,1984,2016-11-30 07:38:00,A,6
The Plimsouls,A Million Miles Away,2018-11-28 09:13:00,A,A,3,1982,2016-11-30 07:44:00,A,3
Nirvana,About A Girl,2018-11-28 10:38:00,A,About,3,1989,2016-11-30 08:41:00,A,3
Steve Miller Band,Abracadabra,2018-11-28 10:41:00,A,Abracadabra,5,1982,2016-11-30 08:44:00,A,7
Jason & The Scorchers,Absolutely Sweet Marie,2018-11-28 10:56:00,A,Absolutely,4,1983,2016-11-30 08:56:00,A,4
New Order,Age Of Consent,2018-11-28 12:07:00,A,Age,7,1983,2016-11-30 10:04:00,A,5
Donnie Iris,Ah! Leah!,2018-11-28 12:14:00,A,Ah,4,1980,2016-11-30 10:17:00,A,4
Grateful Dead,Alabama Getaway,2018-11-28 12:34:00,A,Alabama,4,1980,2016-11-30 11:47:00,A,4
The Replacements,Alex Chilton,2018-11-28 12:38:00,A,Alex,3,1987,2016-11-30 12:04:00,A,4
Simple Minds,Alive And Kicking,2018-11-28 12:45:00,A,Alive,5,1985,2016-11-30 12:33:00,A,7
World Party,All Come True,2018-11-28 12:56:00,A,All,6,1986,2016-11-30 12:54:00,A,7
Stevie Wonder,All I Do,2018-11-28 13:08:00,A,All,7,1980,2016-11-30 13:22:00,A,5
Don Henley,All She Wants To Do Is Dance,2018-11-28 14:09:00,A,All,6,1984,2016-11-30 14:21:00,A,5
Bruce Springsteen,All That Heaven Will Allow,2018-11-28 14:15:00,A,All,3,1987,2016-11-30 14:26:00,A,3
The Hooters,All You Zombies,2018-11-28 14:40:00,A,All,6,1983,2016-11-30 15:12:00,A,8
Dave Edmunds,Almost Saturday Night,2018-11-28 14:57:00,A,Almost,3,1981,2016-11-30 15:28:00,A,2
Pet Shop Boys,Always on My Mind,2018-11-28 15:27:00,A,Always,4,1987,2016-11-30 15:55:00,A,4
Naked Eyes,Always Something There To Remind Me,2018-11-28 15:38:00,A,Always,3,1982,2016-11-30 16:04:00,A,6
Prince,America,2018-11-28 15:48:00,A,America,3,1985,2016-11-30 16:10:00,A,4
The Blasters,American Music,2018-11-28 15:59:00,A,American,2,1982,2016-11-30 16:27:00,A,2
The dB's,Amplifier,2018-11-28 16:14:00,A,Amplifier,3,1981,2016-11-30 16:39:00,A,3
U2,An Cat Dubh/Into The Heart,2018-11-28 16:17:00,A,An,9,1980,2016-11-30 16:51:00,A,9
They Might Be Giants,Ana Ng,2018-11-28 16:26:00,A,Ana,3,1987,2016-11-30 17:00:00,A,3
Talking Heads,And She Was,2018-11-28 16:52:00,A,And,3,1985,2016-11-30 17:13:00,A,3
The Hooters,And We Danced,2018-11-28 16:59:00,A,And,4,1986,2016-11-30 17:16:00,A,5
The Replacements,Androgynous,2018-11-28 17:03:00,A,Androgynous,3,1984,2016-11-30 17:36:00,A,3
U2,Angel Of Harlem,2018-11-28 17:25:00,A,Angel,5,1988,2016-11-30 18:01:00,A,4
The Who,Another Tricky Day,2018-11-28 18:04:00,A,Another,4,1981,2016-11-30 19:23:00,A,5
The Replacements,Answering Machine,2018-11-28 18:18:00,A,Answering,3,1984,2016-11-30 19:31:00,A,4
Adam & The Ants,Antmusic,2018-11-28 18:25:00,A,Antmusic,5,1980,2016-11-30 19:35:00,A,4
Greg Kihn,Any Other Woman,2018-11-28 18:37:00,A,Any,3,1989,2016-11-30 19:46:00,A,4
The Jesus And Mary Chain,April Skies,2018-11-28 19:00:00,A,April,4,1987,2016-11-30 20:31:00,A,4
Steve Winwood,Arc Of A Diver,2018-11-28 19:04:00,A,Arc,7,1980,2016-11-30 20:44:00,A,5
Prince & The Revolution,Around The World In A Day,2018-11-28 19:36:00,A,Around,3,1985,2016-11-30 21:25:00,A,4
David Bowie,Ashes To Ashes,2018-11-28 19:49:00,A,Ashes,6,1980,2016-11-30 21:44:00,A,6
Bruce Springsteen,Atlantic City,2018-11-28 20:15:00,A,Atlantic,4,1982,2016-11-30 22:24:00,A,5
Roxy Music,Avalon,2018-11-28 20:52:00,A,Avalon,4,1982,2016-11-30 22:44:00,A,4
Steely Dan,Babylon Sisters,2018-11-28 21:34:00,B,Babylon,7,1980,2016-12-01 00:36:00,B,7
The Pretenders,Back On The Chain Gang,2018-11-28 21:50:00,B,Back,5,1982,2016-12-01 01:14:00,B,3
U2,Bad,2018-11-28 22:14:00,B,Bad,6,1984,2016-12-01 01:41:00,B,6
Warren Zevon,Bad Luck Streak In Dancing School,2018-11-28 22:39:00,B,Bad,3,1980,2016-12-01 02:19:00,B,3
Love And Rockets,Ball Of Confusion,2018-11-28 23:14:00,B,Ball,3,1985,2016-12-01 03:08:00,B,4
Todd Rundgren,Bang The Drum All Day,2018-11-28 23:26:00,B,Bang,3,1982,2016-12-01 03:47:00,B,4
The Replacements,Bastards Of Young,2018-11-28 23:51:00,B,Bastards,5,1985,2016-12-01 04:15:00,B,3
The Jam,Beat Surrender,2018-11-29 00:46:00,B,Beat,4,1982,2016-12-01 05:08:00,B,3
Devo,Beautiful World,2018-11-29 01:13:00,B,Beautiful,3,1981,2016-12-01 05:15:00,B,3
Midnight Oil,Beds Are Burning,2018-11-29 01:22:00,B,Beds,4,1987,2016-12-01 05:37:00,B,4
The Smithereens,Behind The Wall Of Sleep,2018-11-29 01:51:00,B,Behind,4,1986,2016-12-01 06:29:00,B,3
The Kinks,Better Things,2018-11-29 02:37:00,B,Better,3,1981,2016-12-01 07:56:00,B,4
Adrian Belew,Big Electric Cat,2018-11-29 02:52:00,B,Big,5,1982,2016-12-01 08:17:00,B,7
Keith Richards,Big Enough,2018-11-29 02:57:00,B,Big,4,1988,2016-12-01 08:24:00,B,4
Robert Plant,Big Log,2018-11-29 03:10:00,B,Big,5,1983,2016-12-01 08:41:00,B,5
Peter Gabriel,Big Time,2018-11-29 03:32:00,B,Big,4,1986,2016-12-01 09:03:00,B,5
The Smiths,Bigmouth Strikes Again,2018-11-29 03:47:00,B,Bigmouth,3,1986,2016-12-01 09:21:00,B,4
Peter Gabriel,Biko,2018-11-29 03:53:00,B,Biko,7,1980,2016-12-01 09:25:00,B,8
Sugarcubes,Birthday,2018-11-29 04:18:00,B,Birthday,4,1987,2016-12-01 09:56:00,B,4
Squeeze,Black Coffee In Bed,2018-11-29 04:41:00,B,Black,8,1982,2016-12-01 10:45:00,B,8
Depeche Mode,Blasphemous Rumors,2018-11-29 05:22:00,B,Blasphemous,6,1984,2016-12-01 12:03:00,B,7
Talking Heads,Blind,2018-11-29 05:28:00,B,Blind,5,1988,2016-12-01 12:10:00,B,5
Violent Femmes,Blister In The Sun,2018-11-29 05:43:00,B,Blister,2,1983,2016-12-01 12:22:00,B,2
The Smithereens,Blood & Roses,2018-11-29 05:45:00,B,Blood,3,1986,2016-12-01 12:29:00,B,6
New Order,Blue Monday,2018-11-29 06:07:00,B,Blue,5,1983,2016-12-01 13:01:00,B,5
Bruce Springsteen,Bobby Jean,2018-11-29 06:30:00,B,Bobby,4,1984,2016-12-01 14:13:00,B,4
Warren Zevon,Boom Boom Mancini,2018-11-29 06:52:00,B,Boom,5,1987,2016-12-01 15:34:00,B,5
Madonna,Borderline,2018-11-29 06:57:00,B,Borderline,6,1983,2016-12-01 16:00:00,B,6
Bruce Springsteen,Born In The USA,2018-11-29 07:03:00,B,Born,4,1984,2016-12-01 16:15:00,B,5
Jackson Browne,Boulevard,2018-11-29 07:23:00,B,Boulevard,3,1980,2016-12-01 16:56:00,B,4
The Pretenders,Brass In Pocket,2018-11-29 07:41:00,B,Brass,3,1980,2016-12-01 18:10:00,B,3
UB40,Breakfast In Bed,2018-11-29 08:23:00,B,Breakfast,3,1988,2016-12-01 18:26:00,B,3
Joe Jackson,Breaking Us In Two,2018-11-29 08:29:00,B,Breaking,4,1982,2016-12-01 18:36:00,B,6
Bruce Springsteen,Brilliant Disguise,2018-11-29 08:43:00,B,Brilliant,4,1987,2016-12-01 19:18:00,B,4
Bob Marley & The Wailers,Buffalo Soldier,2018-11-29 10:03:00,B,Buffalo,4,1983,2016-12-01 20:42:00,B,4
Neneh Cherry,Buffalo Stance,2018-11-29 10:07:00,B,Buffalo,8,1988,2016-12-01 20:46:00,B,7
U2,Bullet The Blue Sky,2018-11-29 10:15:00,B,Bullet,4,1987,2016-12-01 21:04:00,B,7
Talking Heads,Burning Down The House,2018-11-29 10:33:00,B,Burning,4,1983,2016-12-01 21:29:00,B,4
Bruce Springsteen,Cadillac Ranch,2018-11-29 11:00:00,C,Cadillac,3,1980,2016-12-01 22:25:00,C,5
R. E. M.,Can't Get There From Here,2018-11-29 12:03:00,C,Can't,4,1985,2016-12-02 01:17:00,C,3
The English Beat,Can't Get Used To Losing You,2018-11-29 12:07:00,C,Can't,4,1980,2016-12-02 01:20:00,C,3
The Replacements,Can't Hardly Wait,2018-11-29 12:11:00,C,Can't,3,1985,2016-12-02 01:23:00,C,3
The Clash,Car Jamming,2018-11-29 12:26:00,C,Car,4,1982,2016-12-02 02:05:00,C,3
R. E. M.,Catapult,2018-11-29 13:28:00,C,Catapult,4,1983,2016-12-02 04:17:00,C,4
Pretty Poison,Catch Me (I'm Falling),2018-11-29 13:36:00,C,Catch,6,1987,2016-12-02 04:21:00,C,4
The Bluebells,Cath,2018-11-29 13:46:00,C,Cath,3,1983,2016-12-02 04:31:00,C,4
The J. Geils Band,Centerfold,2018-11-29 14:27:00,C,Centerfold,6,1988,2016-12-02 05:22:00,C,5
Tears For Fears,Change,2018-11-29 15:05:00,C,Change,6,1983,2016-12-02 06:13:00,C,3
De La Soul,Change In Speak,2018-11-29 15:11:00,C,Change,3,1989,2016-12-02 06:16:00,C,6
Tom Petty & The Heartbreakers,Change Of Heart,2018-11-29 15:14:00,C,Change,3,1982,2016-12-02 06:22:00,C,3
Lucinda Williams,Changed The Locks,2018-11-29 15:23:00,C,Changed,4,1988,2016-12-02 06:42:00,C,4
B-52's,Channel Z,2018-11-29 15:27:00,C,Channel,5,1989,2016-12-02 07:00:00,C,5
John Mellencamp,Check It Out,2018-11-29 15:45:00,C,Check,4,1987,2016-12-02 07:29:00,C,4
John Mellencamp,Cherry Bomb,2018-11-29 15:49:00,C,Cherry,6,1987,2016-12-02 07:50:00,C,5
UB40,Cherry Oh Baby,2018-11-29 15:55:00,C,Cherry,4,1983,2016-12-02 08:05:00,C,4
David Bowie,China Girl,2018-11-29 16:16:00,C,China,4,1983,2016-12-02 08:51:00,C,4
Joe Jackson,Chinatown,2018-11-29 16:20:00,C,Chinatown,5,1982,2016-12-02 09:04:00,C,4
Siouxsie & The Banshees,Christine,2018-11-29 16:28:00,C,Christine,3,1980,2016-12-02 09:19:00,C,3
War,Cinco De Mayo,2018-11-29 17:10:00,C,Cinco,4,1982,2016-12-02 09:42:00,C,4
Tom Waits,Clap Hands,2018-11-29 17:41:00,C,Clap,4,1985,2016-12-02 10:20:00,C,4
Van Morrison,Cleaning Windows,2018-11-29 17:55:00,C,Cleaning,5,1982,2016-12-02 10:34:00,C,5
The Cure,Close to Me,2018-11-29 18:08:00,C,Close,5,1986,2016-12-02 11:16:00,C,4
Indigo Girls,Closer To Fine,2018-11-29 18:13:00,C,Closer,1,1989,2016-12-02 11:39:00,C,4
Indigo Girls,Closer To Fine,2018-11-29 18:14:00,C,Closer,3,1989,2016-12-02 11:39:00,C,4
Kate Bush,Cloudbusting,2018-11-29 18:24:00,C,Cloudbusting,6,1985,2016-12-02 11:54:00,C,6
Elvis Costello,Clubland,2018-11-29 18:30:00,C,Clubland,4,1980,2016-12-02 12:42:00,C,3
Big Audio Dynamite,C'mon Every Beatbox,2018-11-29 18:34:00,C,C'mon,4,1986,2016-12-02 12:45:00,C,7
Stevie Ray Vaughan,Cold Shot,2018-11-29 18:53:00,C,Cold,4,1984,2016-12-02 13:45:00,C,7
The Kinks,Come Dancing,2018-11-29 19:25:00,C,Come,3,1983,2016-12-02 14:56:00,C,4
Dexy's Midnight Runners,Come On Eileen,2018-11-29 19:39:00,C,Come,4,1982,2016-12-02 15:14:00,C,4
Kraftwerk,Computer Love,2018-11-29 20:19:00,C,Computer,8,1981,2016-12-02 16:42:00,C,9
Sting,Consider Me Gone,2018-11-29 20:45:00,C,Consider,4,1985,2016-12-02 17:17:00,C,3
Prince,Controversy,2018-11-29 20:56:00,C,Controversy,4,1981,2016-12-02 17:35:00,C,3
Sparks & Jane Wiedlin,Cool Places,2018-11-29 21:11:00,C,Cool,6,1983,2016-12-02 17:47:00,C,3
Steve Earle,Copperhead Road,2018-11-29 21:21:00,C,Copperhead,5,1988,2016-12-02 17:50:00,C,7
Bob Marley & The Wailers,Could You Be Loved,2018-11-29 21:33:00,C,Could,4,1980,2016-12-02 18:18:00,C,4
Stevie Ray Vaughan,Couldn't Stand The Weather,2018-11-29 21:37:00,C,Couldn't,6,1984,2016-12-02 18:28:00,C,6
Bruce Springsteen,Cover Me,2018-11-29 21:43:00,C,Cover,3,1984,2016-12-02 19:06:00,C,4
The Primitives,Crash,2018-11-29 22:02:00,C,Crash,2,1986,2016-12-02 19:43:00,C,3
Pete Townshend,Crashing By Design,2018-11-29 22:04:00,C,Crashing,3,1985,2016-12-02 19:51:00,C,5
Talking Heads,Creatures Of Love,2018-11-29 22:38:00,C,Creatures,4,1985,2016-12-02 20:34:00,C,6
Joan Jett And The Blackhearts,Crimson & Clover,2018-11-29 22:45:00,C,Crimson,5,1981,2016-12-02 21:05:00,C,4
Talking Heads,Crosseyed And Painless,2018-11-29 22:59:00,C,Crosseyed,5,1980,2016-12-02 21:19:00,C,5
Stevie Ray Vaughan,Crossfire,2018-11-29 23:04:00,C,Crossfire,5,1989,2016-12-02 21:35:00,C,5
Bananarama,Cruel Summer,2018-11-29 23:09:00,C,Cruel,4,1983,2016-12-02 21:56:00,C,4
Godley & Creme,Cry,2018-11-29 23:28:00,C,Cry,4,1985,2016-12-02 22:11:00,C,3
Living Colour,Cult Of Personality,2018-11-29 23:40:00,C,Cult,5,1989,2016-12-02 22:55:00,C,5
Marshall Crenshaw,Cynical Girl,2018-11-29 23:52:00,C,Cynical,2,1982,2016-12-02 23:28:00,C,2
Trio,Da Da Da,2018-11-30 00:17:00,D,Da,3,1982,2016-12-02 23:37:00,D,4
The Rolling Stones,Dance (pt.1),2018-11-30 00:32:00,D,Dance,5,1980,2016-12-02 23:55:00,D,5
Wang Chung,Dance Hall Days,2018-11-30 00:37:00,D,Dance,4,1982,2016-12-03 00:03:00,D,4
Bruce Springsteen,Dancing In The Dark,2018-11-30 01:18:00,D,Dancing,5,1984,2016-12-03 00:55:00,D,4
Generation X,Dancing With Myself,2018-11-30 01:30:00,D,Dancing,4,1981,2016-12-03 01:17:00,D,4
Bruce Springsteen,Darlington County,2018-11-30 02:21:00,D,Darlington,5,1984,2016-12-03 02:12:00,D,5
XTC,Dear God,2018-11-30 03:03:00,D,Dear,4,1986,2016-12-03 03:38:00,D,4
The Pixies,Debaser,2018-11-30 03:22:00,D,Debaser,3,1989,2016-12-03 04:09:00,D,3
Prince,Delirious,2018-11-30 03:36:00,D,Delirious,4,1982,2016-12-03 04:39:00,D,4
The Kinks,Destroyer,2018-11-30 04:16:00,D,Destroyer,5,1981,2016-12-03 05:27:00,D,3
Paul Simon,Diamonds On The Soles Of Her Shoes,2018-11-30 04:26:00,D,Diamonds,6,1986,2016-12-03 06:04:00,D,6
Van Morrison,Did Ye Get Healed?,2018-11-30 04:36:00,D,Did,5,1987,2016-12-03 06:14:00,D,4
Lou Reed,Dirty Blvd.,2018-11-30 05:13:00,D,Dirty,3,1989,2016-12-03 06:46:00,D,4
King Crimson,Discipline,2018-11-30 05:42:00,D,Discipline,6,1981,2016-12-03 07:07:00,D,6
Randy Newman,Dixie Flyer,2018-11-30 06:34:00,D,Dixie,4,1988,2016-12-03 07:41:00,D,4
The Kinks,Do It Again,2018-11-30 06:43:00,D,Do,4,1984,2016-12-03 08:09:00,D,6
The Ramones,Do You Remember Rock N' Roll Radio?,2018-11-30 07:09:00,D,Do,4,1980,2016-12-03 08:43:00,D,4
The Thompson Twins,Doctor! Doctor!,2018-11-30 07:23:00,D,Doctor,4,1984,2016-12-03 09:03:00,D,5
Robert Cray,Don't Be Afraid Of The Dark,2018-11-30 08:23:00,D,Don't,4,1988,2016-12-03 10:00:00,D,3
Public Enemy,Don't Believe The Hype,2018-11-30 08:37:00,D,Don't,6,1988,2016-12-03 10:14:00,D,5
Stan Ridgway,Don't Box Me In,2018-11-30 08:43:00,D,Don't,5,1986,2016-12-03 10:19:00,D,5
INXS,Don't Change,2018-11-30 08:48:00,D,Don't,7,1982,2016-12-03 10:36:00,D,4
Tom Petty,Don't Come Around Here No More,2018-11-30 08:55:00,D,Don't,6,1985,2016-12-03 10:40:00,D,7
Crowded House,Don't Dream It's Over,2018-11-30 09:05:00,D,Don't,6,1986,2016-12-03 11:02:00,D,4
Grateful Dead,Don't Ease Me In,2018-11-30 09:11:00,D,Don't,3,1980,2016-12-03 11:12:00,D,3
The Pretenders,Don't Get Me Wrong,2018-11-30 09:27:00,D,Don't,4,1980,2016-12-03 11:15:00,D,4
Peter Gabriel,Don't Give Up,2018-11-30 09:35:00,D,Don't,8,1987,2016-12-03 11:19:00,D,6
Yaz,Don't Go,2018-11-30 09:47:00,D,Don't,4,1982,2016-12-03 11:25:00,D,4
R. E. M.,Don't Go Back To Rockville,2018-11-30 09:51:00,D,Don't,4,1988,2016-12-03 11:33:00,D,5
They Might Be Giants,Don't Let's Start,2018-11-30 10:31:00,D,Don't,3,1985,2016-12-03 12:10:00,D,3
Del Fuegos,Don't Run Wild,2018-11-30 10:44:00,D,Don't,3,1985,2016-12-03 12:36:00,D,3
The Police,Don't Stand So Close To Me,2018-11-30 11:00:00,D,Don't,4,1980,2016-12-03 12:39:00,D,6
Journey,Don't Stop Believin',2018-11-30 11:04:00,D,Don't,5,1984,2016-12-03 12:51:00,D,4
Bryan Ferry,Don't Stop The Dance,2018-11-30 11:09:00,D,Don't,5,1985,2016-12-03 12:55:00,D,5
Blancmange,Don't Tell Me,2018-11-30 11:38:00,D,Don't,3,1984,2016-12-03 13:11:00,D,5
Simple Minds,Don't You (Forget About Me),2018-11-30 12:25:00,D,Don't,4,1986,2016-12-03 13:39:00,D,4
The Human League,Don't You Want Me,2018-11-30 12:29:00,D,Don't,4,1983,2016-12-03 13:56:00,D,5
Bruce Springsteen,Downbound Train,2018-11-30 13:26:00,D,Downbound,3,1984,2016-12-03 15:24:00,D,6
Tom Waits,Downtown Train,2018-11-30 13:29:00,D,Downtown,5,1985,2016-12-03 15:33:00,D,4
Suicide,Dream Baby Dream,2018-11-30 13:53:00,D,Dream,7,1981,2016-12-03 15:54:00,D,6
The Cars,Drive,2018-11-30 14:32:00,D,Drive,4,1988,2016-12-03 17:01:00,D,4
John Hiatt,Drive South,2018-11-30 14:50:00,D,Drive,5,1988,2016-12-03 17:14:00,D,4
The Police,Driven To Tears,2018-11-30 14:55:00,D,Driven,3,1980,2016-12-03 17:23:00,D,5
Joan Armatrading,Drop The Pilot,2018-11-30 15:07:00,D,Drop,4,1983,2016-12-03 17:46:00,D,3
Stevie Nicks,Edge Of Seventeen,2018-11-30 16:20:00,E,Edge,7,1981,2016-12-03 19:34:00,E,7
Husker Du,Eight Miles High,2018-11-30 16:31:00,E,Eight,4,1984,2016-12-03 19:48:00,E,5
King Crimson,Elephant Talk,2018-11-30 17:02:00,E,Elephant,4,1981,2016-12-03 20:22:00,E,6
Mojo Nixon,Elvis Is Everywhere,2018-11-30 17:06:00,E,Elvis,7,1987,2016-12-03 20:45:00,E,5
The Who,Eminence Front,2018-11-30 17:13:00,E,Eminence,5,1982,2016-12-03 20:53:00,E,6
The Rolling Stones,Emotional Rescue,2018-11-30 17:24:00,E,Emotional,5,1980,2016-12-03 20:59:00,E,6
Traveling Wilburys,End of the Line,2018-11-30 17:42:00,E,End,4,1988,2016-12-03 21:13:00,E,4
Kid Creole & The Coconuts,Endicott,2018-11-30 17:46:00,E,Endicott,4,1985,2016-12-03 21:17:00,E,4
Sting,Englishman In New York,2018-11-30 18:04:00,E,Englishman,6,1988,2016-12-03 21:21:00,E,6
The Specials,Enjoy Yourself,2018-11-30 18:10:00,E,Enjoy,3,1980,2016-12-03 21:32:00,E,3
Orchestral Manoeuvres In The Dark,Enola Gay,2018-11-30 18:13:00,E,Enola,4,1980,2016-12-03 21:35:00,E,6
Robert Hazard,Escalator Of Life,2018-11-30 18:28:00,E,Escalator,4,1982,2016-12-03 21:44:00,E,4
Dire Straits,Espresso Love,2018-11-30 18:32:00,E,Espresso,5,1980,2016-12-03 21:48:00,E,6
Bruce Hornsby & The Range,Every Little Kiss,2018-11-30 19:09:00,E,Every,5,1986,2016-12-03 22:38:00,E,8
Leonard Cohen,Everybody Knows,2018-11-30 19:38:00,E,Everybody,5,1988,2016-12-03 23:31:00,E,5
Tears For Fears,Everybody Wants To Rule The World,2018-11-30 19:43:00,E,Everybody,4,1986,2016-12-03 23:51:00,E,5
Elvis Costello,Everyday I Write The Book,2018-11-30 19:56:00,E,Everyday,4,1983,2016-12-04 00:24:00,E,6
Morrissey,Everyday Is Like Sunday,2018-11-30 20:00:00,E,Everyday,3,1988,2016-12-04 00:34:00,E,4
Depeche Mode,Everything Counts,2018-11-30 20:06:00,E,Everything,5,1983,2016-12-04 00:55:00,E,5
Bob Dylan,Everything Is Broken,2018-11-30 20:11:00,E,Everything,3,1989,2016-12-04 01:08:00,E,3
Jane Siberry,Everything Reminds Me Of My Dog,2018-11-30 20:14:00,E,Everything,4,1989,2016-12-04 01:15:00,E,5
Cheap Trick,Everything Works If You Let It,2018-11-30 20:26:00,E,Everything,3,1980,2016-12-04 01:20:00,E,3
Translator,Everywhere That I'm Not,2018-11-30 21:00:00,E,Everywhere,4,1982,2016-12-04 01:23:00,E,4
N. W. A.,Express Yourself,2018-11-30 21:24:00,E,Express,4,1988,2016-12-04 02:03:00,E,4
Pete Townshend,Face The Face,2018-11-30 21:54:00,F,Face,6,1985,2016-12-04 02:35:00,F,6
Bodeans,Fadeaway,2018-11-30 22:16:00,F,Fadeaway,7,1986,2016-12-04 02:41:00,F,5
R. E. M.,Fall On Me,2018-11-30 22:46:00,F,Fall,3,1986,2016-12-04 03:17:00,F,2
David Bowie,Fashion,2018-11-30 23:43:00,F,Fashion,5,1980,2016-12-04 03:59:00,F,5
Tracy Chapman,Fast Car,2018-11-30 23:48:00,F,Fast,6,1988,2016-12-04 04:12:00,F,6
Haircut One Hundred,Favourite Shirts (Boy Meets Girl),2018-12-01 00:02:00,F,Favourite,4,1981,2016-12-04 04:31:00,F,3
R. E. M.,Feeling Gravity's Pull,2018-12-01 00:30:00,F,Feeling,5,1985,2016-12-04 05:05:00,F,6
Neville Brothers,Fever,2018-12-01 00:46:00,F,Fever,5,1988,2016-12-04 05:29:00,F,5
Public Enemy,Fight The Power,2018-12-01 00:55:00,F,Fight,5,1989,2016-12-04 05:50:00,F,5
R. E. M.,Finest Worksong,2018-12-01 01:03:00,F,Finest,4,1987,2016-12-04 05:55:00,F,4
Neville Brothers,Fire On The Bayou,2018-12-01 01:15:00,F,Fire,5,1981,2016-12-04 06:31:00,F,7
The Stone Roses,Fool's Gold,2018-12-01 02:41:00,F,Fool's,11,1989,2016-12-04 08:29:00,F,11
King Crimson,Frame By Frame,2018-12-01 03:44:00,F,Frame,5,1981,2016-12-04 10:40:00,F,7
Tom Petty,Free Falling,2018-12-01 04:11:00,F,Free,5,1989,2016-12-04 11:13:00,F,4
Special AKA,Free Nelson Mandela,2018-12-01 04:16:00,F,Free,4,1988,2016-12-04 11:28:00,F,6
Devo,Freedom Of Choice,2018-12-01 04:29:00,F,Freedom,4,1980,2016-12-04 11:44:00,F,3
Steve Winwood,Freedom Overspill,2018-12-01 04:33:00,F,Freedom,6,1986,2016-12-04 11:50:00,F,6
Elvis Costello,From A Whisper To A Scream,2018-12-01 05:22:00,F,From,3,1981,2016-12-04 12:37:00,F,3
Peter Gabriel,Games Without Frontiers,2018-12-01 06:18:00,G,Games,4,1980,2016-12-04 14:27:00,G,4
XTC,Generals & Majors,2018-12-01 06:43:00,G,Generals,4,1980,2016-12-04 14:39:00,G,5
Tom Tom Club,Genius Of Love,2018-12-01 06:51:00,G,Genius,6,1981,2016-12-04 14:44:00,G,5
The Specials,Ghost Town,2018-12-01 07:50:00,G,Ghost,6,1981,2016-12-04 16:55:00,G,6
The Pixies,Gigantic,2018-12-01 08:10:00,G,Gigantic,3,1988,2016-12-04 17:11:00,G,4
Devo,Girl U Want,2018-12-01 08:28:00,G,Girl,3,1980,2016-12-04 17:50:00,G,4
Talking Heads,Girlfriend Is Better,2018-12-01 08:31:00,G,Girlfriend,8,1983,2016-12-04 18:05:00,G,8
Cyndi Lauper,Girls Just Want To Have Fun,2018-12-01 08:47:00,G,Girls,5,1988,2016-12-04 18:25:00,G,3
Duran Duran,Girls On Film,2018-12-01 08:52:00,G,Girls,4,1981,2016-12-04 18:28:00,G,3
U2,Gloria,2018-12-01 09:48:00,G,Gloria,5,1981,2016-12-04 20:21:00,G,5
Bruce Springsteen,Glory Days,2018-12-01 09:53:00,G,Glory,4,1984,2016-12-04 20:26:00,G,4
Bangles,Going Down To Liverpool,2018-12-01 10:18:00,G,Going,3,1984,2016-12-04 21:52:00,G,3
The Jam,Going Underground,2018-12-01 10:31:00,G,Going,3,1980,2016-12-04 22:25:00,G,2
The Stranglers,Golden Brown,2018-12-01 10:43:00,G,Golden,3,1988,2016-12-04 22:52:00,G,4
Violent Femmes,Gone Daddy Gone,2018-12-01 10:46:00,G,Gone,4,1983,2016-12-04 23:18:00,G,3
Pete Townshend,Gonna Get Ya,2018-12-01 10:50:00,G,Gonna,7,1980,2016-12-04 23:39:00,G,6
The Cramps,Goo Goo Muck,2018-12-01 10:57:00,G,Goo,3,1980,2016-12-04 23:49:00,G,4
Camper Van Beethoven,Good Guys And Bad Guys,2018-12-01 11:04:00,G,Good,3,1987,2016-12-05 00:09:00,G,4
Fine Young Cannibals,Good Thing,2018-12-01 11:07:00,G,Good,6,1988,2016-12-05 00:44:00,G,4
Steve Earle,Goodbye's All We've Got Left,2018-12-01 11:28:00,G,Goodbye's,3,1986,2016-12-05 01:12:00,G,4
Adam Ant,Goody Two Shoes,2018-12-01 11:37:00,G,Goody,4,1982,2016-12-05 01:23:00,G,3
Paul Simon,Graceland,2018-12-01 11:55:00,G,Graceland,5,1986,2016-12-05 02:14:00,G,5
Billy Bragg,Greetings To The New Brunette,2018-12-01 12:34:00,G,Greetings,5,1986,2016-12-05 03:08:00,G,4
Steve Earle,Guitar Town,2018-12-01 12:47:00,G,Guitar,2,1986,2016-12-05 03:29:00,G,4
Dwight Yoakam,"Guitars, Cadillacs",2018-12-01 12:54:00,G,Guitars,3,1986,2016-12-05 03:33:00,G,3
Fleetwood Mac,Gypsy,2018-12-01 13:05:00,G,Gypsy,5,1982,2016-12-05 03:38:00,G,4
Nick Lowe,Half A Boy And Half A Man,2018-12-01 13:19:00,H,Half,5,1984,2016-12-05 04:05:00,H,3
Leonard Cohen,Hallelujah,2018-12-01 13:30:00,H,Hallelujah,6,1984,2016-12-05 04:23:00,H,4
The Rolling Stones,Hang Fire,2018-12-01 13:52:00,H,Hang,3,1981,2016-12-05 05:00:00,H,2
Sade,Hang On To Your Love,2018-12-01 13:55:00,H,Hang,5,1984,2016-12-05 05:09:00,H,4
Toots Hibbert,Hard to Handle,2018-12-01 14:42:00,H,Hard,3,1988,2016-12-05 06:31:00,H,5
Bonnie Raitt,Have A Heart,2018-12-01 15:23:00,H,Have,5,1989,2016-12-05 07:01:00,H,5
John Hiatt,Have A Little Faith In Me,2018-12-01 15:28:00,H,Have,4,1987,2016-12-05 07:06:00,H,5
Nine Inch Nails,Head Like A Hole,2018-12-01 15:51:00,H,Head,5,1989,2016-12-05 08:00:00,H,5
The Jesus And Mary Chain,Head On,2018-12-01 15:56:00,H,Head,4,1989,2016-12-05 07:49:00,H,6
Tears For Fears,Head Over Heels,2018-12-01 16:00:00,H,Head,4,1985,2016-12-05 08:10:00,H,5
The Go Gos,Head Over Heels,2018-12-01 16:04:00,H,Head,6,1984,2016-12-05 08:15:00,H,7
Traveling Wilburys,Heading For The Light,2018-12-01 16:10:00,H,Heading,3,1988,2016-12-05 08:22:00,H,3
King Crimson,Heartbeat,2018-12-01 16:45:00,H,Heartbeat,3,1982,2016-12-05 09:06:00,H,4
Psychedelic Furs,Heartbeat,2018-12-01 16:48:00,H,Heartbeat,7,1984,2016-12-05 09:10:00,H,5
Bob Mould,Heartbreak A Stranger,2018-12-01 16:55:00,H,Heartbreak,6,1989,2016-12-05 09:18:00,H,7
Psychedelic Furs,Heartbreak Beat,2018-12-01 17:01:00,H,Heartbreak,5,1986,2016-12-05 09:25:00,H,5
Psychedelic Furs,Heaven,2018-12-01 17:36:00,H,Heaven,4,1984,2016-12-05 09:57:00,H,3
The Smiths,Heaven Knows I'm Miserable Now,2018-12-01 17:44:00,H,Heaven,3,1984,2016-12-05 10:13:00,H,3
Grateful Dead,Hell In A Bucket,2018-12-01 18:10:00,H,Hell,7,1987,2016-12-05 10:59:00,H,6
Aaron Neville,Hercules,2018-12-01 18:55:00,H,Hercules,4,1987,2016-12-05 12:11:00,H,4
Eurythmics,Here Comes The Rain Again,2018-12-01 19:11:00,H,Here,4,1984,2016-12-05 12:31:00,H,4
The Pixies,Here Comes Your Man,2018-12-01 19:15:00,H,Here,4,1989,2016-12-05 12:43:00,H,3
Lyle Lovett & His Large Band,Here I Am,2018-12-01 19:19:00,H,Here,4,1989,2016-12-05 12:46:00,H,4
Bangles,Hero Takes A Fall,2018-12-01 19:40:00,H,Hero,3,1984,2016-12-05 13:12:00,H,3
Beastie Boys,Hey Ladies,2018-12-01 20:13:00,H,Hey,4,1989,2016-12-05 14:22:00,H,4
Steely Dan,Hey Nineteen,2018-12-01 20:17:00,H,Hey,5,1980,2016-12-05 14:31:00,H,6
Talking Heads,Hey Now,2018-12-01 20:22:00,H,Hey,4,1986,2016-12-05 14:41:00,H,4
Neville Brothers,Hey Pocky Way,2018-12-01 20:26:00,H,Hey,4,1981,2016-12-05 14:45:00,H,4
Steve Winwood,Higher Love,2018-12-01 20:48:00,H,Higher,6,1986,2016-12-05 15:55:00,H,5
Bruce Springsteen,Highway Patrolman,2018-12-01 20:54:00,H,Highway,5,1982,2016-12-05 16:10:00,H,8
The Clash,Hitsville U.k.,2018-12-01 21:15:00,H,Hitsville,4,1980,2016-12-05 16:47:00,H,4
Beastie Boys,"Hold It Now, Hit It",2018-12-01 21:23:00,H,Hold,5,1986,2016-12-05 17:13:00,H,4
The Thompson Twins,Hold Me Now,2018-12-01 21:31:00,H,Hold,5,1984,2016-12-05 17:17:00,H,5
Jackson Browne,Hold Out,2018-12-01 21:59:00,H,Hold,6,1980,2016-12-05 17:47:00,H,8
Lindsey Buckingham,Holiday Road,2018-12-01 22:22:00,H,Holiday,4,1983,2016-12-05 18:22:00,H,2
Red Hot Chili Peppers,Hollywood,2018-12-01 22:30:00,H,Hollywood,9,1985,2016-12-05 18:29:00,H,6
The Pogues,Honky Tonk Woman,2018-12-01 23:06:00,H,Honky,4,1989,2016-12-05 19:57:00,H,3
Kate Bush,Hounds Of Love,2018-12-01 23:43:00,H,Hounds,3,1985,2016-12-05 21:31:00,H,4
Psychedelic Furs,House,2018-12-01 23:51:00,H,House,5,1984,2016-12-05 21:35:00,H,5
The Smithereens,House We Used To Live In,2018-12-02 00:00:00,H,House,4,1988,2016-12-05 21:44:00,H,4
Talking Heads,Houses In Motion,2018-12-02 00:04:00,H,Houses,5,1980,2016-12-05 21:48:00,H,7
The Smiths,How Soon Is Now,2018-12-02 00:37:00,H,How,6,1985,2016-12-05 22:47:00,H,8
The Human League,Human,2018-12-02 00:48:00,H,Human,4,1986,2016-12-05 23:14:00,H,4
Bruce Springsteen,Hungry Heart,2018-12-02 01:09:00,H,Hungry,4,1980,2016-12-05 23:39:00,H,5
Duran Duran,Hungry Like The Wolf,2018-12-02 01:13:00,H,Hungry,4,1982,2016-12-05 23:44:00,H,4
Bad Brains,I Against I,2018-12-02 01:24:00,I,I,3,1986,2016-12-06 00:22:00,I,3
Stevie Wonder,I Ain't Gonna Stand For It,2018-12-02 01:31:00,I,I,5,1980,2016-12-06 00:25:00,I,5
Hall & Oates,I Can't Go For That,2018-12-02 02:10:00,I,I,5,1984,2016-12-06 02:34:00,I,5
LL Cool J,I Can't Live Without My Radio,2018-12-02 02:26:00,I,I,6,1985,2016-12-06 02:41:00,I,6
Eric Clapton,I Can't Stand It,2018-12-02 02:32:00,I,I,4,1981,2016-12-06 02:56:00,I,4
Elvis Costello,I Can't Stand Up For Falling Down,2018-12-02 02:36:00,I,I,2,1980,2016-12-06 03:05:00,I,3
Cheap Trick,I Can't Take It,2018-12-02 02:38:00,I,I,4,1983,2016-12-06 03:17:00,I,3
The English Beat,I Confess,2018-12-02 02:42:00,I,I,4,1982,2016-12-06 03:34:00,I,6
Phil Collins,I Don't Care Anymore,2018-12-02 02:58:00,I,I,5,1982,2016-12-06 04:04:00,I,5
Peter Gabriel,I Don't Remember,2018-12-02 03:10:00,I,I,5,1980,2016-12-06 04:21:00,I,4
The Pretenders,I Go To Sleep,2018-12-02 03:56:00,I,I,3,1981,2016-12-06 05:24:00,I,4
Los Lobos,I Got Loaded,2018-12-02 04:06:00,I,I,3,1984,2016-12-06 05:36:00,I,4
Split Enz,I Got You,2018-12-02 04:15:00,I,I,3,1980,2016-12-06 05:47:00,I,4
Peter Gabriel,I Have The Touch,2018-12-02 04:26:00,I,I,5,1982,2016-12-06 06:00:00,I,5
Lucinda Williams,I Just Wanted To See You So Bad,2018-12-02 04:42:00,I,I,2,1988,2016-12-06 06:45:00,I,3
Michael McDonald,I Keep Forgettin',2018-12-02 04:44:00,I,I,5,1982,2016-12-06 06:57:00,I,4
Nick Lowe,I Knew The Bride When She Used To Rock & Roll,2018-12-02 04:49:00,I,I,4,1985,2016-12-06 07:07:00,I,6
The Waitresses,I Know What Boys Like,2018-12-02 04:58:00,I,I,3,1982,2016-12-06 07:32:00,I,3
Gang Of Four,I Love A Man In Uniform,2018-12-02 05:39:00,I,I,4,1982,2016-12-06 08:09:00,I,5
Joan Jett And The Blackhearts,I Love Rock & Roll,2018-12-02 05:52:00,I,I,2,1981,2016-12-06 08:24:00,I,2
Lou Reed,I Love You Suzanne,2018-12-02 05:59:00,I,I,3,1984,2016-12-06 08:40:00,I,4
Modern English,I Melt With You,2018-12-02 06:06:00,I,I,3,1982,2016-12-06 08:53:00,I,4
LL Cool J,I Need A Beat,2018-12-02 06:15:00,I,I,4,1985,2016-12-06 09:23:00,I,4
LL Cool J,I Need Love,2018-12-02 06:19:00,I,I,8,1987,2016-12-06 09:41:00,I,5
A Flock Of Seagulls,I Ran (So Far Away),2018-12-02 06:40:00,I,I,6,1982,2016-12-06 10:24:00,I,4
U2,I Still Haven't Found What I'm Looking For,2018-12-02 07:18:00,I,I,5,1987,2016-12-06 11:17:00,I,5
Treat Her Right,I Think She Likes Me,2018-12-02 07:28:00,I,I,3,1986,2016-12-06 11:44:00,I,4
The Stone Roses,I Wanna Be Adored,2018-12-02 07:56:00,I,I,4,1989,2016-12-06 12:30:00,I,4
The Soft Boys,I Wanna Destroy You,2018-12-02 08:05:00,I,I,3,1980,2016-12-06 12:43:00,I,3
Bruce Springsteen,I Wanna Marry You,2018-12-02 08:16:00,I,I,4,1980,2016-12-06 12:46:00,I,4
Bow Wow Wow,I Want Candy,2018-12-02 08:26:00,I,I,3,1982,2016-12-06 12:55:00,I,2
Hoodoo Gurus,I Want You Back,2018-12-02 08:53:00,I,I,3,1984,2016-12-06 13:30:00,I,3
The Replacements,I Will Dare,2018-12-02 09:04:00,I,I,4,1983,2016-12-06 13:52:00,I,4
Tom Petty,I Won't Back Down,2018-12-02 09:22:00,I,I,4,1989,2016-12-06 14:29:00,I,5
Prince & The Revolution,I Would Die 4 U,2018-12-02 09:26:00,I,I,2,1984,2016-12-06 14:34:00,I,2
Donald Fagen,I.G.Y.,2018-12-02 09:28:00,I,I,6,1982,2016-12-06 14:43:00,I,6
Icehouse,Icehouse,2018-12-02 09:44:00,I,Icehouse,4,1980,2016-12-06 14:59:00,I,4
Squeeze,If I Didn't Love You,2018-12-02 09:56:00,I,If,5,1980,2016-12-06 15:40:00,I,4
Lyle Lovett,If I Had A Boat,2018-12-02 10:01:00,I,If,3,1987,2016-12-06 15:56:00,I,4
Bruce Cockburn,If I Had A Rocket Launcher,2018-12-02 10:04:00,I,If,6,1984,2016-12-06 16:01:00,I,6
Sting,If You Love Somebody,2018-12-02 10:42:00,I,If,4,1985,2016-12-06 17:17:00,I,4
Cheap Trick,If You Want My Love,2018-12-02 10:55:00,I,If,5,1982,2016-12-06 17:40:00,I,6
The Replacements,I'll Be You,2018-12-02 11:17:00,I,I'll,3,1989,2016-12-06 18:19:00,I,4
Bruce Springsteen,I'm A Rocker,2018-12-02 11:45:00,I,I'm,3,1980,2016-12-06 19:14:00,I,3
Diana Ross,I'm Coming Out,2018-12-02 11:55:00,I,I'm,5,1980,2016-12-06 19:41:00,I,5
John Lee Hooker,I'm In The Mood,2018-12-02 12:29:00,I,I'm,3,1988,2016-12-06 20:44:00,I,4
John Lennon,I'm Losing You,2018-12-02 12:37:00,I,I'm,5,1980,2016-12-06 20:56:00,I,4
Joan Armatrading,I'm Lucky,2018-12-02 12:42:00,I,I'm,3,1981,2016-12-06 21:00:00,I,3
Fine Young Cannibals,I'm Not The Man I Used To Be,2018-12-02 12:45:00,I,I'm,4,1988,2016-12-06 21:14:00,I,4
Bruce Springsteen,I'm On Fire,2018-12-02 12:49:00,I,I'm,4,1984,2016-12-06 21:22:00,I,3
The Blasters,I'm Shakin',2018-12-02 12:57:00,I,I'm,3,1981,2016-12-06 21:38:00,I,4
Leonard Cohen,I'm Your Man,2018-12-02 13:12:00,I,I'm,4,1980,2016-12-06 22:39:00,I,5
Big Country,In A Big Country,2018-12-02 13:16:00,I,In,7,1983,2016-12-06 23:00:00,I,5
The Cure,In Between Days,2018-12-02 13:29:00,I,In,3,1985,2016-12-06 23:27:00,I,3
Phil Collins,In The Air Tonight,2018-12-02 13:39:00,I,In,5,1981,2016-12-07 00:05:00,I,5
Jackson Browne,In The Shape Of A Heart,2018-12-02 14:07:00,I,In,7,1986,2016-12-07 00:35:00,I,6
X,In This House That I Call Home,2018-12-02 14:14:00,I,In,4,1981,2016-12-07 01:07:00,I,5
Peter Gabriel,In Your Eyes,2018-12-02 14:20:00,I,In,7,1986,2016-12-07 01:18:00,I,5
Elvis Costello,Indoor Fireworks,2018-12-02 15:00:00,I,Indoor,4,1986,2016-12-07 01:34:00,I,4
Dire Straits,Industrial Disease,2018-12-02 15:04:00,I,Industrial,7,1982,2016-12-07 01:38:00,I,6
Tom Waits,Innocent When You Dream (Bar Room),2018-12-02 15:26:00,I,Innocent,5,1987,2016-12-07 01:47:00,I,4
John Lennon,Instant Karma!,2018-12-02 15:52:00,I,Instant,4,1986,2016-12-07 01:56:00,I,3
Madonna,Into The Groove,2018-12-02 16:13:00,I,Into,4,1984,2016-12-07 02:25:00,I,4
Psychedelic Furs,Into You Like A Train,2018-12-02 16:27:00,I,Into,4,1981,2016-12-07 02:32:00,I,5
The Police,Invisible Sun,2018-12-02 16:31:00,I,Invisible,4,1981,2016-12-07 02:40:00,I,3
Rickie Lee Jones,It Must Be Love,2018-12-02 17:17:00,I,It,5,1984,2016-12-07 05:00:00,I,5
Men At Work,It's A Mistake,2018-12-02 17:39:00,I,It's,4,1981,2016-12-07 05:46:00,I,4
Talk Talk,It's My Life,2018-12-02 18:33:00,I,It's,4,1984,2016-12-07 07:12:00,I,4
Johnny Winter,"It's My Life, Baby",2018-12-02 18:37:00,I,It's,5,1984,2016-12-07 07:21:00,I,4
R. E. M.,It's The End Of The World As We Know It (And I Feel Fine),2018-12-02 18:53:00,I,It's,4,1987,2016-12-07 07:57:00,I,4
Run-DMC,It's Tricky,2018-12-02 18:57:00,I,It's,3,1986,2016-12-07 08:05:00,I,3
Jane's Addiction,Jane Says,2018-12-02 19:52:00,J,Jane,5,1987,2016-12-07 10:23:00,J,5
Warren Zevon,Jeannie Needs A Shooter,2018-12-02 20:05:00,J,Jeannie,6,1980,2016-12-07 10:45:00,J,4
Tom Waits,Jersey Girl,2018-12-02 20:25:00,J,Jersey,5,1980,2016-12-07 11:23:00,J,7
Bruce Springsteen,Johnny 99,2018-12-02 21:09:00,J,Johnny,4,1982,2016-12-07 12:39:00,J,6
Robert Palmer,Johnny And Mary,2018-12-02 21:13:00,J,Johnny,3,1981,2016-12-07 12:45:00,J,4
Fine Young Cannibals,Johnny Come Home,2018-12-02 21:24:00,J,Johnny,4,1989,2016-12-07 12:51:00,J,5
Bob Dylan,Jokerman,2018-12-02 21:41:00,J,Jokerman,6,1983,2016-12-07 13:11:00,J,6
Rickie Lee Jones,Juke Box Fury,2018-12-02 22:08:00,J,Juke,4,1984,2016-12-07 14:03:00,J,5
Aztec Camera,Jump,2018-12-02 22:24:00,J,Jump,3,1984,2016-12-07 14:17:00,J,3
Van Halen,Jump,2018-12-02 22:27:00,J,Jump,4,1983,2016-12-07 14:20:00,J,4
The Time,Jungle Love,2018-12-02 22:52:00,J,Jungle,6,1984,2016-12-07 14:44:00,J,7
The Cure,Just Like Heaven,2018-12-02 23:52:00,J,Just,3,1987,2016-12-07 15:42:00,J,4
The Jesus And Mary Chain,Just Like Honey,2018-12-02 23:55:00,J,Just,5,1985,2016-12-07 15:46:00,J,3
Little Steven & The Disciples Of Soul,Justice,2018-12-03 00:17:00,J,Justice,3,1984,2016-12-07 16:29:00,J,3
Culture Club,Karma Chameleon,2018-12-03 00:32:00,K,Karma,5,1983,2016-12-07 16:39:00,K,5
Pete Townshend,Keep On Working,2018-12-03 00:50:00,K,Keep,4,1980,2016-12-07 17:56:00,K,4
The Pretenders,Kid,2018-12-03 01:20:00,K,Kid,3,1987,2016-12-07 18:28:00,K,3
The Police,King Of Pain,2018-12-03 01:43:00,K,King,5,1983,2016-12-07 19:09:00,K,5
Run-DMC,King Of Rock,2018-12-03 01:48:00,K,King,6,1986,2016-12-07 19:14:00,K,6
Prince,Kiss,2018-12-03 02:04:00,K,Kiss,3,1986,2016-12-07 19:33:00,K,4
Hall & Oates,Kiss Is On My List,2018-12-03 02:12:00,K,Kiss,4,1980,2016-12-07 19:41:00,K,4
The Replacements,Kiss Me On The Bus,2018-12-03 02:24:00,K,Kiss,2,1985,2016-12-07 19:45:00,K,3
Violent Femmes,Kiss Off,2018-12-03 02:26:00,K,Kiss,1,1983,2016-12-07 19:48:00,K,4
Violent Femmes,Kiss Off,2018-12-03 02:27:00,K,Kiss,2,1983,2016-12-07 19:48:00,K,4
Toots Hibbert,Knock On Wood,2018-12-03 02:44:00,K,Knock,4,1988,2016-12-07 20:19:00,K,4
Third World,Lagos Jump,2018-12-03 03:35:00,L,Lagos,5,1983,2016-12-07 21:33:00,L,5
Pat Metheny Group,Last Train Home,2018-12-03 03:59:00,L,Last,7,1987,2016-12-07 22:34:00,L,6
Paul Simon,Late In The Evening,2018-12-03 04:06:00,L,Late,3,1980,2016-12-07 22:55:00,L,4
R. E. M.,Laughing,2018-12-03 04:09:00,L,Laughing,4,1983,2016-12-07 23:03:00,L,3
Jackson Browne,Lawyers In Love,2018-12-03 04:18:00,L,Lawyers,5,1983,2016-12-07 23:06:00,L,6
Pink Floyd,Learning To Fly,2018-12-03 04:26:00,L,Learning,5,1987,2016-12-08 00:13:00,L,4
Yes,Leave It,2018-12-03 04:35:00,L,Leave,6,1983,2016-12-08 00:21:00,L,5
Suzanne Vega,Left Of Center,2018-12-03 04:46:00,L,Left,4,1986,2016-12-08 00:47:00,L,4
The Replacements,Left Of The Dial,2018-12-03 04:50:00,L,Left,5,1984,2016-12-08 00:51:00,L,4
B-52's,Legal Tender,2018-12-03 04:55:00,L,Legal,5,1983,2016-12-08 01:00:00,L,4
Heaven 17,Let Me Go,2018-12-03 05:21:00,L,Let,4,1986,2016-12-08 02:14:00,L,4
Pete Townshend,Let My Love Open The Door,2018-12-03 05:33:00,L,Let,3,1980,2016-12-08 02:23:00,L,2
David Bowie,Let's Dance,2018-12-03 06:02:00,L,Let's,9,1983,2016-12-08 02:42:00,L,7
Prince & The Revolution,Let's Go Crazy,2018-12-03 06:22:00,L,Let's,5,1984,2016-12-08 03:05:00,L,5
The Cure,Let's Go To Bed,2018-12-03 06:27:00,L,Let's,3,1982,2016-12-08 03:10:00,L,5
Billy Bragg,Levi Stubb's Tears,2018-12-03 07:02:00,L,Levi,4,1986,2016-12-08 03:33:00,L,5
The Thompson Twins,Lies,2018-12-03 07:14:00,L,Lies,3,1983,2016-12-08 03:56:00,L,3
Timbuk 3,Life is Hard,2018-12-03 07:42:00,L,Life,4,1986,2016-12-08 04:26:00,L,4
The Clash,Lightning Strikes,2018-12-03 08:04:00,L,Lightning,4,1980,2016-12-08 05:15:00,L,4
Peter Wolf,Lights Out,2018-12-03 08:08:00,L,Lights,7,1984,2016-12-08 05:19:00,L,6
Madonna,Like A Virgin,2018-12-03 08:35:00,L,Like,5,1984,2016-12-08 05:46:00,L,4
"10,000 Maniacs",Like The Weather,2018-12-03 08:46:00,L,Like,6,1987,2016-12-08 05:53:00,L,5
INXS,Listen Like Thieves,2018-12-03 09:17:00,L,Listen,3,1985,2016-12-08 06:37:00,L,3
Prince,Little Red Corvette,2018-12-03 09:40:00,L,Little,6,1982,2016-12-08 08:00:00,L,5
Jackson Browne,Lives In The Balance,2018-12-03 10:05:00,L,Lives,4,1986,2016-12-08 09:05:00,L,5
John Mellencamp,Lonely Ol' Night,2018-12-03 11:02:00,L,Lonely,4,1985,2016-12-08 10:33:00,L,4
The Style Council,Long Hot Summer,2018-12-03 11:15:00,L,Long,5,1983,2016-12-08 11:05:00,L,5
Robert Palmer,Looking For Clues,2018-12-03 12:01:00,L,Looking,5,1980,2016-12-08 12:21:00,L,7
Toots Hibbert,Love And Happiness,2018-12-03 13:18:00,L,Love,6,1988,2016-12-08 14:17:00,L,7
Nanci Griffith,Love At The Five & Dime,2018-12-03 13:32:00,L,Love,4,1986,2016-12-08 14:24:00,L,5
Aerosmith,Love In An Elevator,2018-12-03 14:00:00,L,Love,5,1987,2016-12-08 15:05:00,L,6
Sting,Love Is The Seventh Wave,2018-12-03 14:38:00,L,Love,5,1985,2016-12-08 16:04:00,L,4
Bonnie Raitt,Love Letter,2018-12-03 14:48:00,L,Love,3,1989,2016-12-08 16:14:00,L,4
Psychedelic Furs,Love My Way,2018-12-03 14:56:00,L,Love,4,1982,2016-12-08 16:38:00,L,4
Haircut One Hundred,Love Plus One,2018-12-03 15:15:00,L,Love,4,1982,2016-12-08 17:00:00,L,3
B-52's,Love Shack,2018-12-03 15:24:00,L,Love,5,1989,2016-12-08 17:21:00,L,5
The J. Geils Band,Love Stinks,2018-12-03 15:42:00,L,Love,4,1980,2016-12-08 17:40:00,L,4
Stevie Ray Vaughan,Love Struck Baby,2018-12-03 15:46:00,L,Love,4,1986,2016-12-08 17:44:00,L,2
Teddy Pendergrass,Love TKO,2018-12-03 15:50:00,L,Love,5,1980,2016-12-08 17:55:00,L,5
New Order,Love Vigilantes,2018-12-03 15:55:00,L,Love,5,1985,2016-12-08 18:12:00,L,4
Devo,Love Without Anger,2018-12-03 16:11:00,L,Love,4,1981,2016-12-08 18:31:00,L,2
Bruce Cockburn,Lovers In A Dangerous Time,2018-12-03 16:35:00,L,Lovers,4,1984,2016-12-08 19:06:00,L,5
The Cure,Lovesong,2018-12-03 16:50:00,L,Lovesong,5,1989,2016-12-08 19:35:00,L,4
The Lemonheads,Luka,2018-12-03 17:29:00,L,Luka,3,1989,2016-12-08 20:45:00,L,4
Suzanne Vega,Luka,2018-12-03 17:32:00,L,Luka,5,1988,2016-12-08 20:41:00,L,4
Tears For Fears,Mad World,2018-12-03 18:04:00,M,Mad,3,1984,2016-12-08 21:12:00,M,5
De La Soul,Magic Number,2018-12-03 18:39:00,M,Magic,4,1989,2016-12-08 21:54:00,M,4
Husker Du,Makes No Sense At All,2018-12-03 19:13:00,M,Makes,3,1984,2016-12-08 22:38:00,M,4
Dr. John,Makin' Whoopee,2018-12-03 19:16:00,M,Makin',4,1989,2016-12-08 22:42:00,M,4
Talking Heads,Making Flippy Floppy,2018-12-03 19:20:00,M,Making,6,1983,2016-12-08 22:46:00,M,6
Junior,Mama Used To Say,2018-12-03 19:33:00,M,Mama,4,1982,2016-12-08 23:18:00,M,4
Sinead O'Connor,Mandinka,2018-12-03 20:16:00,M,Mandinka,6,1987,2016-12-08 23:56:00,M,4
Bangles,Manic Monday,2018-12-03 20:35:00,M,Manic,5,1984,2016-12-09 00:09:00,M,4
The Blasters,Marie Marie,2018-12-03 21:03:00,M,Marie,2,1982,2016-12-09 00:28:00,M,2
Suzanne Vega,Marlene On The Wall,2018-12-03 21:09:00,M,Marlene,5,1985,2016-12-09 00:30:00,M,5
Run-DMC,"Mary, Mary",2018-12-03 21:18:00,M,Mary,3,1988,2016-12-09 01:07:00,M,5
Stevie Wonder,Master Blaster (Jammin'),2018-12-03 21:33:00,M,Master,5,1980,2016-12-09 01:14:00,M,5
XTC,Mayor Of Simpleton,2018-12-03 22:07:00,M,Mayor,3,1986,2016-12-09 01:52:00,M,4
NRBQ,Me And The Boys,2018-12-03 22:10:00,M,Me,5,1980,2016-12-09 02:11:00,M,3
De La Soul,Me Myself & I,2018-12-03 22:15:00,M,Me,3,1989,2016-12-09 02:22:00,M,4
Joan Armatrading,Me Myself I,2018-12-03 22:18:00,M,Me,4,1980,2016-12-09 02:18:00,M,4
John Hiatt,Memphis In The Meantime,2018-12-03 22:44:00,M,Memphis,4,1987,2016-12-09 03:14:00,M,4
David Lindley,Mercury Blues,2018-12-03 22:52:00,M,Mercury,3,1981,2016-12-09 03:28:00,M,4
Peter Gabriel,Mercy Street,2018-12-03 22:55:00,M,Mercy,5,1987,2016-12-09 03:43:00,M,4
The Pretenders,Message Of Love,2018-12-03 23:04:00,M,Message,4,1981,2016-12-09 04:05:00,M,3
Wall Of Voodoo,Mexican Radio,2018-12-03 23:26:00,M,Mexican,4,1982,2016-12-09 04:26:00,M,3
The Pretenders,Middle Of The Road,2018-12-03 23:42:00,M,Middle,5,1983,2016-12-09 04:44:00,M,4
The English Beat,Mirror In The Bathroom,2018-12-04 00:24:00,M,Mirror,3,1980,2016-12-09 06:02:00,M,6
Eurythmics,Missionary Man,2018-12-04 01:00:00,M,Missionary,4,1986,2016-12-09 06:38:00,M,4
Genesis,Misunderstanding,2018-12-04 01:10:00,M,Misunderstanding,3,1980,2016-12-09 07:14:00,M,3
David Bowie,Modern Love,2018-12-04 01:19:00,M,Modern,6,1983,2016-12-09 07:45:00,M,8
The Pixies,Monkey Gone To Heaven,2018-12-04 01:59:00,M,Monkey,3,1989,2016-12-09 08:46:00,M,5
Zapp & Roger,More Bounce To The Ounce,2018-12-04 02:15:00,M,More,11,1980,2016-12-09 09:27:00,M,10
Roxy Music,More Than This,2018-12-04 02:32:00,M,More,4,1982,2016-12-09 09:37:00,M,4
Talking Heads,Mr. Jones,2018-12-04 03:28:00,M,Mr,4,1988,2016-12-09 11:42:00,M,5
Styx,Mr. Roboto,2018-12-04 03:38:00,M,Mr,4,1981,2016-12-09 11:49:00,M,6
The Police,Murder By Numbers,2018-12-04 03:51:00,M,Murder,5,1983,2016-12-09 13:02:00,M,5
Run-DMC,My Adiddas,2018-12-04 04:22:00,M,My,3,1986,2016-12-09 13:22:00,M,3
The Pretenders,My City Was Gone,2018-12-04 04:36:00,M,My,5,1982,2016-12-09 13:55:00,M,6
The Style Council,My Ever Changing Moods,2018-12-04 04:49:00,M,My,6,1984,2016-12-09 14:10:00,M,7
The Dirty Dozen Brass Band,My Feet Can't Fail Me Now,2018-12-04 05:11:00,M,My,7,1984,2016-12-09 14:43:00,M,4
Bruce Springsteen,My Hometown,2018-12-04 05:24:00,M,My,5,1984,2016-12-09 15:04:00,M,5
The Pretenders,Mystery Achievement,2018-12-04 06:46:00,M,Mystery,9,1980,2016-12-09 16:40:00,M,5
Echo & The Bunnymen,Never Stop,2018-12-04 08:23:00,N,Never,5,1983,2016-12-09 18:36:00,N,7
Donald Fagen,New Frontier,2018-12-04 09:01:00,N,New,7,1982,2016-12-09 19:03:00,N,8
INXS,New Sensation,2018-12-04 09:27:00,N,New,4,1988,2016-12-09 19:18:00,N,4
Lou Reed,New Sensations,2018-12-04 09:31:00,N,New,5,1984,2016-12-09 19:22:00,N,6
Lene Lovich,New Toy,2018-12-04 09:42:00,N,New,3,1981,2016-12-09 19:40:00,N,4
U2,New Years Day,2018-12-04 09:50:00,N,New,6,1983,2016-12-09 19:44:00,N,6
Bonnie Raitt,Nick Of Time,2018-12-04 10:16:00,N,Nick,3,1989,2016-12-09 20:33:00,N,3
Gregory Isaacs,Night Nurse,2018-12-04 10:25:00,N,Night,4,1982,2016-12-09 20:56:00,N,4
The J. Geils Band,Night Time,2018-12-04 10:29:00,N,Night,4,1980,2016-12-09 21:08:00,N,6
Steve Winwood,Night Train,2018-12-04 10:33:00,N,Night,9,1980,2016-12-09 21:27:00,N,9
The Replacements,Nightclub Jitters,2018-12-04 10:45:00,N,Nightclub,3,1987,2016-12-09 21:47:00,N,2
Mary Black,No Frontiers,2018-12-04 11:00:00,N,No,3,1989,2016-12-09 22:39:00,N,5
Robert Earl Keen,No Kinda Dancer,2018-12-04 11:13:00,N,No,3,1984,2016-12-09 22:44:00,N,3
Michael Penn,No Myth,2018-12-04 11:24:00,N,No,5,1989,2016-12-09 22:59:00,N,4
Love And Rockets,No New Tale To Tell,2018-12-04 11:29:00,N,No,4,1987,2016-12-09 23:03:00,N,4
Genesis,No Reply,2018-12-04 11:59:00,N,No,5,1981,2016-12-09 23:37:00,N,4
Bruce Springsteen,No Surrender,2018-12-04 12:15:00,N,No,4,1984,2016-12-09 23:51:00,N,4
Laurie Anderson,O Superman,2018-12-04 14:21:00,O,O,11,1981,2016-12-10 01:29:00,O,8
Aztec Camera,Oblivious,2018-12-04 14:35:00,O,Oblivious,3,1983,2016-12-10 01:37:00,O,5
Adrian Belew,Oh Daddy,2018-12-04 15:03:00,O,Oh,3,1989,2016-12-10 02:22:00,O,3
Willie Nelson,On The Road Again,2018-12-04 15:51:00,O,On,3,1980,2016-12-10 04:29:00,O,3
Talking Heads,Once In A Lifetime,2018-12-04 16:16:00,O,Once,6,1980,2016-12-10 04:41:00,O,4
Bruce Springsteen,One Step Up,2018-12-04 17:45:00,O,One,7,1987,2016-12-10 06:56:00,O,5
The Fixx,One Thing Leads To Another,2018-12-04 17:52:00,O,One,3,1987,2016-12-10 07:06:00,O,5
Los Lobos,"One Time, One Night",2018-12-04 17:55:00,O,One,5,1987,2016-12-10 07:11:00,O,5
The Police,One World,2018-12-04 18:05:00,O,One,6,1981,2016-12-10 07:36:00,O,5
The Smithereens,Only A Memory,2018-12-04 18:19:00,O,Only,3,1988,2016-12-10 07:41:00,O,5
Yaz,Only You,2018-12-04 18:37:00,O,Only,1,1982,2016-12-10 08:04:00,O,4
Yaz,Only You,2018-12-04 18:38:00,O,Only,3,1982,2016-12-10 08:04:00,O,4
R. E. M.,Orange Crush,2018-12-04 19:04:00,O,Orange,5,1988,2016-12-10 08:57:00,O,4
Enya,Orinocco Flow,2018-12-04 19:09:00,O,Orinocco,4,1988,2016-12-10 09:24:00,O,5
Madness,Our House,2018-12-04 19:30:00,O,Our,9,1982,2016-12-10 09:42:00,O,5
Bruce Springsteen,Out In The Street,2018-12-04 19:44:00,O,Out,7,1980,2016-12-10 09:53:00,O,5
Yes,Owner Of A Lonely Heart,2018-12-04 20:20:00,O,Owner,4,1983,2016-12-10 10:53:00,O,4
James McMurtry,Painting By Numbers,2018-12-04 20:37:00,P,Painting,6,1989,2016-12-10 11:19:00,P,5
Tears For Fears,Pale Shelter,2018-12-04 20:48:00,P,Pale,4,1983,2016-12-10 11:24:00,P,6
The Smiths,Panic,2018-12-04 21:09:00,P,Panic,2,1986,2016-12-10 11:33:00,P,2
B-52's,Party Out Of Bounds,2018-12-04 22:10:00,P,Party,3,1980,2016-12-10 13:00:00,P,4
Lucinda Williams,Passionate Kisses,2018-12-04 22:26:00,P,Passionate,2,1988,2016-12-10 13:17:00,P,3
David Lindley,Pay The Man,2018-12-04 22:39:00,P,Pay,3,1981,2016-12-10 13:28:00,P,4
"10,000 Maniacs",Peace Train,2018-12-04 22:50:00,P,Peace,5,1987,2016-12-10 13:53:00,P,3
Depeche Mode,People Are People,2018-12-04 23:15:00,P,People,3,1982,2016-12-10 14:37:00,P,5
The Jim Carroll Band,People Who Died,2018-12-04 23:18:00,P,People,6,1980,2016-12-10 15:11:00,P,8
Lloyd Cole & The Commotions,Perfect Skin,2018-12-04 23:31:00,P,Perfect,3,1984,2016-12-10 15:34:00,P,3
Camper Van Beethoven,Photograph,2018-12-05 00:04:00,P,Photograph,4,1987,2016-12-10 16:30:00,P,3
Camper Van Beethoven,Pictures Of Matchstick Men,2018-12-05 00:28:00,P,Pictures,5,1989,2016-12-10 17:00:00,P,3
The Cure,Pictures Of You,2018-12-05 00:33:00,P,Pictures,7,1989,2016-12-10 17:08:00,P,3
Afrika Bambaata & Soul Sonic Force,Planet Rock,2018-12-05 01:17:00,P,Planet,8,1986,2016-12-10 17:55:00,P,0
Rockpile,Play That Fast Thing One More Time,2018-12-05 01:35:00,P,Play,4,1980,2016-12-10 18:08:00,P,5
Bruce Springsteen,Point Blank,2018-12-05 02:02:00,P,Point,6,1980,2016-12-10 19:04:00,P,8
ABC,Poison Arrow,2018-12-05 02:12:00,P,Poison,6,1982,2016-12-10 19:15:00,P,5
The Clash,Police On My Back,2018-12-05 02:18:00,P,Police,3,1980,2016-12-10 19:33:00,P,4
Prince & The Revolution,Pop Life,2018-12-05 02:34:00,P,Pop,4,1985,2016-12-10 20:03:00,P,4
R. E. M.,Pop Song 89,2018-12-05 02:38:00,P,Pop,4,1988,2016-12-10 20:11:00,P,3
Midnight Oil,Power And Passion,2018-12-05 03:00:00,P,Power,6,1982,2016-12-10 20:52:00,P,7
Eric Clapton,Pretending,2018-12-05 03:42:00,P,Pretending,5,1989,2016-12-10 21:21:00,P,4
Psychedelic Furs,Pretty In Pink,2018-12-05 03:52:00,P,Pretty,4,1981,2016-12-10 21:36:00,P,6
R. E. M.,Pretty Persuasion,2018-12-05 03:56:00,P,Pretty,4,1984,2016-12-10 21:49:00,P,6
Stevie Ray Vaughan,Pride And Joy,2018-12-05 04:04:00,P,Pride,4,1986,2016-12-10 22:12:00,P,5
B-52's,Private Idaho,2018-12-05 04:32:00,P,Private,4,1980,2016-12-10 22:36:00,P,3
The Pretenders,Private Life,2018-12-05 04:49:00,P,Private,6,1980,2016-12-10 22:39:00,P,8
World Party,Private Revolution,2018-12-05 05:01:00,P,Private,4,1986,2016-12-10 22:47:00,P,4
Simple Minds,Promised You A Miracle,2018-12-05 05:15:00,P,Promised,4,1982,2016-12-10 22:51:00,P,4
Naked Eyes,Promises Promises,2018-12-05 05:19:00,P,Promises,3,1983,2016-12-10 22:55:00,P,4
Grace Jones,Pull Up To The Bumper,2018-12-05 05:38:00,P,Pull,4,1981,2016-12-10 23:18:00,P,4
Squeeze,Pulling Mussels From A Shell,2018-12-05 05:42:00,P,Pulling,4,1980,2016-12-10 23:22:00,P,4
M/A/R/R/S,Pump Up The Volume,2018-12-05 05:52:00,P,Pump,4,1987,2016-12-10 23:29:00,P,4
Dead Milkmen,Punk Rock Girl,2018-12-05 05:56:00,P,Punk,3,1988,2016-12-10 23:33:00,P,4
Prince,Purple Rain,2018-12-05 05:59:00,P,Purple,9,1989,2016-12-10 23:51:00,P,9
Garland Jeffreys,R.o.c.k.,2018-12-05 06:56:00,R,R,4,1981,2016-12-11 00:52:00,R,4
R. E. M.,Radio Free Europe,2018-12-05 07:08:00,R,Radio,5,1981,2016-12-11 01:17:00,R,4
Queen,Radio Ga Ga,2018-12-05 07:13:00,R,Radio,6,1984,2016-12-11 01:21:00,R,5
Tom Waits,Rain Dogs,2018-12-05 07:53:00,R,Rain,3,1985,2016-12-11 01:58:00,R,4
John Mellencamp,Rain On The Scarecrow,2018-12-05 08:01:00,R,Rain,4,1985,2016-12-11 02:12:00,R,4
Bruce Springsteen,Ramrod,2018-12-05 08:30:00,R,Ramrod,4,1980,2016-12-11 02:54:00,R,4
The English Beat,Ranking Full Stop,2018-12-05 08:34:00,R,Ranking,4,1980,2016-12-11 03:11:00,R,3
Blondie,Rapture,2018-12-05 08:38:00,R,Rapture,7,1980,2016-12-11 03:14:00,R,6
Prince,Raspberry Beret,2018-12-05 08:45:00,R,Raspberry,7,1985,2016-12-11 03:27:00,R,4
Steel Pulse,Ravers,2018-12-05 08:55:00,R,Ravers,4,1982,2016-12-11 03:37:00,R,3
Peter Gabriel,Red Rain,2018-12-05 10:05:00,R,Red,5,1987,2016-12-11 05:07:00,R,6
UB40,Red Red Wine,2018-12-05 10:10:00,R,Red,5,1983,2016-12-11 05:13:00,R,3
The Blasters,Red Rose,2018-12-05 10:15:00,R,Red,3,1983,2016-12-11 05:16:00,R,3
Bob Marley & The Wailers,Redemption Song,2018-12-05 10:35:00,R,Redemption,4,1980,2016-12-11 05:34:00,R,3
Frankie Goes To Hollywood,Relax,2018-12-05 10:57:00,R,Relax,4,1983,2016-12-11 06:31:00,R,7
XTC,Respectable Street,2018-12-05 11:28:00,R,Respectable,3,1980,2016-12-11 07:21:00,R,3
Jerry Harrison,Rev It Up,2018-12-05 11:31:00,R,Rev,4,1988,2016-12-11 07:44:00,R,4
Shawn Colvin,Ricochet In Time,2018-12-05 11:59:00,R,Ricochet,4,1989,2016-12-11 08:48:00,R,3
Wall Of Voodoo,Ring of Fire,2018-12-05 12:18:00,R,Ring,4,1980,2016-12-11 10:31:00,R,5
Public Image Ltd.,Rise,2018-12-05 12:39:00,R,Rise,8,1985,2016-12-11 10:45:00,R,8
Stevie Ray Vaughan,Riviera Paradise,2018-12-05 13:01:00,R,Riviera,8,1989,2016-12-11 11:10:00,R,9
Talking Heads,Road to Nowhere,2018-12-05 13:09:00,R,Road,6,1985,2016-12-11 11:19:00,R,6
B-52's,Roam,2018-12-05 13:19:00,R,Roam,7,1989,2016-12-11 11:46:00,R,7
AC/DC,Rock And Roll Ain't Noise Pollution,2018-12-05 13:36:00,R,Rock,4,1980,2016-12-11 12:17:00,R,4
The Clash,Rock The Casbah,2018-12-05 14:29:00,R,Rock,4,1981,2016-12-11 13:31:00,R,5
Stray Cats,Rock This Town,2018-12-05 14:33:00,R,Rock,6,1983,2016-12-11 13:36:00,R,3
Neil Young,Rockin' In The Free World,2018-12-05 14:59:00,R,Rockin',5,1989,2016-12-11 14:05:00,R,6
Dire Straits,Romeo & Juliet,2018-12-05 15:59:00,R,Romeo,6,1984,2016-12-11 15:37:00,R,6
Pete Townshend,Rough Boys,2018-12-05 16:32:00,R,Rough,4,1980,2016-12-11 16:19:00,R,4
Slade,Run Runaway,2018-12-05 17:10:00,R,Run,7,1983,2016-12-11 18:00:00,R,4
Tom Petty,Runnin' Down A Dream,2018-12-05 17:30:00,R,Runnin',4,1989,2016-12-11 18:24:00,R,5
Kate Bush,Running Up That Hill,2018-12-05 17:38:00,R,Running,8,1986,2016-12-11 18:44:00,R,5
Rickie Lee Jones,Satellites,2018-12-05 19:04:00,S,Satellites,7,1989,2016-12-11 20:48:00,S,7
The English Beat,Save It For Later,2018-12-05 19:29:00,S,Save,3,1982,2016-12-11 21:15:00,S,5
The Fixx,Saved By Zero,2018-12-05 19:42:00,S,Saved,4,1982,2016-12-11 21:30:00,S,4
De La Soul,Say No Go,2018-12-05 20:09:00,S,Say,7,1989,2016-12-11 21:55:00,S,5
Stevie Ray Vaughan,Say What,2018-12-05 20:20:00,S,Say,7,1985,2016-12-11 22:03:00,S,5
Johnny Clegg & Savuka,Scatterlings Of Africa,2018-12-05 20:51:00,S,Scatterlings,4,1987,2016-12-11 22:41:00,S,3
The Honeydrippers,Sea of Love,2018-12-05 21:25:00,S,Sea,3,1984,2016-12-11 23:14:00,S,3
Public Image Ltd.,Seattle,2018-12-05 21:28:00,S,Seattle,4,1987,2016-12-11 23:32:00,S,4
Bob Mould,See A Little Light,2018-12-05 21:53:00,S,See,4,1989,2016-12-12 00:08:00,S,4
X,See How We Are,2018-12-05 21:57:00,S,See,4,1987,2016-12-12 00:15:00,S,4
Third World,Sense Of Purpose,2018-12-05 22:30:00,S,Sense,5,1985,2016-12-12 00:50:00,S,5
XTC,Senses Working Overtime,2018-12-05 22:35:00,S,Senses,6,1982,2016-12-12 00:55:00,S,5
R. E. M.,Seven Chinese Brothers,2018-12-05 23:08:00,S,Seven,6,1984,2016-12-12 01:34:00,S,4
Rosanne Cash,Seven Year Ache,2018-12-05 23:20:00,S,Seven,3,1981,2016-12-12 01:46:00,S,3
Beastie Boys,Shake Your Rump,2018-12-06 00:21:00,S,Shake,3,1989,2016-12-12 03:30:00,S,4
Los Lobos,Shakin' Shakin' Shakes,2018-12-06 00:31:00,S,Shakin',4,1987,2016-12-12 03:46:00,S,4
The Stone Roses,She Bangs The Drums,2018-12-06 00:56:00,S,She,4,1989,2016-12-12 04:28:00,S,3
Fine Young Cannibals,She Drives Me Crazy,2018-12-06 01:07:00,S,She,6,1989,2016-12-12 04:47:00,S,4
The Cult,She Sells Sanctuary,2018-12-06 01:22:00,S,She,5,1985,2016-12-12 05:12:00,S,4
Gary Myrick & The Figures,She Talks In Stereo,2018-12-06 01:27:00,S,She,4,1980,2016-12-12 05:16:00,S,4
David Lindley,She Took Off My Romeos,2018-12-06 01:34:00,S,She,3,1981,2016-12-12 05:25:00,S,4
Bruce Springsteen,Sherry Darling,2018-12-06 01:56:00,S,Sherry,4,1980,2016-12-12 05:51:00,S,4
Bodeans,She's A Runaway,2018-12-06 02:15:00,S,She's,4,1986,2016-12-12 06:03:00,S,6
Billy Bragg,She's Got A New Spell,2018-12-06 02:40:00,S,She's,3,1988,2016-12-12 06:28:00,S,3
Tracy Chapman,She's Got Her Ticket,2018-12-06 02:43:00,S,She's,7,1988,2016-12-12 06:38:00,S,3
Lyle Lovett,She's No Lady,2018-12-06 02:54:00,S,She's,3,1987,2016-12-12 06:47:00,S,6
The Rolling Stones,She's So Cold,2018-12-06 02:57:00,S,She's,4,1980,2016-12-12 06:59:00,S,4
Peter Gabriel,Shock The Monkey,2018-12-06 03:31:00,S,Shock,5,1982,2016-12-12 08:22:00,S,6
Richard & Linda Thompson,Shoot Out The Lights,2018-12-06 03:36:00,S,Shoot,5,1982,2016-12-12 08:31:00,S,7
Shawn Colvin,Shotgun Down The Avalanche,2018-12-06 03:59:00,S,Shotgun,4,1989,2016-12-12 08:53:00,S,5
The Clash,Should I Stay Or Should I Go?,2018-12-06 04:03:00,S,Should,3,1982,2016-12-12 08:58:00,S,4
Tears For Fears,Shout,2018-12-06 04:06:00,S,Shout,9,1984,2016-12-12 09:02:00,S,7
The Pretenders,Show Me,2018-12-06 04:18:00,S,Show,4,1983,2016-12-12 09:22:00,S,4
Prince,Sign O' The Times,2018-12-06 04:39:00,S,Sign,3,1987,2016-12-12 09:59:00,S,5
Eurythmics,Sisters Are Doin' It For Themselves,2018-12-06 05:29:00,S,Sisters,6,1985,2016-12-12 11:27:00,S,6
Yaz,Situation,2018-12-06 05:39:00,S,Situation,6,1982,2016-12-12 11:47:00,S,8
Dire Straits,Skateaway,2018-12-06 05:54:00,S,Skateaway,6,1980,2016-12-12 12:04:00,S,7
Bryan Ferry,Slave To Love,2018-12-06 06:16:00,S,Slave,9,1985,2016-12-12 12:46:00,S,4
Grace Jones,Slave To The Rhythm,2018-12-06 06:25:00,S,Slave,4,1985,2016-12-12 12:50:00,S,6
Peter Gabriel,Sledgehammer,2018-12-06 06:29:00,S,Sledgehammer,5,1986,2016-12-12 12:56:00,S,6
Dave Edmunds,Slipping Away,2018-12-06 06:59:00,S,Slipping,5,1983,2016-12-12 13:33:00,S,5
John Hiatt,Slow Turning,2018-12-06 07:24:00,S,Slow,3,1988,2016-12-12 13:48:00,S,4
Robert Cray,Smoking Gun,2018-12-06 08:03:00,S,Smoking,6,1986,2016-12-12 14:18:00,S,5
Love And Rockets,So Alive,2018-12-06 08:41:00,S,So,4,1989,2016-12-12 14:38:00,S,3
Dire Straits,So Far Away,2018-12-06 08:53:00,S,So,5,1985,2016-12-12 14:55:00,S,5
Black Uhuru,Solidarity,2018-12-06 09:27:00,S,Solidarity,4,1983,2016-12-12 16:31:00,S,4
Suzanne Vega,Solitude Standing,2018-12-06 09:31:00,S,Solitude,4,1987,2016-12-12 16:41:00,S,5
Jackson Browne,Somebody's Baby,2018-12-06 10:01:00,S,Somebody's,4,1982,2016-12-12 17:32:00,S,4
Steve Earle,Someday,2018-12-06 10:10:00,S,Someday,4,1986,2016-12-12 17:44:00,S,4
Marshall Crenshaw,"Someday, Someway",2018-12-06 10:14:00,S,Someday,3,1982,2016-12-12 18:00:00,S,3
Crowded House,Something So Strong,2018-12-06 10:46:00,S,Something,3,1986,2016-12-12 18:52:00,S,3
R. E. M.,South Central Rain,2018-12-06 11:59:00,S,South,4,1985,2016-12-12 21:31:00,S,3
Crosby Stills & Nash,Southern Cross,2018-12-06 12:07:00,S,Southern,6,1982,2016-12-12 21:51:00,S,5
Gilberto Gil,Soy Loco Por Ti America,2018-12-06 12:13:00,S,Soy,5,1987,2016-12-12 22:26:00,S,5
Steve Winwood,Spanish Dancer,2018-12-06 12:31:00,S,Spanish,5,1980,2016-12-12 22:42:00,S,6
The Police,Spirits In The Material World,2018-12-06 13:13:00,S,Spirits,4,1981,2016-12-12 23:23:00,S,3
Black Uhuru,Sponji Reggae,2018-12-06 13:22:00,S,Sponji,4,1981,2016-12-12 23:38:00,S,5
Teena Marie,Square Biz,2018-12-06 13:36:00,S,Square,8,1981,2016-12-12 23:43:00,S,7
R. E. M.,Stand,2018-12-06 13:51:00,S,Stand,5,1988,2016-12-13 00:21:00,S,3
Rick James and The Temptations,Standing On The Top,2018-12-06 14:08:00,S,Standing,12,1982,2016-12-13 00:40:00,S,10
The Rolling Stones,Start Me Up,2018-12-06 14:40:00,S,Start,3,1989,2016-12-13 01:20:00,S,3
The Blue Nile,Stay,2018-12-06 15:04:00,S,Stay,7,1984,2016-12-13 02:01:00,S,4
Talking Heads,Stay Up Late,2018-12-06 15:11:00,S,Stay,4,1985,2016-12-13 02:30:00,S,3
Joe Jackson,Steppin Out,2018-12-06 15:20:00,S,Steppin,7,1982,2016-12-13 03:29:00,S,4
Stevie Nicks,Stop Draggin' My Heart Around,2018-12-06 16:12:00,S,Stop,4,1981,2016-12-13 04:39:00,S,4
The Pretenders,Stop Your Sobbing,2018-12-06 16:36:00,S,Stop,3,1980,2016-12-13 04:57:00,S,3
The Buzzcocks,Ever Fallen In Love?,2018-12-06 16:56:00,E,Ever,3,1980,2016-12-03 22:22:00,E,2
Galaxie 500,Strange,2018-12-06 16:59:00,S,Strange,3,1989,2016-12-13 05:19:00,S,4
B-52's,Summer Of Love,2018-12-06 18:10:00,S,Summer,5,1986,2016-12-13 09:02:00,S,4
The Rolling Stones,Summer Romance,2018-12-06 18:15:00,S,Summer,3,1980,2016-12-13 09:16:00,S,3
U2,"Sunday, Bloody Sunday",2018-12-06 18:54:00,S,Sunday,6,1983,2016-12-13 10:40:00,S,5
Don Henley,Sunset Grill,2018-12-06 19:04:00,S,Sunset,6,1984,2016-12-13 11:01:00,S,6
Bob Mould,Sunspots,2018-12-06 19:10:00,S,Sunspots,2,1989,2016-12-13 11:16:00,S,2
Rick James,Super Freak,2018-12-06 19:12:00,S,Super,5,1981,2016-12-13 11:30:00,S,4
R. E. M.,Superman,2018-12-06 19:21:00,S,Superman,2,1986,2016-12-13 11:39:00,S,2
Phil Collins,Sussudio,2018-12-06 19:45:00,S,Sussudio,5,1985,2016-12-13 13:11:00,S,5
Talking Heads,Swamp,2018-12-06 19:55:00,S,Swamp,5,1983,2016-12-13 13:21:00,S,5
Eurythmics,Sweet Dreams (Are Made Of This),2018-12-06 20:20:00,S,Sweet,3,1983,2016-12-13 13:39:00,S,4
Cowboy Junkies,Sweet Jane,2018-12-06 20:27:00,S,Sweet,5,1988,2016-12-13 14:06:00,S,4
The Kings,Switchin' To Glide / This Beat Goes On,2018-12-06 21:00:00,S,Switchin',5,1980,2016-12-13 15:08:00,S,7
The Police,Synchronicity II,2018-12-06 21:16:00,S,Synchronicity,5,1983,2016-12-13 15:21:00,S,5
Soft Cell,Tainted Love,2018-12-06 21:30:00,T,Tainted,2,1981,2016-12-13 15:36:00,T,2
Keith Richards,Take It So Hard,2018-12-06 21:51:00,T,Take,3,1988,2016-12-13 16:20:00,T,3
Talking Heads,Take Me To The River,2018-12-06 21:54:00,T,Take,5,1981,2016-12-13 17:07:00,T,9
Prince & The Revolution,Take Me With U,2018-12-06 21:59:00,T,Take,4,1984,2016-12-13 17:16:00,T,4
a-ha,Take On Me,2018-12-06 22:07:00,T,Take,6,1985,2016-12-13 17:30:00,T,4
Camper Van Beethoven,Take The Skinheads Bowling,2018-12-06 22:17:00,T,Take,3,1985,2016-12-13 17:53:00,T,3
R. E. M.,Talk About the Passion,2018-12-06 22:40:00,T,Talk,4,1981,2016-12-13 18:14:00,T,3
The Pretenders,Talk Of The Town,2018-12-06 22:48:00,T,Talk,2,1980,2016-12-13 18:20:00,T,3
Talk Talk,Talk Talk,2018-12-06 22:50:00,T,Talk,4,1982,2016-12-13 18:23:00,T,3
Tracy Chapman,Talkin' Bout A Revolution,2018-12-06 23:10:00,T,Talkin',3,1988,2016-12-13 18:30:00,T,3
Steve Winwood,Talking Back To The Night,2018-12-06 23:13:00,T,Talking,5,1981,2016-12-13 18:36:00,T,8
Rockpile,"Teacher, Teacher",2018-12-07 00:00:00,T,Teacher,2,1980,2016-12-13 19:27:00,T,3
Richard Thompson,Tear Stained Letter,2018-12-07 00:05:00,T,Tear,4,1983,2016-12-13 19:35:00,T,5
The English Beat,Tears Of A Clown,2018-12-07 00:17:00,T,Tears,3,1980,2016-12-13 19:43:00,T,2
Sonic Youth,Teenage Riot,2018-12-07 00:30:00,T,Teenage,7,1988,2016-12-13 19:53:00,T,7
New Order,Temptation,2018-12-07 01:37:00,T,Temptation,7,1982,2016-12-13 21:06:00,T,10
Squeeze,Tempted,2018-12-07 01:44:00,T,Tempted,6,1986,2016-12-13 21:21:00,T,5
General Public,Tenderness,2018-12-07 01:55:00,T,Tenderness,4,1984,2016-12-13 21:31:00,T,3
Stevie Ray Vaughan,Texas Flood,2018-12-07 02:12:00,T,Texas,6,1986,2016-12-13 22:42:00,T,6
John Hiatt,Thank You Girl,2018-12-07 02:19:00,T,Thank,4,1987,2016-12-13 23:15:00,T,4
Stevie Wonder,That Girl,2018-12-07 02:35:00,T,That,5,1980,2016-12-13 23:25:00,T,5
Jackson Browne,That Girl Could Sing,2018-12-07 02:40:00,T,That,5,1980,2016-12-13 23:30:00,T,5
Peter Gabriel,That Voice Again,2018-12-07 03:00:00,T,That,5,1986,2016-12-13 23:55:00,T,5
Prince,The Ballad of Dorothy Parker,2018-12-07 04:06:00,T,The,4,1987,2016-12-14 01:19:00,T,4
The The,The Beat(en) Generation,2018-12-07 04:16:00,T,The,3,1989,2016-12-14 01:53:00,T,3
Sheila Hylton,The Bed's Too Big Without You,2018-12-07 04:24:00,T,The,4,1981,2016-12-14 01:56:00,T,3
Big Audio Dynamite,The Bottom Line.,2018-12-07 05:09:00,T,The,3,1985,2016-12-14 02:33:00,T,6
Paul Simon,The Boy In The Bubble,2018-12-07 05:12:00,T,The,5,1986,2016-12-14 02:44:00,T,4
Don Henley,The Boys Of Summer,2018-12-07 05:24:00,T,The,5,1984,2016-12-14 02:54:00,T,5
Kurtis Blow,The Breaks,2018-12-07 05:29:00,T,The,4,1983,2016-12-14 02:59:00,T,4
Greg Kihn,The Breakup Song,2018-12-07 05:33:00,T,The,3,1981,2016-12-14 03:03:00,T,3
The Clash,The Call Up,2018-12-07 05:41:00,T,The,5,1980,2016-12-14 03:06:00,T,6
Echo & The Bunnymen,The Cutter,2018-12-07 06:28:00,T,The,4,1983,2016-12-14 04:45:00,T,4
Midnight Oil,The Dead Heart,2018-12-07 07:01:00,T,The,5,1987,2016-12-14 04:55:00,T,5
Warren Zevon,The Envoy,2018-12-07 07:36:00,T,The,5,1982,2016-12-14 05:44:00,T,4
Steve Winwood,The Finer Things,2018-12-07 07:53:00,T,The,6,1980,2016-12-14 06:00:00,T,6
Timbuk 3,The Future's So Bright (I Gotta Wear Shades),2018-12-07 08:13:00,T,The,4,1986,2016-12-14 06:21:00,T,4
Psychedelic Furs,The Ghost In You,2018-12-07 08:25:00,T,The,4,1984,2016-12-14 06:31:00,T,7
Donald Fagen,The Goodbye Look,2018-12-07 08:54:00,T,The,5,1982,2016-12-14 07:00:00,T,5
The Smiths,The Headmaster Ritual,2018-12-07 09:14:00,T,The,5,1985,2016-12-14 07:38:00,T,5
John Lee Hooker,The Healer,2018-12-07 09:19:00,T,The,7,1989,2016-12-14 07:43:00,T,8
Stevie Ray Vaughan,The House Is Rockin',2018-12-07 09:32:00,T,The,2,1989,2016-12-14 08:13:00,T,3
Echo & The Bunnymen,The Killing Moon,2018-12-07 10:08:00,T,The,5,1984,2016-12-14 08:51:00,T,5
ABC,The Look Of Love (part One),2018-12-07 11:00:00,T,The,4,1982,2016-12-14 10:15:00,T,3
The Cure,The Love Cats,2018-12-07 11:07:00,T,The,6,1983,2016-12-14 10:22:00,T,4
The Clash,The Magnificent Seven,2018-12-07 11:22:00,T,The,6,1980,2016-12-14 10:35:00,T,5
Daniel Lanois,The Maker,2018-12-07 11:32:00,T,The,5,1989,2016-12-14 10:40:00,T,4
Grandmaster Flash & The Furious 5,The Message,2018-12-07 12:38:00,T,The,7,1982,2016-12-14 10:56:00,T,7
John Fogerty,The Old Man Down The Road,2018-12-07 13:17:00,T,The,3,1984,2016-12-14 12:52:00,T,4
R. E. M.,The One I Love,2018-12-07 13:20:00,T,The,5,1987,2016-12-14 12:59:00,T,4
INXS,The One Thing,2018-12-07 13:29:00,T,The,3,1982,2016-12-14 13:03:00,T,3
New Order,The Perfect Kiss,2018-12-07 13:55:00,T,The,5,1985,2016-12-14 13:30:00,T,5
Re-Flex,The Politics Of Dancing,2018-12-07 14:07:00,T,The,6,1983,2016-12-14 13:45:00,T,4
Rickie Lee Jones,The Real End,2018-12-07 14:45:00,T,The,5,1984,2016-12-14 14:15:00,T,7
John Mellencamp,The Real Life,2018-12-07 14:50:00,T,The,5,1987,2016-12-14 14:22:00,T,3
U2,The Refugee,2018-12-07 15:00:00,T,The,3,1983,2016-12-14 14:42:00,T,4
Bruce Springsteen,The River,2018-12-07 15:08:00,T,The,6,1980,2016-12-14 15:07:00,T,5
Robert Earl Keen,The Road Goes On Forever,2018-12-07 15:14:00,T,The,5,1989,2016-12-14 15:24:00,T,5
Men Without Hats,The Safety Dance,2018-12-07 15:24:00,T,The,3,1980,2016-12-14 15:47:00,T,3
Dead Milkmen,The Thing That Only Eats Hippies,2018-12-07 16:26:00,T,The,5,1986,2016-12-14 17:17:00,T,3
Blondie,The Tide Is High,2018-12-07 16:35:00,T,The,7,1980,2016-12-14 17:30:00,T,5
Bruce Springsteen,The Ties That Bind,2018-12-07 16:42:00,T,The,3,1980,2016-12-14 17:35:00,T,5
Tom Petty & The Heartbreakers,The Waiting,2018-12-07 17:24:00,T,The,6,1981,2016-12-14 18:00:00,T,4
The Cure,The Walk,2018-12-07 17:30:00,T,The,4,1983,2016-12-14 18:04:00,T,5
The Call,The Walls Came Down,2018-12-07 17:34:00,T,The,3,1983,2016-12-14 18:13:00,T,5
Bruce Hornsby & The Range,The Way It Is,2018-12-07 17:48:00,T,The,4,1987,2016-12-14 18:29:00,T,6
Richard Thompson,The Wrong Heartbeat,2018-12-07 18:31:00,T,The,3,1983,2016-12-14 19:36:00,T,4
The Smiths,There Is A Light That Never Goes Out,2018-12-07 18:45:00,T,There,4,1983,2016-12-14 20:15:00,T,4
Eurythmics,There Must Be An Angel (Playing With My Heart),2018-12-07 18:54:00,T,There,6,1985,2016-12-14 20:23:00,T,6
John Hiatt,Thing Called Love,2018-12-07 19:44:00,T,Thing,4,1987,2016-12-14 21:26:00,T,4
Bonnie Raitt,Thing Called Love,2018-12-07 19:48:00,T,Thing,4,1989,2016-12-14 21:22:00,T,4
Michael Penn,This And That,2018-12-07 20:14:00,T,This,4,1989,2016-12-14 22:14:00,T,3
The Smiths,This Charming Man,2018-12-07 20:22:00,T,This,3,1983,2016-12-14 22:17:00,T,3
Public Image Ltd.,This Is Not A Love Song,2018-12-07 20:40:00,T,This,5,1983,2016-12-14 22:36:00,T,5
Pat Metheny & David Bowie,This Is Not America,2018-12-07 20:46:00,T,This,6,1985,2016-12-14 22:41:00,T,4
Talking Heads,This Must Be The Place (Naive Melody),2018-12-07 21:13:00,T,This,5,1983,2016-12-14 23:01:00,T,5
Lyle Lovett,This Old Porch,2018-12-07 21:20:00,T,This,7,1986,2016-12-14 23:14:00,T,4
King Crimson,Three Of A Perfect Pair,2018-12-07 21:42:00,T,Three,4,1984,2016-12-15 00:03:00,T,4
Michael Jackson,Thriller,2018-12-07 21:46:00,T,Thriller,7,1982,2016-12-15 00:07:00,T,8
Stevie Ray Vaughan,Tight Rope,2018-12-07 22:19:00,T,Tight,4,1989,2016-12-15 00:38:00,T,5
Todd Rundgren,Time Heals,2018-12-07 23:01:00,T,Time,4,1981,2016-12-15 01:31:00,T,4
The Pretenders,Time The Avenger,2018-12-07 23:09:00,T,Time,5,1984,2016-12-15 02:09:00,T,5
The Blue Nile,Tinseltown In The Rain,2018-12-07 23:21:00,T,Tinseltown,7,1984,2016-12-15 02:37:00,T,6
Ziggy Marley,Tomorrow People,2018-12-08 00:00:00,T,Tomorrow,4,1988,2016-12-15 03:47:00,T,5
Suzanne Vega,Tom's Diner,2018-12-08 00:04:00,T,Tom's,2,1987,2016-12-15 03:52:00,T,3
The Police,Too Much Information,2018-12-08 00:56:00,T,Too,4,1981,2016-12-15 04:35:00,T,5
Kajagoogoo,Too Shy,2018-12-08 01:00:00,T,Too,4,1983,2016-12-15 05:00:00,T,3
The Selecter,Too Much Pressure,2018-12-08 01:04:00,T,Too,4,1980,2016-12-15 04:40:00,T,3
Van Morrison,Tore Down A La Rimbaud,2018-12-08 01:15:00,T,Tore,4,1984,2016-12-15 05:10:00,T,4
Grateful Dead,Touch Of Grey,2018-12-08 01:43:00,T,Touch,7,1987,2016-12-15 05:22:00,T,6
Bruce Springsteen,Tougher Than The Rest,2018-12-08 01:50:00,T,Tougher,4,1987,2016-12-15 05:32:00,T,5
XTC,Towers Of London,2018-12-08 02:00:00,T,Towers,5,1980,2016-12-15 05:37:00,T,5
Paul Simon,Train In The Distance,2018-12-08 02:07:00,T,Train,6,1983,2016-12-15 06:16:00,T,9
U2,Trip Through Your Wires,2018-12-08 02:55:00,T,Trip,3,1987,2016-12-15 07:53:00,T,4
Lindsey Buckingham,Trouble,2018-12-08 02:58:00,T,Trouble,4,1981,2016-12-15 08:16:00,T,7
"10,000 Maniacs",Trouble Me,2018-12-08 03:06:00,T,Trouble,4,1989,2016-12-15 08:46:00,T,5
Spandau Ballet,True,2018-12-08 03:10:00,T,True,6,1989,2016-12-15 09:08:00,T,6
The Fabulous Thunderbirds,Tuff Enuff,2018-12-08 03:39:00,T,Tuff,3,1987,2016-12-15 10:48:00,T,3
Ziggy Marley,Tumblin' Down,2018-12-08 03:51:00,T,Tumblin',4,1988,2016-12-15 10:56:00,T,5
Bruce Springsteen,Tunnel Of Love,2018-12-08 03:55:00,T,Tunnel,5,1987,2016-12-15 11:07:00,T,6
Dire Straits,Tunnel Of Love,2018-12-08 04:00:00,T,Tunnel,8,1980,2016-12-15 11:13:00,T,8
Genesis,Turn It On Again,2018-12-08 04:15:00,T,Turn,5,1980,2016-12-15 11:38:00,T,4
Traveling Wilburys,Tweeter and The Monkey Man,2018-12-08 04:33:00,T,Tweeter,6,1988,2016-12-15 12:29:00,T,5
The English Beat,Twist & Crawl,2018-12-08 04:48:00,T,Twist,4,1980,2016-12-15 12:43:00,T,3
Tanita Tikaram,Twist In My Sobriety,2018-12-08 04:52:00,T,Twist,4,1988,2016-12-15 12:54:00,T,5
Dire Straits,Twisting By The Pool,2018-12-08 04:56:00,T,Twisting,4,1982,2016-12-15 13:02:00,T,4
Bruce Springsteen,Two Hearts,2018-12-08 05:04:00,T,Two,2,1980,2016-12-15 13:20:00,T,4
U2,Two Hearts Beat As One,2018-12-08 05:06:00,T,Two,4,1983,2016-12-15 13:24:00,T,4
Frankie Goes To Hollywood,Two Tribes,2018-12-08 05:24:00,T,Two,3,1985,2016-12-15 13:56:00,T,4
The The,Uncertain Smile,2018-12-08 05:38:00,U,Uncertain,6,1982,2016-12-15 14:35:00,U,8
Paul Simon,Under African Skies,2018-12-08 05:53:00,U,Under,3,1986,2016-12-15 14:56:00,U,4
David Bowie & Queen,Under Pressure,2018-12-08 06:01:00,U,Under,5,1982,2016-12-15 15:04:00,U,4
The Church,Under The Milky Way,2018-12-08 06:15:00,U,Under,5,1985,2016-12-15 15:21:00,U,4
Neil Young,Union Man,2018-12-08 06:30:00,U,Union,3,1980,2016-12-15 15:44:00,U,2
Meat Puppets,Up On The Sun,2018-12-08 07:06:00,U,Up,5,1985,2016-12-15 16:35:00,U,6
Diana Ross,Upside Down,2018-12-08 07:24:00,U,Upside,4,1987,2016-12-15 16:56:00,U,4
Billy Joel,Uptown Girl,2018-12-08 07:37:00,U,Uptown,4,1983,2016-12-15 17:07:00,U,6
Richard Thompson,Valerie,2018-12-08 08:12:00,V,Valerie,5,1986,2016-12-15 18:16:00,V,4
Steve Winwood,Valerie,2018-12-08 08:17:00,V,Valerie,4,1982,2016-12-15 18:20:00,V,6
Frank Zappa,Valley Girl,2018-12-08 08:21:00,V,Valley,7,1982,2016-12-15 18:28:00,V,5
The Buggles,Video Killed The Radio Star,2018-12-08 08:51:00,V,Video,5,1980,2016-12-15 19:46:00,V,5
Ultravox,Vienna,2018-12-08 08:56:00,V,Vienna,5,1983,2016-12-15 19:51:00,V,4
'Til Tuesday,Voices Carry,2018-12-08 09:25:00,V,Voices,4,1985,2016-12-15 20:32:00,V,4
The Rolling Stones,Waiting On A Friend,2018-12-08 10:08:00,W,Waiting,6,1981,2016-12-15 22:11:00,W,4
Fugazi,Waiting Room,2018-12-08 10:14:00,W,Waiting,3,1988,2016-12-15 22:19:00,W,3
The Replacements,Waitress In The Sky,2018-12-08 10:17:00,W,Waitress,2,1985,2016-12-15 22:22:00,W,2
Toni Childs,Walk And Talk Like An Angel,2018-12-08 10:33:00,W,Walk,7,1988,2016-12-15 22:53:00,W,6
Indigo Girls,Walk Away,2018-12-08 10:40:00,W,Walk,6,1987,2016-12-15 22:59:00,W,6
Donald Fagen,Walk Between The Raindrops,2018-12-08 10:46:00,W,Walk,2,1982,2016-12-15 23:21:00,W,2
Bangles,Walk Like An Egyptian,2018-12-08 10:53:00,W,Walk,3,1982,2016-12-15 23:34:00,W,4
Dire Straits,Walk Of Life,2018-12-08 10:56:00,W,Walk,5,1985,2016-12-15 23:38:00,W,4
Run-DMC,Walk This Way,2018-12-08 11:08:00,W,Walk,8,1986,2016-12-16 00:25:00,W,5
Cowboy Junkies,Walking After Midnight,2018-12-08 11:22:00,W,Walking,6,1988,2016-12-16 00:42:00,W,6
Missing Persons,Walking In L. A.,2018-12-08 11:28:00,W,Walking,4,1982,2016-12-16 00:54:00,W,4
The Police,Walking In Your Footsteps,2018-12-08 11:32:00,W,Walking,3,1983,2016-12-16 01:13:00,W,4
Tom Waits,Walking Spanish,2018-12-08 11:40:00,W,Walking,3,1985,2016-12-16 01:31:00,W,3
Richard Thompson,Wall Of Death,2018-12-08 11:46:00,W,Wall,4,1982,2016-12-16 01:36:00,W,6
Michael Jackson,Wanna Be Startin' Somethin',2018-12-08 11:54:00,W,Wanna,7,1982,2016-12-16 01:55:00,W,6
John Lennon,Watching The Wheels,2018-12-08 12:23:00,W,Watching,3,1980,2016-12-16 02:53:00,W,4
The Pixies,Wave Of Mutilation,2018-12-08 12:46:00,W,Wave,2,1989,2016-12-16 03:24:00,W,2
Lone Justice,Ways To Be Wicked,2018-12-08 12:48:00,W,Ways,5,1985,2016-12-16 03:40:00,W,3
Rickie Lee Jones,We Belong Together,2018-12-08 13:04:00,W,We,6,1981,2016-12-16 04:04:00,W,5
Starship,We Built This City,2018-12-08 13:10:00,W,We,5,1985,2016-12-16 04:09:00,W,6
Billy Joel,We Didn't Start The Fire,2018-12-08 13:19:00,W,We,6,1985,2016-12-16 04:20:00,W,5
Heaven 17,We Live So Fast,2018-12-08 13:38:00,W,We,4,1983,2016-12-16 04:43:00,W,4
The Waterboys,We Will Not Be Lovers,2018-12-08 14:05:00,W,We,9,1988,2016-12-16 05:08:00,W,7
David & David,Welcome To The Boomtown,2018-12-08 14:36:00,W,Welcome,5,1986,2016-12-16 05:40:00,W,6
Pet Shop Boys,West End Girls,2018-12-08 15:13:00,W,West,4,1984,2016-12-16 06:44:00,W,7
Grateful Dead,West L.A. Fadeaway,2018-12-08 15:17:00,W,West,7,1987,2016-12-16 06:51:00,W,7
k. d. lang,Western Stars,2018-12-08 15:24:00,W,Western,3,1988,2016-12-16 06:58:00,W,4
The Smiths,What Difference Does It Make?,2018-12-08 15:44:00,W,What,4,1984,2016-12-16 07:52:00,W,4
The Feelies,What Goes On,2018-12-08 15:48:00,W,What,5,1988,2016-12-16 08:16:00,W,8
Edie Brickell & The New Bohemians,What I Am,2018-12-08 16:02:00,W,What,5,1988,2016-12-16 08:28:00,W,5
Black Uhuru,What Is Life,2018-12-08 16:10:00,W,What,6,1983,2016-12-16 08:48:00,W,7
INXS,What You Need,2018-12-08 16:44:00,W,What,3,1985,2016-12-16 09:29:00,W,4
"10,000 Maniacs",What's The Matter Here,2018-12-08 17:01:00,W,What's,5,1987,2016-12-16 10:03:00,W,4
Prince,When Doves Cry,2018-12-08 17:15:00,W,When,6,1984,2016-12-16 10:38:00,W,6
Rockpile,When I Write The Book,2018-12-08 17:33:00,W,When,3,1980,2016-12-16 11:02:00,W,3
U2,When Love Comes To Town,2018-12-08 17:47:00,W,When,4,1988,2016-12-16 11:05:00,W,7
Richard Thompson,When The Spell Is Broken,2018-12-08 18:09:00,W,When,7,1985,2016-12-16 11:47:00,W,4
The Police,When The World Is Running Down,2018-12-08 18:16:00,W,When,3,1980,2016-12-16 12:51:00,W,5
John Hiatt,When We Ran,2018-12-08 18:19:00,W,When,6,1985,2016-12-16 12:56:00,W,5
Prince,When You Were Mine,2018-12-08 18:32:00,W,When,3,1980,2016-12-16 13:09:00,W,5
Marshall Crenshaw,Whenever You're On My Mind,2018-12-08 18:45:00,W,Whenever,3,1983,2016-12-16 13:27:00,W,4
The Pixies,Where Is My Mind?,2018-12-08 19:07:00,W,Where,5,1988,2016-12-16 13:44:00,W,4
U2,Where The Streets Have No Name,2018-12-08 19:15:00,W,Where,6,1987,2016-12-16 13:55:00,W,5
Steve Winwood,While You See A Chance,2018-12-08 19:30:00,W,While,5,1980,2016-12-16 14:29:00,W,5
Devo,Whip It,2018-12-08 19:35:00,W,Whip,4,1980,2016-12-16 14:34:00,W,3
Jason & The Scorchers,White Lies,2018-12-08 19:49:00,W,White,4,1985,2016-12-16 15:22:00,W,3
Grandmaster Melle Mel,White Lines (Don't Do It),2018-12-08 19:53:00,W,White,7,1984,2016-12-16 15:25:00,W,7
Men At Work,Who Can It Be Now?,2018-12-08 20:08:00,W,Who,5,1981,2016-12-16 15:56:00,W,4
Eurythmics,Who's That Girl?,2018-12-08 20:25:00,W,Who's,5,1983,2016-12-16 17:00:00,W,4
Chris Isaak,Wicked Game,2018-12-08 21:03:00,W,Wicked,5,1989,2016-12-16 18:09:00,W,4
Tone-Loc,Wild Thing,2018-12-08 21:36:00,W,Wild,6,1988,2016-12-16 19:00:00,W,4
Talking Heads,Wild Wild Life,2018-12-08 21:42:00,W,Wild,4,1986,2016-12-16 19:13:00,W,5
Los Lobos,Will The Wolf Survive?,2018-12-08 21:59:00,W,Will,4,1984,2016-12-16 19:35:00,W,5
A Flock Of Seagulls,Wishing (I Had A Photograph Of You),2018-12-08 22:32:00,W,Wishing,4,1983,2016-12-16 20:41:00,W,4
Bob Mould,Wishing Well,2018-12-08 22:36:00,W,Wishing,7,1989,2016-12-16 20:49:00,W,7
Terence Trent D'Arby,Wishing Well,2018-12-08 22:43:00,W,Wishing,4,1989,2016-12-16 20:45:00,W,4
U2,With Or Without You,2018-12-08 23:04:00,W,With,6,1987,2016-12-16 21:22:00,W,5
John Lennon,Woman,2018-12-08 23:18:00,W,Woman,4,1980,2016-12-16 21:59:00,W,3
The A's,Woman's Got The Power,2018-12-08 23:25:00,W,Woman's,4,1981,2016-12-16 22:07:00,W,6
Bruce Cockburn,Wondering Where The Lions Are,2018-12-08 23:29:00,W,Wondering,3,1985,2016-12-16 22:26:00,W,4
Rickie Lee Jones,Woody And Dutch On The Slow Train To Peking,2018-12-08 23:38:00,W,Woody,5,1981,2016-12-16 23:12:00,W,5
Cameo,Word Up,2018-12-08 23:43:00,W,Word,4,1986,2016-12-16 23:32:00,W,5
Missing Persons,Words,2018-12-08 23:47:00,W,Words,7,1982,2016-12-16 23:28:00,W,4
Tom Tom Club,Wordy Rappinghood,2018-12-08 23:54:00,W,Wordy,6,1981,2016-12-16 23:37:00,W,8
The Members,Working Girl,2018-12-09 00:07:00,W,Working,4,1981,2016-12-16 23:55:00,W,5
Julian Cope,World Shut Your Mouth,2018-12-09 00:35:00,W,World,3,1986,2016-12-17 00:31:00,W,4
Eurythmics,Would I Lie To You?,2018-12-09 00:44:00,W,Would,5,1985,2016-12-17 00:53:00,W,4
The Fabulous Thunderbirds,Wrap It Up,2018-12-09 06:03:00,W,Wrap,3,1985,2016-12-17 01:02:00,W,3
Bruce Springsteen,Wreck On The Highway,2018-12-09 06:12:00,W,Wreck,4,1980,2016-12-17 01:05:00,W,4
Neil Young,Wrecking Ball,2018-12-09 06:16:00,W,Wrecking,6,1989,2016-12-17 01:14:00,W,5
Happy Mondays,Wrote For Luck,2018-12-09 06:29:00,W,Wrote,7,1988,2016-12-17 01:34:00,W,6
Electric Light Orchestra w/ Olivia Newton John,Xanadu,2018-12-09 06:41:00,X,Xanadu,3,1980,2016-12-17 01:43:00,X,3
Neville Brothers,Yellow Moon,2018-12-09 07:01:00,Y,Yellow,4,1989,2016-12-17 02:26:00,Y,4
Robert Palmer,You Are In My System,2018-12-09 07:41:00,Y,You,5,1983,2016-12-17 03:22:00,Y,5
Run-DMC,You Be Illin',2018-12-09 07:53:00,Y,You,3,1986,2016-12-17 03:35:00,Y,3
The Who,You Better You Bet,2018-12-09 08:00:00,Y,You,5,1981,2016-12-17 03:43:00,Y,6
Paul Simon,You Can Call Me Al,2018-12-09 08:05:00,Y,You,7,1986,2016-12-17 04:01:00,Y,5
Bruce Springsteen,You Can Look (But You Better Not Touch),2018-12-09 08:16:00,Y,You,3,1980,2016-12-17 04:12:00,Y,3
Joe Jackson,You Can't Get What You Want,2018-12-09 08:19:00,Y,You,7,1984,2016-12-17 04:42:00,Y,5
Keith Richards,You Don't Move Me,2018-12-09 08:38:00,Y,You,5,1988,2016-12-17 05:10:00,Y,5
Roy Orbison,You Got It,2018-12-09 09:14:00,Y,You,4,1988,2016-12-17 05:37:00,Y,3
Tom Petty & The Heartbreakers,You Got Lucky,2018-12-09 09:22:00,Y,You,6,1982,2016-12-17 05:40:00,Y,4
Billy Joel,You May Be Right,2018-12-09 09:34:00,Y,You,4,1980,2016-12-17 06:43:00,Y,4
AC/DC,You Shook Me All Night Long,2018-12-09 09:59:00,Y,You,3,1980,2016-12-17 07:39:00,Y,4
Dead Or Alive,You Spin Me Round,2018-12-09 10:02:00,Y,You,7,1985,2016-12-17 07:56:00,Y,5
Third World,You're Playing Us Too Close,2018-12-09 10:59:00,Y,You're,7,1982,2016-12-17 11:01:00,Y,7
Camper Van Beethoven,ZZ Top Goes To Egypt,2018-12-09 11:45:00,Z,ZZ,4,1986,2016-12-17 13:25:00,Z,5
