Artist,Title,Air Time,Letter,First Word,Duration
Warren Zevon,A Certain Girl,2018-11-28 08:01:00,A,A,3
U2,A Day Without Me,2018-11-28 08:04:00,A,A,3
The Cure,A Forest,2018-11-28 08:07:00,A,A,6
The Waterboys,A Girl Called Johnny,2018-11-28 08:13:00,A,A,5
Romeo Void,A Girl in Trouble (Is a Temporary Thing),2018-11-28 08:18:00,A,A,7
The Smithereens,A Girl Like You,2018-11-28 08:25:00,A,A,4
Albert Collins,A Good Fool Is Hard To Find,2018-11-28 08:29:00,A,A,4
Phil Collins,A Groovy Kind Of Love,2018-11-28 08:33:00,A,A,5
The Weirdos,A Life Of Crime,2018-11-28 08:38:00,A,A,15
Erasure,A Little Respect,2018-11-28 08:53:00,A,A,2
Michael Hedges,A Love Bizarre,2018-11-28 08:55:00,A,A,4
A.R. Kane,A Love From Outer Space,2018-11-28 08:59:00,A,A,5
Gang Of Four,A Man With A Good Car,2018-11-28 09:04:00,A,A,5
Los Lobos,A Matter Of Time,2018-11-28 09:09:00,A,A,4
The Plimsouls,A Million Miles Away,2018-11-28 09:13:00,A,A,3
The Flesh Eaters,"A Minute To Pray, A Second To Die",2018-11-28 09:16:00,A,A,4
Billy Bragg,A New England,2018-11-28 09:20:00,A,A,3
DJ Jazzy Jeff & The Fresh Prince,A Nightmare On My Street,2018-11-28 09:23:00,A,A,5
The Trypes,A Plan Revisited,2018-11-28 09:28:00,A,A,4
Echo & The Bunnymen,A Promise,2018-11-28 09:32:00,A,A,5
Depeche Mode,A Question Of Time,2018-11-28 09:37:00,A,A,4
David & David,A Rock For The Forgotten,2018-11-28 09:41:00,A,A,5
Herbie Hancock,A Slight Smile,2018-11-28 09:46:00,A,A,10
The Style Council,A Solid Bond In Your Heart,2018-11-28 09:56:00,A,A,4
Magazine,A Song From Under the Floorboards,2018-11-28 10:00:00,A,A,4
U2,A Sort Of Homecoming,2018-11-28 10:04:00,A,A,6
The dB's,A Spy In The House Of Love,2018-11-28 10:10:00,A,A,4
The Jam,A Town Called Malice,2018-11-28 10:14:00,A,A,3
Duran Duran,A View To A Kill,2018-11-28 10:17:00,A,A,3
The Blue Nile,A Walk Across The Rooftops,2018-11-28 10:20:00,A,A,6
Tom Petty & The Heartbreakers,A Woman In Love (It's Not Me),2018-11-28 10:26:00,A,A,4
Genesis,Abacab,2018-11-28 10:30:00,A,Abacab,8
Nirvana,About A Girl,2018-11-28 10:38:00,A,About,3
Steve Miller Band,Abracadabra,2018-11-28 10:41:00,A,Abracadabra,5
David Bowie,Absolute Beginners,2018-11-28 10:46:00,A,Absolute,6
The Jam,Absolute Beginners,2018-11-28 10:52:00,A,Absolute,4
Jason & The Scorchers,Absolutely Sweet Marie,2018-11-28 10:56:00,A,Absolutely,4
Mission Of Burma,Academy Fight Song,2018-11-28 11:00:00,A,Academy,3
Ultravox,Accent on Youth & The Ascent,2018-11-28 11:03:00,A,Accent,8
Motorhead,Ace Of Spades,2018-11-28 11:11:00,A,Ace,3
Iron Maiden,Aces High,2018-11-28 11:14:00,A,Aces,4
Robyn Hitchcock,Acid Bird,2018-11-28 11:18:00,A,Acid,7
Tracy Chapman,Across The Lines,2018-11-28 11:25:00,A,Across,3
Robert Palmer,Addicted To Love,2018-11-28 11:28:00,A,Addicted,4
Hall & Oates,Adult Education,2018-11-28 11:32:00,A,Adult,7
The Balancing Act,Adventure,2018-11-28 11:39:00,A,Adventure,4
Will Powers,Adventures In Success,2018-11-28 11:43:00,A,Adventures,3
Ebn Ozn,AEIOU Sometimes Y,2018-11-28 11:46:00,A,AEIOU,10
Toto,Africa,2018-11-28 11:56:00,A,Africa,5
Bob Seger & The Silver Bullet Band,Against The Wind,2018-11-28 12:01:00,A,Against,6
New Order,Age Of Consent,2018-11-28 12:07:00,A,Age,7
Donnie Iris,Ah! Leah!,2018-11-28 12:14:00,A,Ah,4
John Prine,Aimless Love,2018-11-28 12:18:00,A,Aimless,3
Bruce Springsteen,Ain't Got You,2018-11-28 12:21:00,A,Ain't,2
Big Daddy Kane,Ain't No Half Steppin',2018-11-28 12:23:00,A,Ain't,7
Rufus & Chaka Khan,Ain't Nobody,2018-11-28 12:30:00,A,Ain't,4
Grateful Dead,Alabama Getaway,2018-11-28 12:34:00,A,Alabama,4
The Replacements,Alex Chilton,2018-11-28 12:38:00,A,Alex,3
Wipers,Alien Boy,2018-11-28 12:41:00,A,Alien,4
Simple Minds,Alive And Kicking,2018-11-28 12:45:00,A,Alive,5
Lisa Stansfield,All Around The World,2018-11-28 12:50:00,A,All,6
World Party,All Come True,2018-11-28 12:56:00,A,All,6
Shop Assistants,All Day Long,2018-11-28 13:02:00,A,All,2
Billy Joel,All For Leyna,2018-11-28 13:04:00,A,All,4
Stevie Wonder,All I Do,2018-11-28 13:08:00,A,All,7
Aztec Camera,All I Need Is Everything,2018-11-28 13:15:00,A,All,6
Echo & The Bunnymen,All I Want,2018-11-28 13:21:00,A,All,4
Timbuk 3,All I Want For Christmas,2018-11-28 13:25:00,A,All,4
U2,All I Want Is You,2018-11-28 13:29:00,A,All,6
Love And Rockets,All In My Mind,2018-11-28 13:35:00,A,All,7
David Gilmour,All Lovers Are Deranged,2018-11-28 13:42:00,A,All,3
Echo And The Bunnymen,All My Colours,2018-11-28 13:45:00,A,All,4
Mary Jane Girls,All Night Long,2018-11-28 13:49:00,A,All,6
Lionel Richie,All Night Long (All Night),2018-11-28 13:55:00,A,All,5
Air Supply,All Out Of Love,2018-11-28 14:00:00,A,All,4
Duran Duran,All She Wants Is,2018-11-28 14:04:00,A,All,5
Don Henley,All She Wants To Do Is Dance,2018-11-28 14:09:00,A,All,6
Bruce Springsteen,All That Heaven Will Allow,2018-11-28 14:15:00,A,All,3
Psychedelic Furs,All That Money Wants,2018-11-28 14:18:00,A,All,4
Simple Minds,All The Things She Said,2018-11-28 14:22:00,A,All,7
Husker Du,All This I've Done For You,2018-11-28 14:29:00,A,All,3
George Harrison,All Those Years Ago,2018-11-28 14:32:00,A,All,3
Bauhaus,All We Ever Wanted Was Everything,2018-11-28 14:35:00,A,All,5
The Hooters,All You Zombies,2018-11-28 14:40:00,A,All,6
Billy Joel,Allentown,2018-11-28 14:46:00,A,Allentown,4
Orchestral Manoeuvres In The Dark,Almost,2018-11-28 14:50:00,A,Almost,4
Elvis Costello,Almost Blue,2018-11-28 14:54:00,A,Almost,3
Dave Edmunds,Almost Saturday Night,2018-11-28 14:57:00,A,Almost,3
Heart,Alone,2018-11-28 15:00:00,A,Alone,3
Colin Newman,Alone,2018-11-28 15:03:00,A,Alone,6
Prince,Alphabet St,2018-11-28 15:09:00,A,Alphabet,5
Atlantic Starr,Always,2018-11-28 15:14:00,A,Always,5
Paul Carrack,Always Better With You,2018-11-28 15:19:00,A,Always,5
Willie Nelson,Always on My Mind,2018-11-28 15:24:00,A,Always,3
Pet Shop Boys,Always on My Mind,2018-11-28 15:27:00,A,Always,4
Guadalcanal Diary,Always Saturday,2018-11-28 15:31:00,A,Always,7
Naked Eyes,Always Something There To Remind Me,2018-11-28 15:38:00,A,Always,3
The Stranglers,Always The Sun,2018-11-28 15:41:00,A,Always,4
Rank & File,Amanda Ruth,2018-11-28 15:45:00,A,Amanda,3
Prince,America,2018-11-28 15:48:00,A,America,3
Neil Diamond,America,2018-11-28 15:51:00,A,America,4
The Fleshtones,American Beat '84,2018-11-28 15:55:00,A,American,4
The Blasters,American Music,2018-11-28 15:59:00,A,American,2
Bob Seger & The Silver Bullet Band,American Storm,2018-11-28 16:01:00,A,American,5
Adolescents,Amoeba,2018-11-28 16:06:00,A,Amoeba,4
The Hooters,Amore,2018-11-28 16:10:00,A,Amore,4
The dB's,Amplifier,2018-11-28 16:14:00,A,Amplifier,3
U2,An Cat Dubh/Into The Heart,2018-11-28 16:17:00,A,An,9
They Might Be Giants,Ana Ng,2018-11-28 16:26:00,A,Ana,3
Megadeth,Anarchy In The U.K.,2018-11-28 16:29:00,A,Anarchy,3
Michelle Shocked,Anchorage,2018-11-28 16:32:00,A,Anchorage,5
808 State,Ancodia,2018-11-28 16:37:00,A,Ancodia,6
Pete Townshend,And I Moved,2018-11-28 16:43:00,A,And,3
The Long Ryders,And She Rides,2018-11-28 16:46:00,A,And,1
The Long Ryders,And She Rides,2018-11-28 16:47:00,A,And,5
Talking Heads,And She Was,2018-11-28 16:52:00,A,And,3
Van Halen,And The Cradle Will Rock...,2018-11-28 16:55:00,A,And,4
The Hooters,And We Danced,2018-11-28 16:59:00,A,And,4
The Replacements,Androgynous,2018-11-28 17:03:00,A,Androgynous,3
Generation X,Andy Warhol,2018-11-28 17:06:00,A,Andy,4
Aerosmith,Angel,2018-11-28 17:10:00,A,Angel,6
The J. Geils Band,Angel In Blue,2018-11-28 17:16:00,A,Angel,4
Slayer,Angel Of Death,2018-11-28 17:20:00,A,Angel,5
U2,Angel Of Harlem,2018-11-28 17:25:00,A,Angel,5
Sparks,Angst In My Pants,2018-11-28 17:30:00,A,Angst,3
The Europeans,Animal Song,2018-11-28 17:33:00,A,Animal,9
Squeeze,Annie Get Your Gun,2018-11-28 17:42:00,A,Annie,3
Kid Creole & The Coconuts,"Annie, I'm Not Your Daddy",2018-11-28 17:45:00,A,Annie,6
Graham Parker,Another Grey Area,2018-11-28 17:51:00,A,Another,6
Squeeze,Another Nail In My Heart,2018-11-28 17:57:00,A,Another,3
Queen,Another One Bites The Dust,2018-11-28 18:00:00,A,Another,4
The Who,Another Tricky Day,2018-11-28 18:04:00,A,Another,4
Joe Jackson,Another World,2018-11-28 18:08:00,A,Another,6
Prince,Anotherloverholenyohead,2018-11-28 18:14:00,A,Anotherloverholenyohead,4
The Replacements,Answering Machine,2018-11-28 18:18:00,A,Answering,3
Men Without Hats,Antarctica,2018-11-28 18:21:00,A,Antarctica,4
Adam & The Ants,Antmusic,2018-11-28 18:25:00,A,Antmusic,5
Adam & The Ants,Ants Invasion,2018-11-28 18:30:00,A,Ants,3
The Subdudes,Any Cure,2018-11-28 18:33:00,A,Any,4
Greg Kihn,Any Other Woman,2018-11-28 18:37:00,A,Any,3
Journey,Any Way You Want It,2018-11-28 18:40:00,A,Any,9
The Clean,Anything Could Happen,2018-11-28 18:49:00,A,Anything,3
Gloria Estefan and Miami Sound Machine,Anything For You,2018-11-28 18:52:00,A,Anything,4
Prefab Sprout,Appetite,2018-11-28 18:56:00,A,Appetite,4
The Jesus And Mary Chain,April Skies,2018-11-28 19:00:00,A,April,4
Steve Winwood,Arc Of A Diver,2018-11-28 19:04:00,A,Arc,7
Devo,Are You Experienced?,2018-11-28 19:11:00,A,Are,3
Pat Metheny,Are You Going With Me?,2018-11-28 19:14:00,A,Are,10
Lloyd Cole,Are You Ready To Be Heartbroken,2018-11-28 19:24:00,A,Are,3
The Clash,Armagideon Time,2018-11-28 19:27:00,A,Armagideon,3
The Kinks,Around The Dial,2018-11-28 19:30:00,A,Around,6
Prince & The Revolution,Around The World In A Day,2018-11-28 19:36:00,A,Around,3
Sosumi,Art Party,2018-11-28 19:39:00,A,Art,3
Christopher Cross,Arthur's Theme (Best That You Can Do),2018-11-28 19:42:00,A,Arthur's,4
Stevie Wonder,As If You Read My Mind,2018-11-28 19:46:00,A,As,3
David Bowie,Ashes To Ashes,2018-11-28 19:49:00,A,Ashes,6
Johnny Clegg & Savuka,Asimbonanga,2018-11-28 19:55:00,A,Asimbonanga,5
The Smiths,Ask,2018-11-28 20:00:00,A,Ask,3
Skinny Puppy,Assimilate,2018-11-28 20:03:00,A,Assimilate,9
The Who,Athena,2018-11-28 20:12:00,A,Athena,3
Bruce Springsteen,Atlantic City,2018-11-28 20:15:00,A,Atlantic,4
Joy Division,Atmosphere,2018-11-28 20:19:00,A,Atmosphere,6
Tom Robinson,Atmospherics (Listen To The Radio),2018-11-28 20:25:00,A,Atmospherics,4
Lydia Lunch,Atomic Bongos,2018-11-28 20:29:00,A,Atomic,2
Meat Puppets,Attacked By Monsters,2018-11-28 20:31:00,A,Attacked,6
The Adult Net,August,2018-11-28 20:37:00,A,August,5
Prince,Automatic,2018-11-28 20:42:00,A,Automatic,10
Roxy Music,Avalon,2018-11-28 20:52:00,A,Avalon,4
Lou Reed,Average Guy,2018-11-28 20:56:00,A,Average,3
The Feelies,Away,2018-11-28 20:59:00,A,Away,5
Nick Lowe,Awesome,2018-11-28 21:04:00,A,Awesome,3
Harold Faltermeyer,Axel F,2018-11-28 21:07:00,A,Axel,5
Milli Vanilli,Baby Don't Forget My Number,2018-11-28 21:12:00,B,Baby,4
Prince,Baby I'm A Star,2018-11-28 21:16:00,B,Baby,6
A.R. Kane,Baby Milk Snatcher,2018-11-28 21:22:00,B,Baby,6
Patti Austin and James Ingram,"Baby, Come To Me",2018-11-28 21:28:00,B,Baby,3
Bow Wow Wow,"Baby, Oh No",2018-11-28 21:31:00,B,Baby,3
Steely Dan,Babylon Sisters,2018-11-28 21:34:00,B,Babylon,7
AC/DC,Back In Black,2018-11-28 21:41:00,B,Back,4
Steve Winwood,Back in the High Life Again,2018-11-28 21:45:00,B,Back,5
The Pretenders,Back On The Chain Gang,2018-11-28 21:50:00,B,Back,5
Richard & Linda Thompson,Back Street Slide,2018-11-28 21:55:00,B,Back,5
Soul II Soul,Back To Life,2018-11-28 22:00:00,B,Back,3
John Hiatt,Back To Normal,2018-11-28 22:03:00,B,Back,5
George Thorogood & The Destroyers,Back To Wentzville,2018-11-28 22:08:00,B,Back,3
Del Fuegos,Backseat Nothing,2018-11-28 22:11:00,B,Backseat,3
U2,Bad,2018-11-28 22:14:00,B,Bad,6
Michael Jackson,Bad,2018-11-28 22:20:00,B,Bad,5
John Prine,Bad Boy,2018-11-28 22:25:00,B,Bad,4
Luther Vandross,Bad Boy / Having A Party,2018-11-28 22:29:00,B,Bad,5
Eric Clapton,Bad Love,2018-11-28 22:34:00,B,Bad,5
Warren Zevon,Bad Luck Streak In Dancing School,2018-11-28 22:39:00,B,Bad,3
Bon Jovi,Bad Medicine,2018-11-28 22:42:00,B,Bad,5
The Fuzztones,Bad News Travels Fast,2018-11-28 22:47:00,B,Bad,3
Joan Jett,Bad Reputation,2018-11-28 22:50:00,B,Bad,4
Beat Happening,Bad Seeds,2018-11-28 22:54:00,B,Bad,2
George Thorogood & The Destroyers,Bad to the Bone,2018-11-28 22:56:00,B,Bad,5
Baby Flamehead,Badadadadup,2018-11-28 23:01:00,B,Badadadadup,4
Madness,Baggy Trousers,2018-11-28 23:05:00,B,Baggy,5
XTC,Ball And Chain,2018-11-28 23:10:00,B,Ball,4
Love And Rockets,Ball Of Confusion,2018-11-28 23:14:00,B,Ball,3
Felt,Ballad Of The Band,2018-11-28 23:17:00,B,Ballad,5
Robyn Hitchcock & The Egyptians,Balloon Man,2018-11-28 23:22:00,B,Balloon,4
Todd Rundgren,Bang The Drum All Day,2018-11-28 23:26:00,B,Bang,3
Bad Brains,Banned In D.C.,2018-11-28 23:29:00,B,Banned,2
The Smiths,Barbarism Begins At Home,2018-11-28 23:31:00,B,Barbarism,8
Kurtis Blow,Basketball,2018-11-28 23:39:00,B,Basketball,6
Mantronix,Bassline,2018-11-28 23:45:00,B,Bassline,6
The Replacements,Bastards Of Young,2018-11-28 23:51:00,B,Bastards,5
Prince,Bat Dance,2018-11-28 23:56:00,B,Bat,4
Georgia Satellites,Battleship Chains,2018-11-29 00:00:00,B,Battleship,3
Men At Work,Be Good Johnny,2018-11-29 00:03:00,B,Be,3
Journey,Be Good To Yourself,2018-11-29 00:06:00,B,Be,5
Frank Zappa,Be In My Video,2018-11-29 00:11:00,B,Be,4
ABC,"Be Near Me 12""",2018-11-29 00:15:00,B,Be,6
Sting,Be Still My Beating Heart,2018-11-29 00:21:00,B,Be,5
Dead Milkmen,Beach Song,2018-11-29 00:26:00,B,Beach,3
Joe Jackson,Beat Crazy,2018-11-29 00:29:00,B,Beat,4
Michael Jackson,Beat It,2018-11-29 00:33:00,B,Beat,5
Y Pants,Beat It Down,2018-11-29 00:38:00,B,Beat,4
Voice Of The Beehive,Beat Of Love,2018-11-29 00:42:00,B,Beat,4
The Jam,Beat Surrender,2018-11-29 00:46:00,B,Beat,4
The Hooters,Beat Up Guitar,2018-11-29 00:50:00,B,Beat,4
Elvis Costello,Beaten To The Punch,2018-11-29 00:54:00,B,Beaten,1
The House Of Love,Beatles And The Stones,2018-11-29 00:55:00,B,Beatles,5
The Go Gos,Beatnik Beach,2018-11-29 01:00:00,B,Beatnik,3
John Lennon,Beautiful Boy (Darling Boy),2018-11-29 01:03:00,B,Beautiful,4
The Cramps,Beautiful Gardens,2018-11-29 01:07:00,B,Beautiful,3
Ben Vaughn Combo,Beautiful Thing,2018-11-29 01:10:00,B,Beautiful,3
Devo,Beautiful World,2018-11-29 01:13:00,B,Beautiful,3
Heart,Bebe Le Strange,2018-11-29 01:16:00,B,Bebe,6
Midnight Oil,Beds Are Burning,2018-11-29 01:22:00,B,Beds,4
Soft Cell,Bedsitter,2018-11-29 01:26:00,B,Bedsitter,4
Maze featuring Frankie Beverly,Before I Let Go,2018-11-29 01:30:00,B,Before,5
R. E. M.,Begin The Begin,2018-11-29 01:35:00,B,Begin,4
Lou Reed,Beginning Of A Great Adventure,2018-11-29 01:39:00,B,Beginning,5
Teena Marie,Behind The Groove,2018-11-29 01:44:00,B,Behind,7
The Smithereens,Behind The Wall Of Sleep,2018-11-29 01:51:00,B,Behind,4
Depeche Mode,Behind The Wheel,2018-11-29 01:55:00,B,Behind,6
Smokey Robinson,Being With You,2018-11-29 02:01:00,B,Being,4
Bauhaus,Bela Lugosi's Dead,2018-11-29 02:05:00,B,Bela,10
The English Beat,Best Friend,2018-11-29 02:15:00,B,Best,3
Midnight Oil,Best Of Both Worlds,2018-11-29 02:18:00,B,Best,8
Kim Carnes,Bette Davis Eyes,2018-11-29 02:26:00,B,Bette,4
Crowded House,Better Be Home Soon,2018-11-29 02:30:00,B,Better,4
The Plugz,Better Luck,2018-11-29 02:34:00,B,Better,3
The Kinks,Better Things,2018-11-29 02:37:00,B,Better,3
Bob Seger & The Silver Bullet Band,Betty Lou's Gettin' Out Tonight,2018-11-29 02:40:00,B,Betty,4
The Isley Brothers,Between The Sheets,2018-11-29 02:44:00,B,Between,6
Elvis Costello,Beyond Belief,2018-11-29 02:50:00,B,Beyond,2
Adrian Belew,Big Electric Cat,2018-11-29 02:52:00,B,Big,5
Keith Richards,Big Enough,2018-11-29 02:57:00,B,Big,4
Edith Massey,Big Girls Don't Cry,2018-11-29 03:01:00,B,Big,3
The Saints,Big Hits (On The Undergound),2018-11-29 03:04:00,B,Big,3
Dead Milkmen,Big Lizard,2018-11-29 03:07:00,B,Big,3
Robert Plant,Big Log,2018-11-29 03:10:00,B,Big,5
Devo,Big Mess,2018-11-29 03:15:00,B,Big,2
Depeche Mode,Big Muff,2018-11-29 03:17:00,B,Big,5
Laurie Anderson,Big Science,2018-11-29 03:22:00,B,Big,7
Royal Crescent Mob,Big Show,2018-11-29 03:29:00,B,Big,3
Peter Gabriel,Big Time,2018-11-29 03:32:00,B,Big,4
The Afghan Whigs,Big Top Halloween,2018-11-29 03:36:00,B,Big,5
Ambrosia,Biggest Part of Me,2018-11-29 03:41:00,B,Biggest,6
The Smiths,Bigmouth Strikes Again,2018-11-29 03:47:00,B,Bigmouth,3
The Dukes Of Stratosphear,Bike Ride To The Moon,2018-11-29 03:50:00,B,Bike,3
Peter Gabriel,Biko,2018-11-29 03:53:00,B,Biko,7
Robert Wyatt,Biko,2018-11-29 04:00:00,B,Biko,5
Michael Jackson,Billie Jean,2018-11-29 04:05:00,B,Billie,5
The Icicle Works,Birds Fly (Whisper To A Scream),2018-11-29 04:10:00,B,Birds,4
The Godfathers,"Birth, School, Work, Death",2018-11-29 04:14:00,B,Birth,4
Sugarcubes,Birthday,2018-11-29 04:18:00,B,Birthday,4
Kon Kan,Bite The Bullet,2018-11-29 04:22:00,B,Bite,5
Rank & File,Black Book,2018-11-29 04:27:00,B,Black,6
Black Flag,Black Coffee,2018-11-29 04:33:00,B,Black,5
k. d. lang,Black Coffee,2018-11-29 04:38:00,B,Black,3
Squeeze,Black Coffee In Bed,2018-11-29 04:41:00,B,Black,8
The Replacements,Black Diamond,2018-11-29 04:49:00,B,Black,3
The Rolling Stones,Black Limousine,2018-11-29 04:52:00,B,Black,5
Nick Lowe,Black Lincoln Continental,2018-11-29 04:57:00,B,Black,3
M + M,Black Stations White Stations,2018-11-29 05:00:00,B,Black,5
Alannah Myles,Black Velvet,2018-11-29 05:05:00,B,Black,5
Psychedelic Furs,Blacks/Radio,2018-11-29 05:10:00,B,Blacks,7
Milli Vanilli,Blame It On The Rain,2018-11-29 05:17:00,B,Blame,5
Depeche Mode,Blasphemous Rumors,2018-11-29 05:22:00,B,Blasphemous,6
Talking Heads,Blind,2018-11-29 05:28:00,B,Blind,5
Blancmange,"Blind Vision 12""",2018-11-29 05:33:00,B,Blind,10
Violent Femmes,Blister In The Sun,2018-11-29 05:43:00,B,Blister,2
The Smithereens,Blood & Roses,2018-11-29 05:45:00,B,Blood,3
Death Of Samantha,Blood And Shaving Cream,2018-11-29 05:48:00,B,Blood,4
Cocteau Twins,Blue Bell Knoll,2018-11-29 05:52:00,B,Blue,3
Elvis Costello,Blue Chair,2018-11-29 05:55:00,B,Blue,5
Lene Lovich,Blue Hotel,2018-11-29 06:00:00,B,Blue,3
David Bowie,Blue Jean,2018-11-29 06:03:00,B,Blue,4
New Order,Blue Monday,2018-11-29 06:07:00,B,Blue,5
The Smithereens,Blue Period,2018-11-29 06:12:00,B,Blue,3
X,Blue Spark,2018-11-29 06:15:00,B,Blue,6
The Jesus And Mary Chain,Blues From A Gun,2018-11-29 06:21:00,B,Blues,5
Enya,Boadicea,2018-11-29 06:26:00,B,Boadicea,3
Minutemen,Bob Dylan Wrote Propaganda Songs,2018-11-29 06:29:00,B,Bob,1
Bruce Springsteen,Bobby Jean,2018-11-29 06:30:00,B,Bobby,4
The Fall,Bombast,2018-11-29 06:34:00,B,Bombast,4
The Police,Bombs Away,2018-11-29 06:38:00,B,Bombs,3
Prefab Sprout,Bonny,2018-11-29 06:41:00,B,Bonny,4
Fleetwood Mac,Book Of Love,2018-11-29 06:45:00,B,Book,7
Warren Zevon,Boom Boom Mancini,2018-11-29 06:52:00,B,Boom,5
Madonna,Borderline,2018-11-29 06:57:00,B,Borderline,6
Bruce Springsteen,Born In The USA,2018-11-29 07:03:00,B,Born,4
Nina Hagen,Born In Xixax,2018-11-29 07:07:00,B,Born,4
Talking Heads,Born Under Punches (The Heat Goes On),2018-11-29 07:11:00,B,Born,6
Yello,Bostich,2018-11-29 07:17:00,B,Bostich,6
Jackson Browne,Boulevard,2018-11-29 07:23:00,B,Boulevard,3
Jane Siberry,Bound By The Beauty,2018-11-29 07:26:00,B,Bound,5
Book Of Love,Boy,2018-11-29 07:31:00,B,Boy,3
The Golden Palominos,Boy (Go),2018-11-29 07:34:00,B,Boy,7
The Pretenders,Brass In Pocket,2018-11-29 07:41:00,B,Brass,3
Sonic Youth,Brave Men Run (In My Family),2018-11-29 07:44:00,B,Brave,4
Michael Penn,Brave New World,2018-11-29 07:48:00,B,Brave,7
Pixies,Break My Body,2018-11-29 07:55:00,B,Break,2
Matthew Wilder,Break My Stride,2018-11-29 07:57:00,B,Break,4
Graham Parker & The Shot,Break Them Down,2018-11-29 08:01:00,B,Break,4
Clock DVA,Breakdown,2018-11-29 08:05:00,B,Breakdown,5
Grace Jones,Breakdown,2018-11-29 08:10:00,B,Breakdown,6
Boz Scaggs,Breakdown Dead Ahead,2018-11-29 08:16:00,B,Breakdown,7
UB40,Breakfast In Bed,2018-11-29 08:23:00,B,Breakfast,3
Judas Priest,Breaking The Law,2018-11-29 08:26:00,B,Breaking,3
Joe Jackson,Breaking Us In Two,2018-11-29 08:29:00,B,Breaking,4
Depeche Mode,Breathing In Fumes,2018-11-29 08:33:00,B,Breathing,8
X,Breathless,2018-11-29 08:41:00,B,Breathless,2
Bruce Springsteen,Brilliant Disguise,2018-11-29 08:43:00,B,Brilliant,4
Elvis Costello,Brilliant Mistake,2018-11-29 08:47:00,B,Brilliant,7
Melissa Etheridge,Bring Me Some Water,2018-11-29 08:54:00,B,Bring,4
Echo & The Bunnymen,Bring On The Dancing Horses,2018-11-29 08:58:00,B,Bring,4
Public Enemy,Bring The Noise,2018-11-29 09:02:00,B,Bring,4
Def Leppard,Bringin' On The Heartbreak,2018-11-29 09:06:00,B,Bringin',6
Robbie Robertson,Broken Arrow,2018-11-29 09:12:00,B,Broken,5
Kissing The Pink,Broken Body,2018-11-29 09:17:00,B,Broken,5
Jason & The Scorchers,Broken Whiskey Glass,2018-11-29 09:22:00,B,Broken,4
Mr. Mister,Broken Wings,2018-11-29 09:26:00,B,Broken,6
Dire Straits,Brothers In Arms,2018-11-29 09:32:00,B,Brothers,7
Bob Dylan,Brownsville Girl,2018-11-29 09:39:00,B,Brownsville,13
"Joe ""King"" Carrasco And The Crowns",Buena,2018-11-29 09:52:00,B,Buena,3
The Golden Palominos,Buenos Aires,2018-11-29 09:55:00,B,Buenos,4
Malcolm McLaren,Buffalo Gals,2018-11-29 09:59:00,B,Buffalo,4
Bob Marley & The Wailers,Buffalo Soldier,2018-11-29 10:03:00,B,Buffalo,4
Neneh Cherry,Buffalo Stance,2018-11-29 10:07:00,B,Buffalo,8
U2,Bullet The Blue Sky,2018-11-29 10:15:00,B,Bullet,4
The Gap Band,Burn Rubber,2018-11-29 10:19:00,B,Burn,5
Blue Oyster Cult,Burnin' For You,2018-11-29 10:24:00,B,Burnin',5
Robert Plant,Burning Down One Side,2018-11-29 10:29:00,B,Burning,4
Talking Heads,Burning Down The House,2018-11-29 10:33:00,B,Burning,4
Madonna,Burning Up,2018-11-29 10:37:00,B,Burning,4
Lou Reed,Busload Of Faith,2018-11-29 10:41:00,B,Busload,5
The Stone Roses,Bye Bye Badman,2018-11-29 10:46:00,B,Bye,4
The Fall,C.R.E.E.P.,2018-11-29 10:50:00,C,C,4
Bow Wow Wow,"C30, C60, C90 Go",2018-11-29 10:54:00,C,C30,3
Look Blue Go Purple,Cactus Cat,2018-11-29 10:57:00,C,Cactus,3
Bruce Springsteen,Cadillac Ranch,2018-11-29 11:00:00,C,Cadillac,3
Blondie,Call Me,2018-11-29 11:03:00,C,Call,10
Go West,Call Me,2018-11-29 11:13:00,C,Call,4
A House,Call Me Blue,2018-11-29 11:17:00,C,Call,2
Jevetta Steele,Calling You,2018-11-29 11:19:00,C,Calling,8
Stan Ridgway,Camouflage,2018-11-29 11:27:00,C,Camouflage,5
New Edition,Can You Stand The Rain,2018-11-29 11:32:00,C,Can,4
The Police,Canary In A Coalmine,2018-11-29 11:36:00,C,Canary,4
Joe Jackson,Cancer,2018-11-29 11:40:00,C,Cancer,6
New Edition,Candy Girl,2018-11-29 11:46:00,C,Candy,4
Ben Watt,Can't,2018-11-29 11:50:00,C,Can't,5
REO Speedwagon,Can't Fight This Feeling Anymore,2018-11-29 11:55:00,C,Can't,5
The Colourfield,Can't Get Enough Of You Baby,2018-11-29 12:00:00,C,Can't,3
R. E. M.,Can't Get There From Here,2018-11-29 12:03:00,C,Can't,4
The English Beat,Can't Get Used To Losing You,2018-11-29 12:07:00,C,Can't,4
The Replacements,Can't Hardly Wait,2018-11-29 12:11:00,C,Can't,3
Alex Chilton,Can't Seem To Make You Mine,2018-11-29 12:14:00,C,Can't,3
Todd Rundgren,Can't Stop Running,2018-11-29 12:17:00,C,Can't,6
NRBQ,Captain Lou,2018-11-29 12:23:00,C,Captain,3
The Clash,Car Jamming,2018-11-29 12:26:00,C,Car,4
The Housemartins,Caravan Of Love,2018-11-29 12:30:00,C,Caravan,3
Wham!,Careless Whisper,2018-11-29 12:33:00,C,Careless,8
Billy Ocean,Caribbean Queen (No More Love On The Run),2018-11-29 12:41:00,C,Caribbean,4
R. E. M.,Carnival Of Sorts (Box Cars),2018-11-29 12:45:00,C,Carnival,4
Cocteau Twins,Carolyn's Fingers,2018-11-29 12:49:00,C,Carolyn's,3
Prefab Sprout,Cars And Girls,2018-11-29 12:52:00,C,Cars,5
Paul Simon,Cars Are Cars,2018-11-29 12:57:00,C,Cars,3
Albert Collins,Cash Talkin' (The Workingman's Blues),2018-11-29 13:00:00,C,Cash,5
Daniel Johnston,Casper the Friendly Ghost,2018-11-29 13:05:00,C,Casper,3
Beat Happening,Cast A Shadow,2018-11-29 13:08:00,C,Cast,4
The Armoury Show,Castles In Spain,2018-11-29 13:12:00,C,Castles,7
Suburban Wives Club,Casual Cat At A Laundromat,2018-11-29 13:19:00,C,Casual,2
David Bowie,Cat People (Putting Out Fire),2018-11-29 13:21:00,C,Cat,7
R. E. M.,Catapult,2018-11-29 13:28:00,C,Catapult,4
Womack & Womack,Catch And Don't Look Back,2018-11-29 13:32:00,C,Catch,4
Pretty Poison,Catch Me (I'm Falling),2018-11-29 13:36:00,C,Catch,6
Billy Idol,Catch My Fall,2018-11-29 13:42:00,C,Catch,4
The Bluebells,Cath,2018-11-29 13:46:00,C,Cath,3
The Jim Carroll Band,Catholic Boy,2018-11-29 13:49:00,C,Catholic,3
The Go-Betweens,Cattle And Cane,2018-11-29 13:52:00,C,Cattle,4
The Germs,Caught In My Eye,2018-11-29 13:56:00,C,Caught,4
Anita Baker,Caught Up In The Rapture,2018-11-29 14:00:00,C,Caught,5
Liquid Liquid,Cavern,2018-11-29 14:05:00,C,Cavern,6
Husker Du,Celebrated Summer,2018-11-29 14:11:00,C,Celebrated,5
Kool & The Gang,Celebration,2018-11-29 14:16:00,C,Celebration,4
The Smiths,Cemetry Gates,2018-11-29 14:20:00,C,Cemetry,3
John Fogerty,Centerfield,2018-11-29 14:23:00,C,Centerfield,4
The J. Geils Band,Centerfold,2018-11-29 14:27:00,C,Centerfold,6
Rebbie Jackson,Centipede,2018-11-29 14:33:00,C,Centipede,5
Joy Division,Ceremony (live),2018-11-29 14:38:00,C,Ceremony,4
New Order,Ceremony,2018-11-29 14:42:00,C,Ceremony,6
MC Lyte,Cha Cha Cha,2018-11-29 14:48:00,C,Cha,3
Joe Jackson,Cha Cha Loco,2018-11-29 14:51:00,C,Cha,5
Wire Train,Chamber Of Hellos,2018-11-29 14:56:00,C,Chamber,5
Muddy Waters,Champagne & Reefer,2018-11-29 15:01:00,C,Champagne,4
Tears For Fears,Change,2018-11-29 15:05:00,C,Change,6
De La Soul,Change In Speak,2018-11-29 15:11:00,C,Change,3
Tom Petty & The Heartbreakers,Change Of Heart,2018-11-29 15:14:00,C,Change,3
Robert Hazard & The Heroes,Change Reaction,2018-11-29 15:17:00,C,Change,6
Lucinda Williams,Changed The Locks,2018-11-29 15:23:00,C,Changed,4
B-52's,Channel Z,2018-11-29 15:27:00,C,Channel,5
Vangelis,Chariots of Fire,2018-11-29 15:32:00,C,Chariots,3
Husker Du,"Charity, Chastity, Prudence, And Hope",2018-11-29 15:35:00,C,Charity,4
The Clash,Charlie Don't Surf,2018-11-29 15:39:00,C,Charlie,4
The Vipers,Cheated And Lied,2018-11-29 15:43:00,C,Cheated,2
John Mellencamp,Check It Out,2018-11-29 15:45:00,C,Check,4
John Mellencamp,Cherry Bomb,2018-11-29 15:49:00,C,Cherry,6
UB40,Cherry Oh Baby,2018-11-29 15:55:00,C,Cherry,4
Sade,Cherry Pie,2018-11-29 15:59:00,C,Cherry,7
Slick Rick,Children's Story,2018-11-29 16:06:00,C,Children's,6
Red Rockers,China,2018-11-29 16:12:00,C,China,4
David Bowie,China Girl,2018-11-29 16:16:00,C,China,4
Joe Jackson,Chinatown,2018-11-29 16:20:00,C,Chinatown,5
The Ramones,Chinese Rock,2018-11-29 16:25:00,C,Chinese,3
Siouxsie & The Banshees,Christine,2018-11-29 16:28:00,C,Christine,3
The House Of Love,Christine,2018-11-29 16:31:00,C,Christine,5
Kurtis Blow,Christmas Rappin',2018-11-29 16:36:00,C,Christmas,4
The Waitresses,Christmas Wrapping,2018-11-29 16:40:00,C,Christmas,8
The Flaming Lips,Chrome Plated Suicide,2018-11-29 16:48:00,C,Chrome,6
The Waterboys,Church Not Made With Hands,2018-11-29 16:54:00,C,Church,6
Christian Death,Church Of No Return,2018-11-29 17:00:00,C,Church,6
Culture Club,Church Of The Poison Mind,2018-11-29 17:06:00,C,Church,4
War,Cinco De Mayo,2018-11-29 17:10:00,C,Cinco,4
Atlantic Starr,Circles,2018-11-29 17:14:00,C,Circles,7
Siouxsie & The Banshees,Cities In Dust,2018-11-29 17:21:00,C,Cities,4
Way Of The West,City For Lovers,2018-11-29 17:25:00,C,City,7
Willie Nelson,City Of New Orleans,2018-11-29 17:32:00,C,City,7
My Bloody Valentine,Clair,2018-11-29 17:39:00,C,Clair,2
Tom Waits,Clap Hands,2018-11-29 17:41:00,C,Clap,4
Bob Dylan,Clean Cut Kid,2018-11-29 17:45:00,C,Clean,7
Descendents,Clean Sheets,2018-11-29 17:52:00,C,Clean,3
Van Morrison,Cleaning Windows,2018-11-29 17:55:00,C,Cleaning,5
Alice Cooper,Clones (We're All),2018-11-29 18:00:00,C,Clones,3
Art Of Noise,Close (To The Edit),2018-11-29 18:03:00,C,Close,5
The Cure,Close to Me,2018-11-29 18:08:00,C,Close,5
Indigo Girls,Closer To Fine,2018-11-29 18:13:00,C,Closer,1
Indigo Girls,Closer To Fine,2018-11-29 18:14:00,C,Closer,3
Soul Asylum,Closer To The Stars,2018-11-29 18:17:00,C,Closer,3
George Harrison,Cloud Nine,2018-11-29 18:20:00,C,Cloud,4
Kate Bush,Cloudbusting,2018-11-29 18:24:00,C,Cloudbusting,6
Elvis Costello,Clubland,2018-11-29 18:30:00,C,Clubland,4
Big Audio Dynamite,C'mon Every Beatbox,2018-11-29 18:34:00,C,C'mon,4
Neil Young,Coastline,2018-11-29 18:38:00,C,Coastline,5
Rick James,Cold Blooded,2018-11-29 18:43:00,C,Cold,6
Paula Abdul,Cold Hearted,2018-11-29 18:49:00,C,Cold,4
Stevie Ray Vaughan,Cold Shot,2018-11-29 18:53:00,C,Cold,4
The Godfathers,Cold Turkey,2018-11-29 18:57:00,C,Cold,5
The Replacements,Color Me Impressed,2018-11-29 19:02:00,C,Color,2
Au Pairs,Come Again,2018-11-29 19:04:00,C,Come,6
Hoodoo Gurus,Come Anytime,2018-11-29 19:10:00,C,Come,3
The J. Geils Band,Come Back,2018-11-29 19:13:00,C,Come,7
Paul Young,Come Back And Stay,2018-11-29 19:20:00,C,Come,5
The Kinks,Come Dancing,2018-11-29 19:25:00,C,Come,3
Spacemen 3,Come Down Easy,2018-11-29 19:28:00,C,Come,7
14 Iced Bears,Come Get Me,2018-11-29 19:35:00,C,Come,4
Dexy's Midnight Runners,Come On Eileen,2018-11-29 19:39:00,C,Come,4
John Lennon,Come Together,2018-11-29 19:43:00,C,Come,4
Bob Marley & The Wailers,Coming In From The Cold,2018-11-29 19:47:00,C,Coming,5
Peter Tosh,Coming In Hot,2018-11-29 19:52:00,C,Coming,4
Paul McCartney,Coming Up,2018-11-29 19:56:00,C,Coming,4
B-52's,Communicate,2018-11-29 20:00:00,C,Communicate,4
Todd Rundgren,Compassion,2018-11-29 20:04:00,C,Compassion,8
Kirsty MacColl,Complainte Pour Ste Catherine,2018-11-29 20:12:00,C,Complainte,3
Prince & The Revolution,Computer Blue,2018-11-29 20:15:00,C,Computer,4
Kraftwerk,Computer Love,2018-11-29 20:19:00,C,Computer,8
New Order,"Confusion 12""",2018-11-29 20:27:00,C,Confusion,8
Traveling Wilburys,Congratulations,2018-11-29 20:35:00,C,Congratulations,4
Ziggy Marley,Conscious Party,2018-11-29 20:39:00,C,Conscious,6
Sting,Consider Me Gone,2018-11-29 20:45:00,C,Consider,4
Phish,Contact,2018-11-29 20:49:00,C,Contact,7
Prince,Controversy,2018-11-29 20:56:00,C,Controversy,4
Pylon,Cool,2018-11-29 21:00:00,C,Cool,3
The Offs,Cool Down,2018-11-29 21:03:00,C,Cool,4
Paul Davis,Cool Night,2018-11-29 21:07:00,C,Cool,4
Sparks & Jane Wiedlin,Cool Places,2018-11-29 21:11:00,C,Cool,6
Terry Cashman,Cooperstown (The Town Where Baseball Lives),2018-11-29 21:17:00,C,Cooperstown,4
Steve Earle,Copperhead Road,2018-11-29 21:21:00,C,Copperhead,5
Minutemen,Corona,2018-11-29 21:26:00,C,Corona,3
Yeah Yeah Noh,Cottage Industry,2018-11-29 21:29:00,C,Cottage,4
Bob Marley & The Wailers,Could You Be Loved,2018-11-29 21:33:00,C,Could,4
Stevie Ray Vaughan,Couldn't Stand The Weather,2018-11-29 21:37:00,C,Couldn't,6
Bruce Springsteen,Cover Me,2018-11-29 21:43:00,C,Cover,3
Bow Wow Wow,Cowboy,2018-11-29 21:46:00,C,Cowboy,4
Lyle Lovett,Cowboy Man,2018-11-29 21:50:00,C,Cowboy,4
Bush Tetras,Cowboys In Africa,2018-11-29 21:54:00,C,Cowboys,3
A.R. Kane,Crack Up,2018-11-29 21:57:00,C,Crack,5
The Primitives,Crash,2018-11-29 22:02:00,C,Crash,2
Pete Townshend,Crashing By Design,2018-11-29 22:04:00,C,Crashing,3
The Pastels,Crawl Babies,2018-11-29 22:07:00,C,Crawl,5
Jesse Johnson,Crazay,2018-11-29 22:12:00,C,Crazay,4
Pylon,Crazy,2018-11-29 22:16:00,C,Crazy,3
Madonna,Crazy For You,2018-11-29 22:19:00,C,Crazy,5
Indigo Girls,Crazy Game,2018-11-29 22:24:00,C,Crazy,3
Queen,Crazy Little Thing Called Love,2018-11-29 22:27:00,C,Crazy,2
Josef K,Crazy To Exist,2018-11-29 22:29:00,C,Crazy,3
Ozzy Osbourne,Crazy Train,2018-11-29 22:32:00,C,Crazy,6
Talking Heads,Creatures Of Love,2018-11-29 22:38:00,C,Creatures,4
Young Marble Giants,Credit In The Straight World,2018-11-29 22:42:00,C,Credit,3
Joan Jett And The Blackhearts,Crimson & Clover,2018-11-29 22:45:00,C,Crimson,5
Jaco Pastorius,Crisis,2018-11-29 22:50:00,C,Crisis,5
Ultramagnetic MC's,Critical Beatdown,2018-11-29 22:55:00,C,Critical,4
Talking Heads,Crosseyed And Painless,2018-11-29 22:59:00,C,Crosseyed,5
Stevie Ray Vaughan,Crossfire,2018-11-29 23:04:00,C,Crossfire,5
Bananarama,Cruel Summer,2018-11-29 23:09:00,C,Cruel,4
The Fall,Cruiser's Creek,2018-11-29 23:13:00,C,Cruiser's,4
Bruce Springsteen,Crush On You,2018-11-29 23:17:00,C,Crush,5
Heaven 17,Crushed By The Wheels Of Industry,2018-11-29 23:22:00,C,Crushed,6
Godley & Creme,Cry,2018-11-29 23:28:00,C,Cry,4
Iggy Pop,Cry For Love,2018-11-29 23:32:00,C,Cry,5
Felt,Crystal Ball,2018-11-29 23:37:00,C,Crystal,3
Living Colour,Cult Of Personality,2018-11-29 23:40:00,C,Cult,5
Peter Murphy,Cuts You Up,2018-11-29 23:45:00,C,Cuts,7
Marshall Crenshaw,Cynical Girl,2018-11-29 23:52:00,C,Cynical,2
The Flesh Eaters,Cyrano De Berger's Back,2018-11-29 23:54:00,C,Cyrano,4
Prince,D.M.S.R.,2018-11-29 23:58:00,D,D,8
Minutemen,D.'s Car Jam/Anxious Mo-Fo,2018-11-30 00:06:00,D,D,4
Wipers,D-7,2018-11-30 00:10:00,D,D-7,4
E. U.,Da' Butt,2018-11-30 00:14:00,D,Da',3
Trio,Da Da Da,2018-11-30 00:17:00,D,Da,3
Was (Not Was),"Dad, I'm In Jail",2018-11-30 00:20:00,D,Dad,3
The Dream Syndicate,Daddy's Girl,2018-11-30 00:23:00,D,Daddy's,3
Ben Vaughn,Daddy's Gone For Good,2018-11-30 00:26:00,D,Daddy's,3
Black Flag,Damaged II,2018-11-30 00:29:00,D,Damaged,3
The Rolling Stones,Dance (pt.1),2018-11-30 00:32:00,D,Dance,5
Wang Chung,Dance Hall Days,2018-11-30 00:37:00,D,Dance,4
ESG,Dance To The Beat Of Moody,2018-11-30 00:41:00,D,Dance,7
Lords Of The New Church,Dance With Me,2018-11-30 00:48:00,D,Dance,7
Steve Arrington,Dancin' In The Key Of Life,2018-11-30 00:55:00,D,Dancin',5
U2,Dancing Barefoot,2018-11-30 01:00:00,D,Dancing,4
Berlin,"Dancing In Berlin 12""",2018-11-30 01:04:00,D,Dancing,6
Q-Feel,Dancing In Heaven (Orbital Be-Bop),2018-11-30 01:10:00,D,Dancing,3
The Raincoats,Dancing In My Head,2018-11-30 01:13:00,D,Dancing,5
Bruce Springsteen,Dancing In The Dark,2018-11-30 01:18:00,D,Dancing,5
David Bowie & Mick Jagger,Dancing In The Street,2018-11-30 01:23:00,D,Dancing,3
Lionel Richie,Dancing On The Ceiling,2018-11-30 01:26:00,D,Dancing,4
Generation X,Dancing With Myself,2018-11-30 01:30:00,D,Dancing,4
Ultravox,Dancing With Tears In My Eyes,2018-11-30 01:34:00,D,Dancing,6
The Motels,Danger,2018-11-30 01:40:00,D,Danger,3
Kenny Loggins,Danger Zone,2018-11-30 01:43:00,D,Danger,4
Poster Children,Dangerous Life,2018-11-30 01:47:00,D,Dangerous,2
Brigit Novik & M,Danube,2018-11-30 01:49:00,D,Danube,4
Weird Al Yankovic,Dare To Be Stupid,2018-11-30 01:53:00,D,Dare,4
Strawberry Switchblade,Dark 7,2018-11-30 01:57:00,D,Dark,3
Bauhaus,Dark Entries,2018-11-30 02:00:00,D,Dark,4
The Blasters,Dark Night,2018-11-30 02:04:00,D,Dark,3
The Pogues,Dark Streets Of London,2018-11-30 02:07:00,D,Dark,4
The Jesus And Mary Chain,Darklands,2018-11-30 02:11:00,D,Darklands,6
Prince & The Revolution,Darling Nikki,2018-11-30 02:17:00,D,Darling,4
Bruce Springsteen,Darlington County,2018-11-30 02:21:00,D,Darlington,5
The Hooters,Day By Day,2018-11-30 02:26:00,D,Day,3
The Pretenders,Day By Day,2018-11-30 02:29:00,D,Day,4
The Police,"De Do Do Do, De Da Da Da",2018-11-30 02:33:00,D,De,5
The Pixies,Dead,2018-11-30 02:38:00,D,Dead,2
Oingo Boingo,Dead Man's Party,2018-11-30 02:40:00,D,Dead,6
Husker Du,Dead Set On Destruction,2018-11-30 02:46:00,D,Dead,4
Joy Division,Dead Souls,2018-11-30 02:50:00,D,Dead,5
B-52's,Deadbeat Club,2018-11-30 02:55:00,D,Deadbeat,4
Nick Cave & The Bad Seeds,Deanna,2018-11-30 02:59:00,D,Deanna,4
XTC,Dear God,2018-11-30 03:03:00,D,Dear,4
Willie Nile,Dear Lord,2018-11-30 03:07:00,D,Dear,7
John Lennon,Dear Yoko,2018-11-30 03:14:00,D,Dear,3
Sonic Youth,Death Valley '69,2018-11-30 03:17:00,D,Death,5
The Pixies,Debaser,2018-11-30 03:22:00,D,Debaser,3
The Vulgar Boatmen,Decision By The Airport,2018-11-30 03:25:00,D,Decision,3
B-52's,Deep Sleep,2018-11-30 03:28:00,D,Deep,3
Kate Bush,Deeper Understanding,2018-11-30 03:31:00,D,Deeper,5
Prince,Delirious,2018-11-30 03:36:00,D,Delirious,4
The Police,Demolition Man,2018-11-30 03:40:00,D,Demolition,6
Steve Martin,Dentist!,2018-11-30 03:46:00,D,Dentist,3
After The Fire,Der Kommisar,2018-11-30 03:49:00,D,Der,4
Gene Loves Jezebel,Desire,2018-11-30 03:53:00,D,Desire,4
Talk Talk,Desire,2018-11-30 03:57:00,D,Desire,7
U2,Desire,2018-11-30 04:04:00,D,Desire,5
Adam Ant,Desperate But Not Serious,2018-11-30 04:09:00,D,Desperate,3
Missing Persons,Destination Unknown,2018-11-30 04:12:00,D,Destination,4
The Kinks,Destroyer,2018-11-30 04:16:00,D,Destroyer,5
INXS,Devil Inside,2018-11-30 04:21:00,D,Devil,5
Paul Simon,Diamonds On The Soles Of Her Shoes,2018-11-30 04:26:00,D,Diamonds,6
Richard and Linda Thompson,Did She Jump or Was She Pushed?,2018-11-30 04:32:00,D,Did,4
Van Morrison,Did Ye Get Healed?,2018-11-30 04:36:00,D,Did,5
The Who,Did You Steal My Money?,2018-11-30 04:41:00,D,Did,4
Chris Isaak,Diddley Daddy,2018-11-30 04:45:00,D,Diddley,4
Whitney Houston,Didn't We Almost Have It All,2018-11-30 04:49:00,D,Didn't,6
U-Men,Dig It A Hole,2018-11-30 04:55:00,D,Dig,3
Hoodoo Gurus,Dig It Up,2018-11-30 04:58:00,D,Dig,4
The Blow Monkeys,Digging Your Scene,2018-11-30 05:02:00,D,Digging,4
George Kranz,"Din Daa Daa 12""",2018-11-30 05:06:00,D,Din,7
Lou Reed,Dirty Blvd.,2018-11-30 05:13:00,D,Dirty,3
Michael Jackson,Dirty Diana,2018-11-30 05:16:00,D,Dirty,5
Prince,Dirty Mind,2018-11-30 05:21:00,D,Dirty,3
David Byrne,Dirty Old Town,2018-11-30 05:24:00,D,Dirty,5
The Pogues,Dirty Old Town,2018-11-30 05:29:00,D,Dirty,4
The Rolling Stones,Dirty Work,2018-11-30 05:33:00,D,Dirty,4
Public Image Ltd.,Disappointed,2018-11-30 05:37:00,D,Disappointed,5
King Crimson,Discipline,2018-11-30 05:42:00,D,Discipline,6
Jackson Browne,Disco Apocalypse,2018-11-30 05:48:00,D,Disco,5
Skafish,Disgracing The Family Name,2018-11-30 05:53:00,D,Disgracing,3
The Residents,Diskomo (Remix),2018-11-30 05:56:00,D,Diskomo,5
Felt,Dismantled King Is Off The Throne,2018-11-30 06:01:00,D,Dismantled,3
Rush,Distant Early Warning,2018-11-30 06:04:00,D,Distant,7
Husker Du,Divide & Conquer,2018-11-30 06:11:00,D,Divide,3
Phish,Divided Sky,2018-11-30 06:14:00,D,Divided,16
1000 Mexicans,Diving For Pearls,2018-11-30 06:30:00,D,Diving,4
Randy Newman,Dixie Flyer,2018-11-30 06:34:00,D,Dixie,4
Throwing Muses,Dizzy,2018-11-30 06:38:00,D,Dizzy,5
The Kinks,Do It Again,2018-11-30 06:43:00,D,Do,4
Prince,Do It All Night,2018-11-30 06:47:00,D,Do,7
The Dirty Dozen Brass Band,Do It Fluid,2018-11-30 06:54:00,D,Do,6
Billy Idol,Do Not Stand In The Shadows,2018-11-30 07:00:00,D,Do,3
Culture Club,Do You Really Want To Hurt Me,2018-11-30 07:03:00,D,Do,6
The Ramones,Do You Remember Rock N' Roll Radio?,2018-11-30 07:09:00,D,Do,4
Bow Wow Wow,Do You Wanna Hold Me?,2018-11-30 07:13:00,D,Do,3
Joan Jett,Do You Wanna Touch Me,2018-11-30 07:16:00,D,Do,7
The Thompson Twins,Doctor! Doctor!,2018-11-30 07:23:00,D,Doctor,4
KLF,Doctorin The Tardis,2018-11-30 07:27:00,D,Doctorin,4
Adam & The Ants,Dog Eat Dog,2018-11-30 07:31:00,D,Dog,3
"The Jungle Brothers (w/ De La Soul, Queen Latifah, Q-Tip and Monie Love)",Doin' Our Own Dang,2018-11-30 07:34:00,D,Doin',6
Lou Reed,Doin' The Things That We Want To,2018-11-30 07:40:00,D,Doin',3
Dominatrix,Dominatrix Sleeps Tonight,2018-11-30 07:43:00,D,Dominatrix,10
Masters Of Reality,Domino,2018-11-30 07:53:00,D,Domino,4
Pet Shop Boys,Domino Dancing,2018-11-30 07:57:00,D,Domino,5
Weather Report,Domino Theory,2018-11-30 08:02:00,D,Domino,8
Billy Joel,Don't Ask Me Why,2018-11-30 08:10:00,D,Don't,0
