Title,Artist,Letter,Year,First Word
A Case Of You,Joni Mitchell,A,1971,A
A Dream Goes On Forever,Todd Rundgren,A,1974,A
A Good Feelin' To Know,Poco,A,1972,A
A Man Needs A Maid,Neil Young,A,1972,A
A Natural Man,Lou Rawls,A,1971,A
A Salty Dog,Procol Harum,A,0,A
A Song For You,Leon Russell,A,1970,A
A Trick Of The Tail,Genesis,A,1976,A
ABC,Jackson 5,A,1970,ABC
Acadian Driftwood,The Band,A,1975,Acadian
Accidently Like A Martyr,Warren Zevon,A,1978,Accidently
Accidents Will Happen,Elvis Costello,A,1979,Accidents
Across 110th Street,Bobby Womack,A,1973,Across
Across The Universe,The Beatles,A,1970,Across
Adam Raised A Cain,Bruce Springsteen,A,1978,Adam
After Midnight,Eric Clapton,A,1970,After
After Midnight,J. J. Cale,A,1972,After
After The Goldrush,Neil Young,A,1970,After
Ain't Gwine Whistle Dixie,Taj Mahal,A,1971,Ain't
Ain't No Love In The Heart Of The City,"Bobby ""Blue"" Bland",A,1974,Ain't
Ain't No Stoppin' Us Now,McFadden & Whitehead,A,1979,Ain't
Ain't No Sunshine,Bill Withers,A,1971,Ain't
Ain't No Woman (Like The One I've Got),Four Tops,A,1973,Ain't
Ain't Nothin' But A Houseparty,The J. Geils Band,A,1973,Ain't
Ain't Too Proud To Beg,The Rolling Stones,A,1974,Ain't
Ain't Wastin' Time No More,The Allman Brothers,A,1972,Ain't
Aja,Steely Dan,A,1977,Aja
Alabama,Neil Young,A,1972,Alabama
Aladdin Sane,David Bowie,A,1973,Aladdin
Albuquerque,Neil Young,A,1975,Albuquerque
Alison,Elvis Costello,A,1977,Alison
Alison Gross,Steeleye Span,A,1973,Alison
All Day Music,War,A,1971,All
All Down The Line,The Rolling Stones,A,1972,All
All I Want,Joni Mitchell,A,1971,All
All Mixed Up,The Cars,A,1978,All
All My Love,Led Zeppelin,A,1979,All
All Right Now,Free,A,1970,All
All The Children Sing,Todd Rundgren,A,1978,All
All The Way From Memphis,Mott The Hoople,A,1973,All
All The Young Dudes,Mott The Hoople,A,1972,All
All Things Must Pass,George Harrison,A,1970,All
Almost Cut My Hair,Crosby Stills Nash & Young,A,1970,Almost
Already Gone,The Eagles,A,1974,Already
American Girl,Tom Petty & The Heartbreakers,A,1976,American
Amoreena,Elton John,A,1971,Amoreena
And It Stoned Me,Van Morrison,A,1970,And
And You And I,Yes,A,1972,And
Angel,Jimi Hendrix,A,1971,Angel
Angel From Montgomery,Bonnie Raitt,A,1974,Angel
Angel From Montgomery,John Prine,A,1971,Angel
Angie,The Rolling Stones,A,1973,Angie
Angry Eyes,Loggins & Messina,A,1972,Angry
Animal Zoo,Spirit,A,1970,Animal
Another Brick In The Wall (Part 2),Pink Floyd,A,1979,Another
Another Day,Paul McCartney & Wings,A,1971,Another
"Another Girl, Another Planet",The Only Ones,A,1978,Another
"Another Park, Another Sunday",The Doobie Brothers,A,1974,Another
Another Star,Stevie Wonder,A,1976,Another
Any Major Dude Will Tell You,Steely Dan,A,1974,Any
Any Other Woman,Greg Kihn,A,1976,Any
Apostrophe,Frank Zappa,A,1974,Apostrophe
Apple Scruffs,George Harrison,A,1970,Apple
Are Friends Electric?,Gary Numan & Tubeway Army,A,1979,Are
Are You Ready?,Pacific Gas & Electric,A,1970,Are
Are You Ready For The Country?,Neil Young,A,1972,Are
Art For Art's Sake,10cc,A,1976,Art
As,Stevie Wonder,A,1976,As
Ask The Angels,Patti Smith,A,1976,Ask
Avenging Annie,Andy Pratt,A,1973,Avenging
Baba O'Riley,The Who,B,1971,Baba
Baby Blue,Badfinger,B,1971,Baby
Baby Boomerang,T Rex,B,1972,Baby
Baby Lemonade,Syd Barrett,B,1970,Baby
"Baby, I Need Your Loving",The Heptones,B,1976,Baby
Back In The USA,MC5,B,1970,Back
Back It Up,Nils Lofgren,B,1975,Back
Back Off Boogaloo,Ringo Starr,B,1972,Back
Back Stabbers,The O'Jays,B,1972,Back
Backstreets,Bruce Springsteen,B,1975,Backstreets
Bad 'N' Ruin,Faces,B,1971,Bad
Bad Luck,Harold Melvin & The Bluenotes,B,1975,Bad
Bad Sneakers,Steely Dan,B,1975,Bad
Badlands,Bruce Springsteen,B,1978,Badlands
Ball Of Confusion,The Temptations,B,1971,Ball
Ballad Of A Well-Known Gun,Elton John,B,1971,Ballad
Baltimore,Randy Newman,B,1977,Baltimore
Band On The Run,Paul McCartney & Wings,B,1973,Band
Bang A Gong (Get It On),T Rex,B,1971,Bang
Bare Trees,Fleetwood Mac,B,1972,Bare
Bargain,The Who,B,1971,Bargain
Battle Of Evermore,Led Zeppelin,B,1971,Battle
Be Nice To Me,Todd Rundgren,B,1971,Be
Be Thankful For What You Got,William DeVaughn,B,1974,Be
Beast Of Burden,The Rolling Stones,B,1978,Beast
Beauty And The Beast,David Bowie,B,1977,Beauty
Because The Night,Patti Smith,B,1978,Because
Before They Make Me Run,The Rolling Stones,B,1978,Before
Behind Blue Eyes,The Who,B,1971,Behind
Bell Bottom Blues,Derek & The Dominos,B,1970,Bell
Benedictus,Strawbs,B,1972,Benedictus
Bennie and the Jets,Elton John,B,1973,Bennie
Bermuda Triangle,Fleetwood Mac,B,1974,Bermuda
Bertha,Grateful Dead,B,1971,Bertha
Betcha By Golly Wow,The Stylistics,B,1971,Betcha
Big Chief,Dr. John,B,1972,Big
Big Yellow Taxi,Joni Mitchell,B,1970,Big
Birdland,Weather Report,B,1977,Birdland
Bitch,The Rolling Stones,B,1971,Bitch
Black Cow,Steely Dan,B,1977,Black
Black Friday,Steely Dan,B,1975,Black
Black Water,The Doobie Brothers,B,1974,Black
Blame It On Cain,Elvis Costello,B,1977,Blame
Blank Generation,Richard Hell & The Voidoids,B,1977,Blank
Blinded By The Light,Bruce Springsteen,B,1972,Blinded
Blitzkrieg Bop,The Ramones,B,1976,Blitzkrieg
Bloody Well Right,Supertramp,B,1974,Bloody
Blue,Joni Mitchell,B,1971,Blue
Blue Eyes Crying In The Rain,Willie Nelson,B,1975,Blue
Blue Letter,Fleetwood Mac,B,1975,Blue
Blue Money,Van Morrison,B,1970,Blue
Blue Skies,Willie Nelson,B,1978,Blue
Blue Sky,The Allman Brothers,B,1972,Blue
Bluebird,Paul McCartney & Wings,B,1973,Bluebird
Blues Power,Eric Clapton,B,1970,Blues
Bodhisattva,Steely Dan,B,1973,Bodhisattva
Bohemian Rhapsody,Queen,B,1975,Bohemian
Bombs Away,Bob Weir,B,1978,Bombs
Boogie Down,Eddie Kendricks,B,1974,Boogie
Boogie Nights,Heatwave,B,1976,Boogie
Boogie On Reggae Woman,Stevie Wonder,B,1974,Boogie
Boogie With Stu,Led Zeppelin,B,1975,Boogie
Book Of Rules,The Heptones,B,1976,Book
Border Song,Elton John,B,1970,Border
Border Town,The Souther-Hillman-Furay Band,B,1974,Border
Born To Run,Bruce Springsteen,B,1975,Born
Box Of Rain,Grateful Dead,B,1970,Box
Brand New Cadillac,The Clash,B,1979,Brand
Brand New Key,Melanie,B,1971,Brand
Brass Buttons,Gram Parsons,B,1974,Brass
Breakdown,Tom Petty & The Heartbreakers,B,1976,Breakdown
Breakfast In America,Supertramp,B,1979,Breakfast
Breaking Glass,David Bowie,B,1977,Breaking
Brick House,The Commodores,B,1977,Brick
Bright Side Of The Road,Van Morrison,B,1979,Bright
Broken English,Marianne Faithfull,B,1979,Broken
Brother Louie,Stories,B,1973,Brother
Brown Sugar,The Rolling Stones,B,1971,Brown
Bruised Orange,John Prine,B,1978,Bruised
Buffalo Soldier,Bob Marley & The Wailers,B,0,Buffalo
Bungle In The Jungle,Jethro Tull,B,1974,Bungle
Burn Down The Mission,Elton John,B,1971,Burn
Burning Love,Elvis Presley,B,1973,Burning
Bye Bye Love,The Cars,B,1978,Bye
Ca Plane Pour Moi,Plastic Bertrand,C,1977,Ca
Cakewalk Into Town,Taj Mahal,C,1972,Cakewalk
Caldonia,B. B. King,C,1973,Caldonia
California,Joni Mitchell,C,1971,California
California Blues,Dickey Betts & Great Southern,C,1977,California
California Man,Cheap Trick,C,1978,California
Call Me the Breeze,J. J. Cale,C,1972,Call
Call Me the Breeze,Lynyrd Skynyrd,C,1974,Call
Call Me Up In Dreamland,Van Morrison,C,1970,Call
Camellia,Hall & Oates,C,1975,Camellia
Campaigner,Neil Young,C,1977,Campaigner
Can We Still Be Friends,Todd Rundgren,C,1978,Can
Can You Get to That,Funkadelic,C,1971,Can
Can't Get It Out Of My Head,Electric Light Orchestra,C,1974,Can't
Can't Stand Losing You,The Police,C,1978,Can't
Can't You Hear Me Knockin',The Rolling Stones,C,1971,Can't
Can't You See,Marshall Tucker Band,C,1973,Can't
Candy's Room,Bruce Springsteen,C,1978,Candy's
Car On A Hill,Joni Mitchell,C,1974,Car
Caravan,Van Morrison,C,1970,Caravan
Carey,Joni Mitchell,C,1971,Carey
Carmelita,Warren Zevon,C,1976,Carmelita
Carolina In My Mind,James Taylor,C,1976,Carolina
Caroline,Jefferson Starship,C,1974,Caroline
Carouselambra,Led Zeppelin,C,1979,Carouselambra
Carpet Of The Sun,Renaissance,C,1973,Carpet
Carry Me,Crosby & Nash,C,1975,Carry
Carry On,Crosby Stills Nash & Young,C,1970,Carry
Carry On,Crosby Stills Nash & Young,C,1979,Carry
Cars,Gary Numan,C,1979,Cars
Cars Hiss By My Window,The Doors,C,1971,Cars
Casey Jones,Grateful Dead,C,1970,Casey
Cassidy,Bob Weir,C,1972,Cassidy
Cat's In The Cradle,Harry Chapin,C,1974,Cat's
Cathedral,Crosby Stills & Nash,C,1977,Cathedral
Cats Under The Stars,Jerry Garcia,C,1978,Cats
Cecilia,Simon & Garfunkel,C,1970,Cecilia
Celluloid Heroes,The Kinks,C,1972,Celluloid
Century City,Tom Petty & The Heartbreakers,C,1979,Century
Chain Lightning,Steely Dan,C,1975,Chain
Chameleon,Herbie Hancock,C,1973,Chameleon
Change Partners,Stephen Stills,C,1971,Change
Changes,David Bowie,C,1971,Changes
Cherry Bomb,The Runaways,C,1976,Cherry
Cherry Oh Baby,The Rolling Stones,C,1976,Cherry
Cherry Oh Baby,Eric Donaldson,C,1971,Cherry
Children Of The Revolution,T Rex,C,1972,Children
China Cat / I Know You Rider,Grateful Dead,C,1972,China
China Girl,Iggy Pop,C,1977,China
China Grove,The Doobie Brothers,C,1973,China
Chuck E's In Love,Rickie Lee Jones,C,1979,Chuck
Cindy Incidentally,Faces,C,1973,Cindy
City Of New Orleans,Arlo Guthrie,C,1972,City
Clash City Rockers,The Clash,C,1979,Clash
Clean Up Woman,Betty Wright,C,1972,Clean
Cleveland Rocks,Ian Hunter,C,1979,Cleveland
Close To The Edge,Yes,C,1972,Close
Cocaine,Eric Clapton,C,1977,Cocaine
Cocaine,J. J. Cale,C,1976,Cocaine
Cocaine,Jackson Browne,C,1977,Cocaine
Coconut,Harry Nilsson,C,1971,Coconut
"Cold, Cold, Cold",Little Feat,C,1972,Cold
Come A Little Bit Closer,Fleetwood Mac,C,1974,Come
Come And Get It,Badfinger,C,1970,Come
Come And Go Blues,The Allman Brothers,C,1973,Come
Come Dancing,Jeff Beck,C,1976,Come
Come Down In Time,Elton John,C,1971,Come
Come Get To This,Marvin Gaye,C,1973,Come
Come Go With Me,The Staple Singers,C,1973,Come
Come Running,Van Morrison,C,1970,Come
Comes A Time,Neil Young,C,1978,Comes
Comfortably Numb,Pink Floyd,C,1979,Comfortably
Congratulations,Paul Simon,C,1972,Congratulations
Conquistador,Procol Harum,C,1972,Conquistador
Conversation,Joni Mitchell,C,1970,Conversation
Cortez The Killer,Neil Young,C,1975,Cortez
Cosmik Debris,Frank Zappa,C,1974,Cosmik
Could It Be I'm Falling In Love,The Spinners,C,1973,Could
Couldn't Get It Right,Climax Blues Band,C,1976,Couldn't
Couldn't I Just Tell You,Todd Rundgren,C,1975,Couldn't
Country Comfort,Elton John,C,1971,Country
Country Girl,Crosby Stills Nash & Young,C,1970,Country
Court & Spark,Joni Mitchell,C,1974,Court
Coyote,Joni Mitchell,C,1976,Coyote
Crackerbox Palace,George Harrison,C,1976,Crackerbox
Cracking Up,Nick Lowe,C,1979,Cracking
Crazy Baldhead,Bob Marley & The Wailers,C,1976,Crazy
Crazy Love,The Allman Brothers,C,1979,Crazy
Crazy Love,Van Morrison,C,1970,Crazy
Crazy Mama,J. J. Cale,C,1972,Crazy
Crazy Mama,The Rolling Stones,C,1976,Crazy
Crime Of The Century,Supertramp,C,1974,Crime
Crippled Inside,John Lennon,C,1971,Crippled
Cross-eyed Mary,Jethro Tull,C,1971,Cross-eyed
Crosseyed Cat,Muddy Waters,C,1977,Crosseyed
Cruel To Be Kind,Nick Lowe,C,1979,Cruel
Cry Baby,Janis Joplin,C,1971,Cry
Cry Me A River,Joe Cocker,C,1970,Cry
Cry Tough,Nils Lofgren,C,1976,Cry
Cumberland Blues,Grateful Dead,C,1970,Cumberland
Custard Pie,Led Zeppelin,C,1975,Custard
Cut Across Shorty,Rod Stewart,C,1970,Cut
Cut My Hair,The Who,C,1979,Cut
Cut The Cake,Average White Band,C,1975,Cut
D.I.Y.,Peter Gabriel,D,1978,D
D'yer Mak'er,Led Zeppelin,D,1973,D'yer
Damaged Goods,Gang Of Four,D,1979,Damaged
Dance Away,Roxy Music,D,1979,Dance
Dance Little Sister,The Rolling Stones,D,1974,Dance
Dance Sister Dance,Santana,D,1976,Dance
Dancin' Fool,Frank Zappa,D,1979,Dancin'
Dancin' In The Streets,Grateful Dead,D,1977,Dancin'
Dancing Barefoot,Patti Smith,D,1979,Dancing
Dancing Days,Led Zeppelin,D,1973,Dancing
Dancing In The Moonlight,King Harvest,D,1973,Dancing
Dancing In The Moonlight,Thin Lizzy,D,1977,Dancing
Dancing Queen,Abba,D,1976,Dancing
Dancing With Mr. D,The Rolling Stones,D,1973,Dancing
Danger Man,David Bromberg,D,1974,Danger
Daniel,Elton John,D,1973,Daniel
Dark Horse,George Harrison,D,1974,Dark
Dark Star,Crosby Stills & Nash,D,1977,Dark
Darkness On The Edge Of Town,Bruce Springsteen,D,1978,Darkness
Day After Day,Badfinger,D,1971,Day
Day Of The Eagle,Robin Trower,D,1974,Day
Day Or Night,Little Feat,D,1975,Day
Deacon Blues,Steely Dan,D,1977,Deacon
Dead Flowers,The Rolling Stones,D,1971,Dead
Dead Skunk,Loudon Wainwright III,D,1972,Dead
Deal,Jerry Garcia,D,1972,Deal
Death or Glory,The Clash,D,1979,Death
Deja Vu,Crosby Stills Nash & Young,D,1970,Deja
Delta Lady,Leon Russell,D,1970,Delta
Desperado,The Eagles,D,1973,Desperado
Desperados Under The Eaves,Warren Zevon,D,1976,Desperados
Detroit Breakdown,The J. Geils Band,D,1974,Detroit
Diamond Dogs,David Bowie,D,1974,Diamond
Diamonds And Rust,Joan Baez,D,1975,Diamonds
Dig A Pony,The Beatles,D,1970,Dig
Dinah Flo,Boz Scaggs,D,1972,Dinah
Dirty Love,Frank Zappa,D,1973,Dirty
Dirty Water,The Inmates,D,1979,Dirty
Dirty Work,Steely Dan,D,1972,Dirty
Disney Girls (1957),The Beach Boys,D,1971,Disney
Dixie Chicken,Little Feat,D,1973,Dixie
Do Anything You Wanna Do,Eddie & The Hot Rods,D,1977,Do
Do It ('til Your Satisfied),B. T. Express,D,1974,Do
Do It Again,Steely Dan,D,1972,Do
Do The Do,Howlin' Wolf,D,1971,Do
Do Ya,Electric Light Orchestra,D,1976,Do
Do You Know What I Mean,Lee Michaels,D,1971,Do
Do You Wanna Dance?,The Ramones,D,1977,Do
Doctor My Eyes,Jackson Browne,D,1972,Doctor
Doctor Wu,Steely Dan,D,1975,Doctor
Does This Bus Stop At 82nd Street,Bruce Springsteen,D,1972,Does
Dogs,Pink Floyd,D,1977,Dogs
Doing It To Death,James Brown,D,1973,Doing
Domino,Van Morrison,D,1970,Domino
Don't Be Denied,Neil Young,D,1973,Don't
Don't Bring Me Down,Electric Light Orchestra,D,1979,Don't
Don't Cry No Tears,Neil Young,D,1975,Don't
Don't Do It,The Band,D,1972,Don't
Don't Do Me Like That,Tom Petty & The Heartbreakers,D,1979,Don't
Don't Interrupt The Sorrow,Joni Mitchell,D,1975,Don't
Don't Let It Bring You Down,Neil Young,D,1970,Don't
Don't Let Me Be Lonely Tonight,James Taylor,D,1976,Don't
Don't Look Back,Boston,D,1978,Don't
Don't Look Back,Peter Tosh,D,1978,Don't
Don't Mess Up A Good Thing,Ry Cooder,D,1979,Don't
Don't Stop,Fleetwood Mac,D,1977,Don't
Don't Take Me Alive,Steely Dan,D,1976,Don't
Don't You Worry Bout A Thing,Stevie Wonder,D,1973,Don't
Doo Doo Doo Doo Doo (Heartbreaker),The Rolling Stones,D,1973,Doo
Down By The Seaside,Led Zeppelin,D,1975,Down
Down In The Flood,Bob Dylan,D,1975,Down
Down On The Street,The Stooges,D,1970,Down
Down The Road,Little Feat,D,1979,Down
Down To The Waterline,Dire Straits,D,1978,Down
Down To You,Joni Mitchell,D,1974,Down
Down Where The Drunkards Roll,Richard & Linda Thompson,D,1974,Down
Draggin' The Line,Tommy James & The Shondells,D,1970,Draggin'
Dreadlock Holiday,10cc,D,1978,Dreadlock
Dream Baby Dream,Suicide,D,1979,Dream
Dream On,Aerosmith,D,1973,Dream
Dreamer,Supertramp,D,1974,Dreamer
Dreaming,Blondie,D,1979,Dreaming
Dreams,Fleetwood Mac,D,1977,Dreams
Drift Away,Dobie Gray,D,1973,Drift
Drive Back,Neil Young,D,1975,Drive
Drive-in Saturday,David Bowie,D,1973,Drive-in
Driver's Seat,Sniff N The Tears,D,1978,Driver's
Duncan,Paul Simon,D,1972,Duncan
Easy From Now On,Emmylou Harris,E,1978,Easy
Easy Now,Eric Clapton,E,1970,Easy
Easy Now,Hot Tuna,E,1974,Easy
Easy Skanking,Bob Marley & The Wailers,E,1978,Easy
Easy To Slip,Little Feat,E,1972,Easy
Edith And The Kingpin,Joni Mitchell,E,1975,Edith
El Condor Pasa (If I Could),Simon & Garfunkel,E,1970,El
Elderberry Wine,Elton John,E,1973,Elderberry
Elected,Alice Cooper,E,1973,Elected
Eleventh Earl Of Mar,Genesis,E,1976,Eleventh
Empty Pages,Traffic,E,1970,Empty
Estimated Prophet,Grateful Dead,E,1977,Estimated
Even The Losers,Tom Petty & The Heartbreakers,E,1979,Even
Ever Fallen In Love?,The Buzzcocks,E,1978,Ever
Every Kind Of People,Robert Palmer,E,1978,Every
Every Night,Paul McCartney,E,1970,Every
Every Picture Tells A Story,Rod Stewart,E,1971,Every
Everybody Loves The Sunshine,Roy Ayers,E,1976,Everybody
Everybody Plays The Fool,The Main Ingredient,E,1972,Everybody
Everybody's A Star,The Kinks,E,1975,Everybody's
Everybody's Everything,Santana,E,0,Everybody's
Everybody's Happy Nowadays,The Buzzcocks,E,1979,Everybody's
Everyone's Gone To The Movies,Steely Dan,E,1975,Everyone's
Evil Woman,Electric Light Orchestra,E,1975,Evil
Excitable Boy,Warren Zevon,E,1978,Excitable
Exodus,Bob Marley & The Wailers,E,1977,Exodus
Express Yourself,Charles Wright & The Watts 103rd Street Rhythm Band,E,1970,Express
Eyes Of The World,Grateful Dead,E,1973,Eyes
Fall In Philadelphia,Hall & Oates,F,1972,Fall
Fame,David Bowie,F,1975,Fame
Family Affair,Sly & The Family Stone,F,1971,Family
Far Away Eyes,The Rolling Stones,F,1978,Far
Fascination,David Bowie,F,1975,Fascination
Fast Buck Freddie,Jefferson Starship,F,1975,Fast
Fat Man In The Bathtub,Little Feat,F,1973,Fat
Feats Don't Fail Me Now,Little Feat,F,1979,Feats
Feelin' Alright,Joe Cocker,F,1970,Feelin'
Fire,Ohio Players,F,1974,Fire
Fire On High,Electric Light Orchestra,F,1975,Fire
Fire On The Mountain,Grateful Dead,F,1978,Fire
Fish And Whistle,John Prine,F,1978,Fish
Five Years,David Bowie,F,1972,Five
Flashlight,Parliament,F,1977,Flashlight
Fly Robin Fly,Silver Convention,F,1975,Fly
Follow You Follow Me,Genesis,F,1978,Follow
Fool To Cry,The Rolling Stones,F,1976,Fool
Fooled Again (I Don't Like It),Tom Petty & The Heartbreakers,F,1976,Fooled
Footstompin' Music,Grand Funk Railroad,F,1971,Footstompin'
For A Dancer,Jackson Browne,F,1974,For
For Everyman,Jackson Browne,F,1973,For
For The Love Of Money,The O'Jays,F,1973,For
For The Turnstiles,Neil Young,F,1974,For
For You,Bruce Springsteen,F,1972,For
For You Blue,The Beatles,F,1970,For
For Your Life,Led Zeppelin,F,1976,For
Forever Young,Bob Dylan,F,1974,Forever
Fountain Of Sorrow,Jackson Browne,F,1974,Fountain
Four Sticks,Led Zeppelin,F,1971,Four
Frankenstein,Edgar Winter Group,F,1972,Frankenstein
Freddie's Dead,Curtis Mayfield,F,1972,Freddie's
Free Man In Paris,Joni Mitchell,F,1974,Free
Freeway Jam,Jeff Beck,F,1975,Freeway
Fresh Air,Quicksilver Messenger Service,F,1970,Fresh
Friend Of The Devil,Grateful Dead,F,1970,Friend
Friends,Led Zeppelin,F,1970,Friends
From The Beginning,Emerson Lake & Palmer,F,1972,From
Funeral For A Friend/Love Lies Bleeding,Elton John,F,1973,Funeral
Funk #49,James Gang,F,1970,Funk
Funky Drummer,James Brown,F,1970,Funky
Funky Kingston,Toots & The Maytals,F,1973,Funky
Funky Nassau,The Beginning Of The End,F,1971,Funky
Funky President,James Brown,F,1974,Funky
Funky Pretty,The Beach Boys,F,1973,Funky
Funky Stuff,Kool & The Gang,F,1973,Funky
Games People Play,The Spinners,G,1975,Games
Gasoline Alley,Rod Stewart,G,1970,Gasoline
Georgia On My Mind,Willie Nelson,G,1978,Georgia
Get Back,The Beatles,G,1970,Get
Get It While You Can,Janis Joplin,G,1971,Get
Get On The Good Foot,James Brown,G,1972,Get
Get Rhythm,NRBQ,G,1978,Get
Get The Funk Out Ma Face,Brothers Johnson,G,1976,Get
Get Up Offa That Thing,James Brown,G,1976,Get
"Get Up, Stand Up",Bob Marley & The Wailers,G,1973,Get
Getaway,Earth Wind & Fire,G,1976,Getaway
Gettin' In Tune,The Who,G,1971,Gettin'
Girl Of My Dreams,Bram Tchaikovsky,G,1979,Girl
Give A Little Bit,Supertramp,G,1977,Give
Give It To Me,The J. Geils Band,G,1973,Give
Give It Up Or Let Me Go,Bonnie Raitt,G,1972,Give
Give Me An Inch,Robert Palmer,G,1975,Give
Give Me Just A Little More Time,Chairmen Of The Board,G,1970,Give
Give Me Love,George Harrison,G,1973,Give
Give Up The Funk (Tear The Roof Off The Sucker),Parliament,G,1975,Give
Glad And Sorry,Faces,G,1973,Glad
Glendale Train,New Riders Of The Purple Sage,G,1972,Glendale
Gloria,Patti Smith,G,1975,Gloria
Go All The Way,The Raspberries,G,1972,Go
Go Your Own Way,Fleetwood Mac,G,1977,Go
God,John Lennon,G,1970,God
God Gave Rock And Roll To You,Argent,G,1973,God
God Save The Queen,The Sex Pistols,G,1977,God
Goin' Back,Nils Lofgren,G,1975,Goin'
Goin' Down To Laurel,Steve Forbert,G,1978,Goin'
Going Down,Freddie King,G,1971,Going
Going Down,Jeff Beck,G,1972,Going
Going For The One,Yes,G,1977,Going
Going Mobile,The Who,G,1971,Going
Going To California,Led Zeppelin,G,1971,Going
Going To The Country,Steve Miller Band,G,1970,Going
"Going, Going, Gone",Bob Dylan,G,1974,Going
Gold Dust Woman,Fleetwood Mac,G,1977,Gold
Golden Lady,Stevie Wonder,G,1973,Golden
Golden Years,David Bowie,G,1976,Golden
Gone At Last,Paul Simon,G,1975,Gone
Gone Gone Gone,Bad Company,G,1979,Gone
Gonna Change My Way Of Thinking,Bob Dylan,G,1979,Gonna
Good Enough,Bonnie Raitt,G,1975,Good
Good Lovin',Grateful Dead,G,1978,Good
Good Morning Little School Girl,Muddy Waters,G,1978,Good
Good Times Roll,The Cars,G,1978,Good
Goodbye Stranger,Supertramp,G,1979,Goodbye
Goodbye Yellow Brick Road,Elton John,G,1973,Goodbye
Got To Get You Into My Life,Earth Wind & Fire,G,1978,Got
Got To Give It Up,Marvin Gaye,G,1977,Got
Gotta Get Up,Harry Nilsson,G,1971,Gotta
Gotta Serve Somebody,Bob Dylan,G,1979,Gotta
Green Earrings,Steely Dan,G,1976,Green
Green Grass & High Tides,The Outlaws,G,1975,Green
Green-Eyed Lady,Sugarloaf,G,1970,Green-Eyed
Groove Me,King Floyd,G,1971,Groove
Growing Up,Bruce Springsteen,G,1972,Growing
Had Me A Real Good Time,Faces,H,1971,Had
Haitian Divorce,Steely Dan,H,1976,Haitian
Half Moon,Janis Joplin,H,1971,Half
Hand Of Fate,The Rolling Stones,H,1976,Hand
Hang Onto Yourself,David Bowie,H,1972,Hang
Hanging On The Telephone,Blondie,H,1978,Hanging
Hanging On The Telephone,The Nerves,H,1976,Hanging
Happiness Is Just Around The Bend,Brian Auger's Oblivion Express,H,1973,Happiness
Happy,The Rolling Stones,H,1972,Happy
Hard Times,Boz Scaggs,H,1977,Hard
Hasten Down The Wind,Warren Zevon,H,1976,Hasten
Have A Cigar,Pink Floyd,H,1975,Have
Have You Seen Her,The Chi-Lites,H,1971,Have
He's Mistra Know It All,Stevie Wonder,H,1973,He's
Heart Like A Wheel,Kate & Anna McGarrigle,H,1975,Heart
Heart Of Glass,Blondie,H,1978,Heart
Heart Of Gold,Neil Young,H,1972,Heart
Heart Of The Sunrise,Yes,H,1971,Heart
Heartache Tonight,The Eagles,H,1979,Heartache
Heartbreaker,Grand Funk Railroad,H,0,Heartbreaker
Heat Treatment,Graham Parker,H,1976,Heat
Heaven Is A Zillion Light Years Away,Stevie Wonder,H,1974,Heaven
Hejira,Joni Mitchell,H,1976,Hejira
Helen Wheels,Paul McCartney & Wings,H,1973,Helen
Hello In There,John Prine,H,1971,Hello
Hello It's Me,Todd Rundgren,H,1975,Hello
Hello Old Friend,Eric Clapton,H,1976,Hello
Help Me,Joni Mitchell,H,1974,Help
Help Me Thru The Night,Joe Walsh,H,1974,Help
Helpless,Crosby Stills Nash & Young,H,1970,Helpless
Here Come Those Tears Again,Jackson Browne,H,1976,Here
Here Comes My Girl,Tom Petty & The Heartbreakers,H,1979,Here
Here Comes The Sun,Richie Havens,H,1971,Here
Here I Am (Come And Take Me),Al Green,H,1972,Here
Heroes,David Bowie,H,1977,Heroes
Heroes Are Hard To Find,Fleetwood Mac,H,1974,Heroes
"Hey Hey, My My (Into the Black)",Neil Young,H,1979,Hey
Hey Negrita,The Rolling Stones,H,1976,Hey
Hey Tonight,Creedence Clearwater Revival,H,1970,Hey
Hey You,Pink Floyd,H,1979,Hey
Hi Hi Hi,Paul McCartney & Wings,H,1972,Hi
High Time We Went,Joe Cocker,H,1972,High
Higher Ground,Stevie Wonder,H,1973,Higher
Hissing Of Summer Lawns,Joni Mitchell,H,1975,Hissing
Hit Me With Your Rhythm Stick,Ian Dury & The Blockheads,H,1979,Hit
Hitchin' A Ride,Vanity Fare,H,1970,Hitchin'
Hocus Pocus,Focus,H,1970,Hocus
Hoedown,Emerson Lake & Palmer,H,1972,Hoedown
Hold On,Ian Gomm,H,1979,Hold
Hold On,Steve Winwood,H,1977,Hold
Hold Your Head Up,Argent,H,1972,Hold
Holdin' On To Yesterday,Ambrosia,H,1975,Holdin'
Holiday Inn,Elton John,H,1971,Holiday
Hollywood,Boz Scaggs,H,1977,Hollywood
Home,Karla Bonoff,H,1977,Home
Homegrown,Neil Young,H,1977,Homegrown
Honaloochie Boogie,Mott The Hoople,H,1973,Honaloochie
Hong Kong Garden,Siouxsie & The Banshees,H,1978,Hong
Honky Cat,Elton John,H,1972,Honky
Hope You're Feeling Better,Santana,H,1970,Hope
Hot Pants,James Brown,H,1971,Hot
Hot Rod Lincoln,Commander Cody & His Lost Planet Airmen,H,1971,Hot
Hot Stuff,The Rolling Stones,H,1976,Hot
Hotel California,The Eagles,H,1976,Hotel
Houses Of The Holy,Led Zeppelin,H,1975,Houses
How Can You Mend A Broken Heart,Al Green,H,1972,How
How Can You Mend A Broken Heart,Bee Gees,H,1971,How
How Deep Is Your Love,Bee Gees,H,1977,How
How Do You Sleep?,John Lennon,H,1971,How
How Long,ACE,H,1975,How
Hypnotized,Fleetwood Mac,H,1973,Hypnotized
I Ain't Living Long Like This,Rodney Crowell,I,1978,I
I Ain't Searchin,The American Dream,I,0,I
I Ain't Superstitious,Willie Dixon,I,1970,I
I Am The Cosmos,Chris Bell,I,1978,I
I Been Hoodood,Dr. John,I,1973,I
I Believe In You,Neil Young,I,1970,I
I Came To Dance,Nils Lofgren,I,1977,I
I Can Feel The Fire,Ron Wood,I,1974,I
I Can Help,Billy Swan,I,1974,I
I Can See Clearly Now,Johnny Nash,I,1972,I
I Can't Be Satisfied,Muddy Waters,I,1977,I
I Can't Get Next To You,Al Green,I,1972,I
I Can't Stand The Rain,Ann Peebles,I,1973,I
I Can't Tell You Why,The Eagles,I,1979,I
I Can't Wait To Get Off Work,Tom Waits,I,1976,I
I Dig Love,George Harrison,I,1970,I
I Do The Rock,Tim Curry,I,1979,I
I Don't Like Mondays,The Boomtown Rats,I,1979,I
I Don't Want To Go Home,Southside Johnny & The Asbury Jukes,I,1976,I
I Don't Want To Know,Fleetwood Mac,I,1977,I
I Feel The Earth Move,Carole King,I,1971,I
I Fought The Law,The Clash,I,1979,I
I Give You Give Blind,Crosby Stills & Nash,I,1977,I
I Got The News,Steely Dan,I,1977,I
I Gotcha,Joe Tex,I,0,I
I Hear You Knockin',Dave Edmunds,I,1972,I
I Heard It Through The Grapevine,Creedence Clearwater Revival,I,1970,I
I Hope That I Don't Fall In Love With You,Tom Waits,I,1973,I
I Just Want To Be Your Everything,Andy Gibb,I,1977,I
I Just Want To See His Face,The Rolling Stones,I,1972,I
I Knew The Bride (When She Used To Rock & Roll),Dave Edmunds,I,1977,I
I Know,Bonnie Raitt,I,1972,I
I Know A Little,Lynyrd Skynyrd,I,1977,I
I Know What I Like,Genesis,I,1973,I
I Looked Away,Derek & The Dominos,I,1970,I
I Love Music,The O'Jays,I,1975,I
I Me Mine,The Beatles,I,1970,I
I Need A Miracle,Grateful Dead,I,1978,I
I Need To Know,Tom Petty & The Heartbreakers,I,1978,I
I Robot,The Alan Parsons Project,I,1977,I
I Saw the Light,Todd Rundgren,I,1975,I
I Scare Myself,Dan Hicks & The Hot Licks,I,1972,I
I See The Light,Hot Tuna,I,1974,I
I Shall Be Released,The Band,I,1978,I
I Shot The Sheriff,Bob Marley & The Wailers,I,1973,I
I Shot The Sheriff,Eric Clapton,I,1974,I
I Thank You,Bonnie Raitt,I,1979,I
I Thank You,ZZ Top,I,1979,I
I Thought I Was A Child,Jackson Browne,I,1973,I
I Wanna Be Sedated,The Ramones,I,1978,I
I Wanna Be With You,The Raspberries,I,1972,I
I Wanna Be Your Lover,Prince,I,1979,I
I Want To See The Bright Lights Tonight,Richard Thompson,I,1974,I
I Want You Bad,NRBQ,I,1978,I
I Want You To Want Me,Cheap Trick,I,1978,I
I Will Survive,Gloria Gaynor,I,1978,I
I Wish,Stevie Wonder,I,1976,I
I Wouldn't Want To Be Like You,The Alan Parsons Project,I,1977,I
I Zimbra,Talking Heads,I,1979,I
I'd Have You Anytime,George Harrison,I,1970,I'd
I'd Love To Change The World,Ten Years After,I,1971,I'd
I'll Always Love My Mama,The Intruders,I,1973,I'll
I'll Be Around,The Spinners,I,1973,I'll
I'll Be There,Jackson 5,I,1970,I'll
I'll Sleep When I'm Dead,Warren Zevon,I,1976,I'll
I'll Take You There,The Staple Singers,I,1972,I'll
I'm A Believer,Tin Huey,I,1979,I'm
I'm Doin' Fine Now,New York City,I,1973,I'm
I'm Eighteen,Alice Cooper,I,1971,I'm
I'm In Love With My Car,Queen,I,1975,I'm
I'm Just A Singer (in A Rock And Roll Band),The Moody Blues,I,1972,I'm
I'm Not In Love,10cc,I,1975,I'm
I'm On Fire,Dwight Twilley Band,I,1975,I'm
I'm Ready,Muddy Waters,I,1978,I'm
I'm Still In Love With You,Al Green,I,1972,I'm
I'm The Man,Joe Jackson,I,1979,I'm
I'm Tore Down,Freddie King,I,1971,I'm
I'm Your Boogie Man,KC & The Sunshine Band,I,1976,I'm
I'm Your Captain,Grand Funk Railroad,I,1970,I'm
I've Been Lonely For So Long,Frederick Knight,I,1973,I've
I've Been Working,Van Morrison,I,1970,I've
I've Got A Feeling,The Beatles,I,1970,I've
I've Loved These Days,Billy Joel,I,1976,I've
I've Never Found A Girl (Who Loves Me Like You Do),Al Green,I,1972,I've
I've Seen All Good People,Yes,I,1971,I've
Idiot Wind,Bob Dylan,I,1975,Idiot
If Not For You,Bob Dylan,I,1970,If
If Not For You,George Harrison,I,1970,If
If You Can't Rock Me,The Rolling Stones,I,1974,If
If You Could Read My Mind,Gordon Lightfoot,I,1970,If
If You Don't Know Me By Now,Harold Melvin & The Bluenotes,I,1972,If
If You Leave Me Now,Chicago,I,1976,If
If You Really Love Me,Stevie Wonder,I,1971,If
If You Really Want To Be My Friend,The Rolling Stones,I,1974,If
If You Want Me To Stay,Sly & The Family Stone,I,1973,If
If You Want To Get To Heaven,Ozark Mountain Daredevils,I,1973,If
If You're Ready (Come Go With Me),The Staple Singers,I,1973,If
Iko Iko,Dr. John,I,1972,Iko
Illegal Smile,John Prine,I,1971,Illegal
Imagine,John Lennon,I,1971,Imagine
Immigrant Song,Led Zeppelin,I,1970,Immigrant
In France They Kiss On Main Street,Joni Mitchell,I,1975,In
In Memory Of Elizabeth Reed,The Allman Brothers,I,1970,In
In The Evening,Led Zeppelin,I,1979,In
In The Gallery,Dire Straits,I,1978,In
In The Land Of Grey And Pink,Caravan,I,1971,In
In The Rain,The Dramatics,I,1971,In
In The Summertime,Mungo Jerry,I,1970,In
In Time,Sly & The Family Stone,I,1973,In
Incident on 57th St,Bruce Springsteen,I,1973,Incident
Inner City Blues,Marvin Gaye,I,1971,Inner
Inspiration Information,Shuggie Otis,I,1974,Inspiration
Instant Karma!,John Lennon,I,1970,Instant
Into The Mystic,Van Morrison,I,1970,Into
Iron Man,Black Sabbath,I,1970,Iron
Is It A Star,Hall & Oates,I,1974,Is
Is She Really Going Out With Him,Joe Jackson,I,1979,Is
Is This Love,Bob Marley & The Wailers,I,1978,Is
Is Your Love In Vain?,Bob Dylan,I,1978,Is
Isis,Bob Dylan,I,1976,Isis
Isn't It A Pity,George Harrison,I,1970,Isn't
Isn't She Lovely,Stevie Wonder,I,1976,Isn't
It Ain't Easy,David Bowie,I,1972,It
It Ain't No Use,The Meters,I,1974,It
It Don't Come Easy,Ringo Starr,I,1973,It
It Keeps You Runnin',The Doobie Brothers,I,1976,It
It Makes No Difference,The Band,I,1975,It
It Must Have Been The Roses,Jerry Garcia,I,1976,It
It Wouldn't Have Made Any Difference,Todd Rundgren,I,1975,It
It's a Laugh,Hall & Oates,I,1978,It's
It's A Long Way To The Top (If You Wanna Rock 'n' Roll),AC/DC,I,1976,It's
It's A Shame,The Spinners,I,1970,It's
It's All Over Now,Rod Stewart,I,1970,It's
It's Alright,Hound Dog Taylor And The Houserockers,I,1971,It's
It's Hard To Be A Saint In The City,Bruce Springsteen,I,1972,It's
It's Late,Queen,I,1977,It's
It's Lonely At The Top,Randy Newman,I,1972,It's
It's Only Rock'n Roll (But I Like It),The Rolling Stones,I,1974,It's
Jack Straw,Grateful Dead,J,1972,Jack
Jackie Blue,Ozark Mountain Daredevils,J,1974,Jackie
Jackie Wilson Said (I'm In Heaven When You Smile),Van Morrison,J,1972,Jackie
Jamaica Say You Will,Jackson Browne,J,1972,Jamaica
James Dean,The Eagles,J,1974,James
Jamming,Bob Marley & The Wailers,J,1977,Jamming
Jealous Guy,John Lennon,J,1971,Jealous
Jeepster,T Rex,J,1971,Jeepster
Jessica,The Allman Brothers,J,1973,Jessica
Jesus Is Just Alright With Me,The Doobie Brothers,J,1972,Jesus
Jesus Just Left Chicago,ZZ Top,J,1973,Jesus
Jet,Paul McCartney & Wings,J,1973,Jet
Jimmy Jazz,The Clash,J,1979,Jimmy
Jive Talkin',Bee Gees,J,1977,Jive
"John, I'm Only Dancing",David Bowie,J,1979,John
Johnny Hold Back,Charlie,J,1976,Johnny
Johnny Strikes Up The Band,Warren Zevon,J,1978,Johnny
Johnny Too Bad,The Slickers,J,1972,Johnny
Join Me In L.A.,Warren Zevon,J,1976,Join
Jolene,Dolly Parton,J,1973,Jolene
Josie,Steely Dan,J,1977,Josie
Juke Box Music,The Kinks,J,1977,Juke
Jump Into The Fire,Harry Nilsson,J,1971,Jump
Jungle Boogie,Kool & The Gang,J,1973,Jungle
Jungle Fever,Chakachas,J,1972,Jungle
Jungleland,Bruce Springsteen,J,1975,Jungleland
Junior's Farm,Paul McCartney,J,1974,Junior's
Just Don't Want To Be Lonely,The Main Ingredient,J,1974,Just
Just Kissed My Baby,The Meters,J,1974,Just
Just Like A Woman,Bob Dylan,J,1971,Just
Just My Imagination (Running Away With Me),The Temptations,J,1971,Just
Just One Victory,Todd Rundgren,J,1973,Just
Just What I Needed,The Cars,J,1978,Just
Kansas City,David Bromberg,K,1974,Kansas
Kashmir,Led Zeppelin,K,1975,Kashmir
Keep On Growing,Derek & The Dominos,K,1970,Keep
Keep On Smilin',Wet Willie,K,1974,Keep
Keep On Truckin',Eddie Kendricks,K,1973,Keep
Keep On Truckin',Hot Tuna,K,1972,Keep
Keep Playin That Rock N Roll,Edgar Winter,K,1971,Keep
Ketchy Shuby,Peter Tosh,K,1976,Ketchy
Kid Charlemagne,Steely Dan,K,1976,Kid
Kinky Reggae,Bob Marley & The Wailers,K,1973,Kinky
Kiss And Say Goodbye,Kate & Anna McGarrigle,K,1975,Kiss
Kitty's Back,Bruce Springsteen,K,1973,Kitty's
Knockin' On Heaven's Door,Bob Dylan,K,1973,Knockin'
Kodachrome,Paul Simon,K,1973,Kodachrome
L. A. Woman,The Doors,L,1971,L
Lady Blue,Leon Russell,L,1975,Lady
Lady Doctor,Graham Parker,L,1976,Lady
Lady Marmalade,Labelle,L,1974,Lady
Lady Writer,Dire Straits,L,1979,Lady
Land Ho!,The Doors,L,1970,Land
Las Vegas Turnaround,Hall & Oates,L,1973,Las
Late For The Sky,Jackson Browne,L,1974,Late
"Lawyers, Guns, And Money",Warren Zevon,L,1978,Lawyers
Lay Down,Strawbs,L,1973,Lay
Lay Down (Candles In The Rain),Melanie,L,1970,Lay
Lay Down Sally,Eric Clapton,L,1977,Lay
Layla,Derek & The Dominos,L,1970,Layla
Lazy Lightnin',Kingfish,L,1976,Lazy
Lean On Me,Bill Withers,L,1972,Lean
Led Boots,Jeff Beck,L,1976,Led
Legalize It,Peter Tosh,L,1976,Legalize
Let Em In,Wings,L,1976,Let
Let It Be,The Beatles,L,1970,Let
"Let It Go, Let It Flow",Dave Mason,L,1977,Let
Let It Grow,Eric Clapton,L,1974,Let
Let It Rain,Eric Clapton,L,1970,Let
Let It Ride,Bachman-Turner Overdrive,L,1973,Let
Let Me Roll It,Paul McCartney & Wings,L,1973,Let
Let's Dance,The Ramones,L,1976,Let's
Let's Get It On,Marvin Gaye,L,1973,Let's
Let's Go,The Cars,L,1979,Let's
Let's See Action,Pete Townshend,L,1972,Let's
Let's Stay Together,Al Green,L,1972,Let's
Levon,Elton John,L,1971,Levon
Liar,Three Dog Night,L,1970,Liar
Lido Shuffle,Boz Scaggs,L,1976,Lido
Life Begins At The Hop,XTC,L,1979,Life
Life During Wartime,Talking Heads,L,1979,Life
Life Is A Carnival,The Band,L,1971,Life
Life Is A Minestrone,10cc,L,1975,Life
Life On Mars?,David Bowie,L,1971,Life
Life's Been Good,Joe Walsh,L,1978,Life's
Light Up Or Leave Me Alone,Traffic,L,1971,Light
Like A Hurricane,Neil Young,L,1977,Like
"Lily, Rosemary And The Jack Of Hearts",Bob Dylan,L,1975,Lily
Lip Service,Elvis Costello,L,1978,Lip
Listen To Her Heart,Tom Petty & The Heartbreakers,L,1978,Listen
Listen To What The Man Said,Paul McCartney & Wings,L,1975,Listen
Little Bit Of Sympathy,Robin Trower,L,1974,Little
Little Criminals,Randy Newman,L,1977,Little
Little Green,Joni Mitchell,L,1971,Little
Little Queen,Heart,L,1977,Little
Little Wing,Derek & The Dominos,L,1970,Little
Live And Let Die,Paul McCartney & Wings,L,1973,Live
Lively Up Yourself,Bob Marley & The Wailers,L,1974,Lively
Lively Up Yourself,Bob Marley & The Wailers,L,1975,Lively
Livin' On The Fault Line,The Doobie Brothers,L,1977,Livin'
Livin' Thing,Electric Light Orchestra,L,1976,Livin'
Living For The City,Stevie Wonder,L,1973,Living
Living In The Material World,George Harrison,L,1973,Living
Living In The Past,Jethro Tull,L,1972,Living
Local Girls,Graham Parker,L,1979,Local
Lola,The Kinks,L,1970,Lola
London Calling,The Clash,L,1979,London
"Lonely Days, Lonely Nights",Bee Gees,L,1970,Lonely
Long Ago And Far Away,James Taylor,L,1971,Long
Long As I Can See The Light,Creedence Clearwater Revival,L,1970,Long
Long Distance Love,Little Feat,L,1975,Long
Long Distance Runaround,Yes,L,1971,Long
Long Live Rock,The Who,L,1979,Long
Long May You Run,The Stills-Young Band,L,1976,Long
Look Back In Anger,David Bowie,L,1979,Look
Look Out For My Love,Neil Young,L,1978,Look
Look Sharp,Joe Jackson,L,1979,Look
Look What You've Done For Me,Al Green,L,1972,Look
Looking For A Love,The J. Geils Band,L,1971,Looking
Lookout Joe,Neil Young,L,1975,Lookout
Looks Like Rain,Bob Weir,L,1972,Looks
Lose Again,Linda Ronstadt,L,1976,Lose
Lost In The Flood,Bruce Springsteen,L,1972,Lost
Lost In The Supermarket,The Clash,L,1979,Lost
Lotta Love,Neil Young,L,1978,Lotta
Louisiana 1927,Randy Newman,L,1974,Louisiana
Love Ain't For Keeping,The Who,L,1971,Love
Love And Happiness,Al Green,L,1972,Love
Love Grows (Where My Rosemary Goes),Edison Lighthouse,L,1970,Love
Love Hangover,Diana Ross,L,1976,Love
Love Has No Pride,Bonnie Raitt,L,1972,Love
Love Her Madly,The Doors,L,1971,Love
Love Hurts,Gram Parsons,L,1974,Love
Love In Action,Utopia,L,1977,Love
Love Is Alive,Gary Wright,L,1975,Love
Love Is Like Oxygen,Sweet,L,1978,Love
Love Is The Answer,Utopia,L,1977,Love
Love Jones,Brighter Side Of Darkness,L,1973,Love
Love Me Like A Man,Bonnie Raitt,L,1972,Love
Love Me Tomorrow,Boz Scaggs,L,1976,Love
Love Of The Common Man,Todd Rundgren,L,1976,Love
Love Reign O'er Me,The Who,L,1979,Love
Love Rollercoaster,Ohio Players,L,1975,Love
Love Song,Elton John,L,1971,Love
Love The One You're With,Stephen Stills,L,1970,Love
Love To Love You Baby,Donna Summer,L,1975,Love
Love Train,The O'Jays,L,1972,Love
Love Will Find A Way,Pablo Cruise,L,1978,Love
Love Won't Let Me Wait,Major Harris,L,1975,Love
Love's In Need of Love Today,Stevie Wonder,L,1976,Love's
Love's Theme,Love Unlimited Orchestra,L,1973,Love's
Lovely Day,Bill Withers,L,1977,Lovely
Lover's Rock,The Clash,L,1979,Lover's
Loves Me Like A Rock,Paul Simon,L,1973,Loves
Loving Cup,The Rolling Stones,L,1972,Loving
Low Budget,The Kinks,L,1979,Low
Low Rider,War,L,1975,Low
Low Spark Of High-heeled Boys,Traffic,L,1971,Low
Lowdown,Boz Scaggs,L,1976,Lowdown
Lucky Man,Emerson Lake & Palmer,L,1970,Lucky
Lucretia Macevil,Blood Sweat & Tears,L,1970,Lucretia
Lust For Life,Iggy Pop,L,1977,Lust
Ma-ma-ma Belle,Electric Light Orchestra,M,1973,Ma-ma-ma
Mad Man Moon,Genesis,M,1976,Mad
Madman Across The Water,Elton John,M,1971,Madman
Maggie May,Rod Stewart,M,1971,Maggie
Magic Man,Heart,M,1976,Magic
Magnet And Steel,Walter Egan,M,1978,Magnet
Mainline Florida,Eric Clapton,M,1974,Mainline
Make It Funky,James Brown,M,1970,Make
Make It With You,Bread,M,1970,Make
Making Plans For Nigel,XTC,M,1979,Making
Mama Say,The Heptones,M,1976,Mama
Mama Told Me Not To Come,Randy Newman,M,1970,Mama
Mama Tried,Grateful Dead,M,0,Mama
Mambo Sun,T Rex,M,1971,Mambo
Man Gave Names To All The Animals,Bob Dylan,M,1979,Man
"Man Smart, Woman Smarter",Robert Palmer,M,1976,Man
Man We Was Lonely,Paul McCartney,M,1970,Man
Mandolin Wind,Rod Stewart,M,1971,Mandolin
Mannish Boy,Muddy Waters,M,1977,Mannish
Many Rivers To Cross,Jimmy Cliff,M,0,Many
Margaritaville,Jimmy Buffett,M,1977,Margaritaville
Marquee Moon,Television,M,1977,Marquee
Mary Queen Of Arkansas,Bruce Springsteen,M,1972,Mary
May You Never,Eric Clapton,M,1977,May
May You Never,John Martyn,M,1973,May
Maybe I'm Amazed,Paul McCartney,M,1970,Maybe
Me & Baby Jane,Leon Russell,M,1972,Me
Me And Baby Brother,War,M,1973,Me
Me And Bobby McGee,Janis Joplin,M,1971,Me
Me And Julio Down By The Schoolyard,Paul Simon,M,1972,Me
Meadows,Joe Walsh,M,1973,Meadows
Meeting Across The River,Bruce Springsteen,M,1975,Meeting
Melissa,The Allman Brothers,M,1972,Melissa
Mellow My Mind,Neil Young,M,1975,Mellow
Melody,The Rolling Stones,M,1976,Melody
Memo From Turner,Mick Jagger,M,1970,Memo
Memory Motel,The Rolling Stones,M,1976,Memory
Mercury Blues,Steve Miller Band,M,1976,Mercury
Mercy Mercy Me (The Ecology),Marvin Gaye,M,1971,Mercy
Mess Around,Dr. John,M,1972,Mess
Mess Around,Professor Longhair,M,1974,Mess
Message In A Bottle,The Police,M,1979,Message
Metal Guru,T Rex,M,1972,Metal
Mexicali Blues,Bob Weir,M,1972,Mexicali
Miami 2017,Billy Joel,M,1976,Miami
Midnight Cruiser,Steely Dan,M,1972,Midnight
Midnight On The Bay,The Stills-Young Band,M,1976,Midnight
Midnight Rambler,The Rolling Stones,M,1970,Midnight
Midnight Rider,Gregg Allman,M,1973,Midnight
Midnight Rider,The Allman Brothers,M,1970,Midnight
Midnight Train To Georgia,Gladys Knight & the Pips,M,0,Midnight
Might As Well,Jerry Garcia,M,1976,Might
Mighty Love,The Spinners,M,1978,Mighty
Mind Games,John Lennon,M,1973,Mind
Mirage,Santana,M,1974,Mirage
Miss Judy's Farm,Faces,M,1971,Miss
Miss You,The Rolling Stones,M,1978,Miss
Mississippi Half-step Uptown Toodleloo,Grateful Dead,M,1973,Mississippi
Mississippi Queen,Mountain,M,1970,Mississippi
Misty Mountain Hop,Led Zeppelin,M,1971,Misty
Mohammed's Radio,Warren Zevon,M,1976,Mohammed's
Mona Lisas And Mad Hatters,Elton John,M,1972,Mona
Monday Morning,Fleetwood Mac,M,1975,Monday
Money,Pink Floyd,M,1973,Money
Money (That's What I Want),The Flying Lizards,M,1979,Money
Money In My Pocket,Dennis Brown,M,1979,Money
Montana,Frank Zappa,M,1973,Montana
Moonage Daydream,David Bowie,M,0,Moonage
Moondance,Van Morrison,M,1970,Moondance
Moonlight Mile,The Rolling Stones,M,1971,Moonlight
Morning Has Broken,Cat Stevens,M,1971,Morning
Morning Morgantown,Joni Mitchell,M,1970,Morning
Mother,John Lennon,M,1970,Mother
Mother And Child Reunion,Paul Simon,M,1972,Mother
Motherless Children,Eric Clapton,M,1974,Motherless
Move On Up,Curtis Mayfield,M,1970,Move
Move Over,Janis Joplin,M,1971,Move
Moving In Stereo,The Cars,M,1978,Moving
Mozambique,Bob Dylan,M,1976,Mozambique
Mr. Big Stuff,Jean Knight,M,1971,Mr
Mr. Bojangles,David Bromberg,M,1972,Mr
Mud Slide Slim,James Taylor,M,1971,Mud
My Baby Gives It Away,Pete Townshend & Ronnie Lane,M,1977,My
My Father's Gun,Elton John,M,1971,My
My Guitar Wants To Kill Your Mama,Frank Zappa,M,0,My
My Little Town,Paul Simon,M,1975,My
My Love,Paul McCartney & Wings,M,1973,My
My Old Man,Joni Mitchell,M,1971,My
My Old School,Steely Dan,M,1973,My
My Sharona,The Knack,M,1979,My
My Sweet Lord,George Harrison,M,1970,My
My Wife,The Who,M,1971,My
Mystery Dance,Elvis Costello,M,1977,Mystery
Nantucket Sleighride (To Owen Coffin),Mountain,N,1971,Nantucket
Natural High,Bloodstone,N,1972,Natural
Nature's Way,Spirit,N,1970,Nature's
Never Ending Song Of Love,Delaney & Bonnie & Friends,N,1971,Never
Never Going Back Again,Fleetwood Mac,N,1977,Never
Never In My Life,Mountain,N,1970,Never
New Coat of Paint,Tom Waits,N,1974,New
New Country,Jean-Luc Ponty,N,1976,New
New Delhi Freight Train,Little Feat,N,1977,New
New Kid In Town,The Eagles,N,1976,New
New Mama,Neil Young,N,1975,New
New Speedway Boogie,Grateful Dead,N,1970,New
New York City Serenade,Bruce Springsteen,N,1973,New
New York State Of Mind,Billy Joel,N,1976,New
Next Time You See Her,Eric Clapton,N,1977,Next
Next To You,The Police,N,1978,Next
"Nice, Nice, Very Nice",Ambrosia,N,1975,Nice
Night,Bruce Springsteen,N,1975,Night
Night Fever,Bee Gees,N,1977,Night
Night Flight,Led Zeppelin,N,1975,Night
Night People,Allen Toussaint,N,1975,Night
Night People,Robert Palmer,N,1978,Night
Nightclubbing,Iggy Pop,N,1977,Nightclubbing
Nights On Broadway,Bee Gees,N,1975,Nights
Nighttime In The Switching Yard,Warren Zevon,N,1978,Nighttime
Nineteen Hundred And Eighty Five,Paul McCartney & Wings,N,1973,Nineteen
No Matter What,Badfinger,N,1970,No
No One To Depend On,Santana,N,0,No
No Quarter,Led Zeppelin,N,1973,No
No Woman No Cry,Bob Marley & The Wailers,N,1974,No
Nobody But You,Loggins & Messina,N,1972,Nobody
Nobody Does It Better,Carly Simon,N,0,Nobody
Nobody's Fault But Mine,Led Zeppelin,N,1976,Nobody's
Not Fade Away (live),Grateful Dead,N,0,Not
Not That Funny,Fleetwood Mac,N,1979,Not
Now That We've Found Love,Third World,N,1978,Now
O-O-H Child,The Five Stairsteps,O,1970,O-O-H
Off The Wall,Michael Jackson,O,1979,Off
Oh Atlanta,Little Feat,O,1979,Oh
Oh Girl,The Chi-Lites,O,1972,Oh
Oh My Love,John Lennon,O,1971,Oh
Oh My My,Ringo Starr,O,1973,Oh
Oh! No Not My Baby,Rod Stewart,O,1972,Oh
Oh! You Pretty Things,David Bowie,O,1971,Oh
Ohio,Crosby Stills Nash & Young,O,1971,Ohio
Ol '55,Tom Waits,O,1973,Ol
Old Man,Neil Young,O,1972,Old
On A Night Like This,Bob Dylan,O,1974,On
On My Radio,The Selecter,O,1979,On
On The Air,Peter Gabriel,O,1977,On
On The Beach,Neil Young,O,1974,On
On The Border,The Eagles,O,1974,On
On The Radio,Cheap Trick,O,1978,On
On Top Of The World,Cheap Trick,O,1978,On
Once Bitten Twice Shy,Ian Hunter,O,1975,Once
Once Upon A Time In The West,Dire Straits,O,1979,Once
One After 909,The Beatles,O,1970,One
"One Bourbon, One Scotch, One Beer",George Thorogood & The Destroyers,O,0,One
One Love / People Get Ready,Bob Marley & The Wailers,O,1977,One
One Man Band,Three Dog Night,O,1970,One
One More Cup Of Coffee,Bob Dylan,O,1976,One
One More Saturday Night,Bob Weir,O,1972,One
One Nation Under A Groove,Funkadelic,O,1978,One
One Of These Days,Pink Floyd,O,1971,One
One Of These Nights,The Eagles,O,1975,One
One Step Beyond,Madness,O,0,One
One Summer Dream,Electric Light Orchestra,O,1975,One
One Way Or Another,Blondie,O,0,One
One Way Out,The Allman Brothers,O,1972,One
Only Love Can Break Your Heart,Neil Young,O,1970,Only
Only You Know And I Know,Dave Mason,O,1970,Only
Only You Know And I Know,Delaney & Bonnie & Friends,O,0,Only
Oo You,Paul McCartney,O,1970,Oo
Ooh La La,Faces,O,1973,Ooh
Ooh Las Vegas,Gram Parsons,O,1974,Ooh
Open Invitation,Santana,O,1978,Open
Operator,Jim Croce,O,0,Operator
Ophelia,The Band,O,1975,Ophelia
Out On The Weekend,Neil Young,O,1972,Out
Out To Get Me,Dickey Betts & Great Southern,O,0,Out
Over And Over,Fleetwood Mac,O,1979,Over
Over And Over,Joe Walsh,O,1978,Over
Over My Head,Fleetwood Mac,O,1975,Over
Over The Hills And Far Away,Led Zeppelin,O,1973,Over
Oye Como Va,Santana,O,0,Oye
Panama Red,New Riders Of The Purple Sage,P,0,Panama
Panic In Detroit,David Bowie,P,1973,Panic
Papa Was A Rolling Stone,The Temptations,P,0,Papa
Paradise,John Prine,P,1971,Paradise
Paradise By The Dashboard Light,Meatloaf,P,1977,Paradise
Paranoid,Black Sabbath,P,1970,Paranoid
Paris 1919,John Cale,P,1973,Paris
Part Of The Plan,Dan Fogelberg,P,1974,Part
Party Time,The Heptones,P,1977,Party
Passion Is No Ordinary Word,Graham Parker,P,1979,Passion
Pastime Paradise,Stevie Wonder,P,1976,Pastime
Pay To The Piper,Chairmen Of The Board,P,1970,Pay
Peace Frog,The Doors,P,1970,Peace
Peace Train,Cat Stevens,P,1971,Peace
"Peaceful, Easy Feeling",The Eagles,P,1972,Peaceful
Peg,Steely Dan,P,1977,Peg
People Say,The Meters,P,0,People
Perfect Day,Lou Reed,P,1972,Perfect
Perpetual Change,Yes,P,1971,Perpetual
Photograph,Ringo Starr,P,1973,Photograph
Pick Myself Up,Peter Tosh,P,1978,Pick
Pick Up The Pieces,Average White Band,P,1974,Pick
Pink Moon,Nick Drake,P,1972,Pink
Planet Claire,B-52's,P,1979,Planet
Play With Me,Jeff Beck,P,1976,Play
Playing In The Band,Grateful Dead,P,0,Playing
Pocohantas,Neil Young,P,0,Pocohantas
Poetry Man,Phoebe Snow,P,0,Poetry
Police And Thieves,Junior Murvin,P,1977,Police
Police & Thieves,The Clash,P,1979,Police
Political Science,Randy Newman,P,1972,Political
Ponta De Areia,Wayne Shorter,P,1974,Ponta
