Artist,Title,Air Time,Letter,First Word,Duration,Year
Booker T. & The MG's,Time Is Tight,2020-12-10 08:02:00,T,Time,3,1980
AC/DC,T.N.T.,2020-12-10 08:05:00,T,T,6,1975
Peter Frampton,Show Me the Way,2020-12-10 08:11:00,S,Show,5,1975
The Drifters,Under The Boardwalk,2020-12-10 08:16:00,U,Under,3,1989
Adele,Rumor Has It,2020-12-10 08:19:00,R,Rumor,5,0
Smith,Baby It's You,2020-12-10 08:24:00,B,Baby,4,1969
Aretha Franklin,Call Me,2020-12-10 08:28:00,C,Call,3,1970
Marvin Gaye & Kim Weston,It Takes Two,2020-12-10 08:31:00,I,It,3,1966
Curtis Mayfield,Superfly,2020-12-10 08:34:00,S,Superfly,7,1973
Shawn Colvin,I Don't Know Why,2020-12-10 08:41:00,I,I,4,1992
Bob Marley & The Wailers,Positive Vibration,2020-12-10 08:45:00,P,Positive,5,1976
Sly & The Family Stone,Everybody Is A Star,2020-12-10 08:50:00,E,Everybody,4,1969
Eric Clapton,Blues Power,2020-12-10 08:54:00,B,Blues,2,1970
Sharon Jones And The Dap-Kings,This Land Is Your Land,2020-12-10 08:56:00,T,This,5,2005
The Replacements,Androgynous,2020-12-10 09:01:00,A,Androgynous,6,1984
Grand Funk Railroad,I'm Your Captain,2020-12-10 09:07:00,I,I'm,9,1970
The Records,Starry Eyes,2020-12-10 09:16:00,S,Starry,4,1978
Lenny Kravitz,Let Love Rule,2020-12-10 09:20:00,L,Let,7,1989
Prince,1999,2020-12-10 09:27:00,1,1999,4,1982
Bonnie Raitt,I Know,2020-12-10 09:31:00,I,I,3,1972
Roxy Music,In Every Dream Home A Heartache,2020-12-10 09:34:00,I,In,6,1973
Hall & Oates,Fall In Philadelphia,2020-12-10 09:40:00,F,Fall,5,1996
James Brown,The Payback,2020-12-10 09:45:00,T,The,7,1973
Timmy Thomas,Why Can't We Live Together,2020-12-10 09:52:00,W,Why,6,1972
Jackie DeShannon,What The World Needs Now,2020-12-10 09:58:00,W,What,3,1988
Aretha Franklin,Amazing Grace,2020-12-10 10:01:00,A,Amazing,17,1972
The Band,Whispering Pines,2020-12-10 10:18:00,W,Whispering,4,1969
The Eagles,Life In The Fast Lane,2020-12-10 10:22:00,L,Life,5,0
The Eagles,New Kid In Town,2020-12-10 10:27:00,N,New,6,0
Creedence Clearwater Revival,Down On The Corner,2020-12-10 10:33:00,D,Down,2,1969
Al Green,I'm Still In Love With You,2020-12-10 10:35:00,I,I'm,3,1972
Carole King,You've Got A Friend,2020-12-10 10:38:00,Y,You've,7,1971
War,Me And Baby Brother,2020-12-10 10:45:00,M,Me,3,1973
Tom Rush,No Regrets,2020-12-10 10:48:00,N,No,4,1966
Psychedelic Furs,Pretty In Pink,2020-12-10 10:52:00,P,Pretty,6,1981
Muddy Waters,Rollin' Stone,2020-12-10 10:58:00,R,Rollin',4,1950
Chuck Berry,Back In The USA,2020-12-10 11:02:00,B,Back,2,1959
Lana Del Rey,Video Games,2020-12-10 11:04:00,V,Video,4,2011
The Flaming Lips,Fight Test,2020-12-10 11:08:00,F,Fight,5,2002
No Doubt,Don't Speak,2020-12-10 11:13:00,D,Don't,4,1995
The Stylistics,You Make Me Feel Brand New,2020-12-10 11:17:00,Y,You,5,1974
Radiohead,The National Anthem,2020-12-10 11:22:00,T,The,9,2000
DNA & Suzanne Vega,"Tom's Diner (7"" A)",2020-12-10 11:31:00,T,Tom's,4,0
Solomon Burke,None Of Us Are Free,2020-12-10 11:35:00,N,None,5,2002
Little Feat,Long Distance Love,2020-12-10 11:40:00,L,Long,4,1975
Jackie Wilson,Reet Petite (Finest Girl You Ever Wanna Meet),2020-12-10 11:44:00,R,Reet,3,0
Warren Zevon,Accidently Like A Martyr,2020-12-10 11:47:00,A,Accidently,3,0
The Jacksons,Blame It On The Boogie,2020-12-10 11:50:00,B,Blame,6,1989
Al Green,Call Me (Come Back Home),2020-12-10 11:56:00,C,Call,3,1975
Harry Nilsson,Everybody's Talkin',2020-12-10 11:59:00,E,Everybody's,3,1993
Teddy Pendergrass,I Don't Love You Anymore,2020-12-10 12:02:00,I,I,4,1977
Dr. John,Iko Iko,2020-12-10 12:06:00,I,Iko,4,1972
The Ronettes,Walking In The Rain,2020-12-10 12:10:00,W,Walking,5,1963
Sting,Fragile,2020-12-10 12:15:00,F,Fragile,4,1988
Iron Butterfly,In-a-gadda-da-vida,2020-12-10 12:19:00,I,In-a-gadda-da-vida,19,1986
Gil Scott-Heron,The Bottle,2020-12-10 12:38:00,T,The,5,1989
Spirit,Fresh Garbage,2020-12-10 12:43:00,F,Fresh,6,1968
The O'Jays,Back Stabbers,2020-12-10 12:49:00,B,Back,3,1972
Peter Paul & Mary,Leaving On A Jet Plane,2020-12-10 12:52:00,L,Leaving,4,1967
Donovan,Wear Your Love Like Heaven,2020-12-10 12:56:00,W,Wear,3,1967
Tool,Schism,2020-12-10 12:59:00,S,Schism,7,2001
The Clash,I Fought The Law,2020-12-10 13:06:00,I,I,2,1979
Suicide,Dream Baby Dream,2020-12-10 13:08:00,D,Dream,8,1981
Stevie Wonder,Uptight (everything's All Right),2020-12-10 13:16:00,U,Uptight,3,2010
Sheryl Crow,Home,2020-12-10 13:19:00,H,Home,4,1996
Alanis Morissette,You Learn,2020-12-10 13:23:00,Y,You,5,1995
The Stone Roses,Elephant Stone,2020-12-10 13:28:00,E,Elephant,3,1988
Carly Simon,Anticipation,2020-12-10 13:31:00,A,Anticipation,3,1971
The Killers,Somebody Told Me,2020-12-10 13:34:00,S,Somebody,3,2004
Shuggie Otis,Strawberry Letter 23,2020-12-10 13:37:00,S,Strawberry,5,1971
Sheila E,A Love Bizarre,2020-12-10 13:42:00,A,A,4,1985
Michael McDonald,I Keep Forgettin',2020-12-10 13:46:00,I,I,3,1982
The Jesus And Mary Chain,Just Like Honey,2020-12-10 13:49:00,J,Just,3,1985
Randy Newman,Louisiana 1927,2020-12-10 13:52:00,L,Louisiana,4,1974
Kurtis Blow,The Breaks,2020-12-10 13:56:00,T,The,4,1990
Nazz,Open My Eyes,2020-12-10 14:00:00,O,Open,3,1968
Taj Mahal,Take A Giant Step,2020-12-10 14:03:00,T,Take,5,1969
Edwin Starr,War,2020-12-10 14:08:00,W,War,3,1970
Teenage Fanclub,Everything Flows,2020-12-10 14:11:00,E,Everything,6,1990
Sigur Ros,Viorar Vel Til Loftarasa,2020-12-10 14:17:00,V,Viorar,11,2003
Electric Light Orchestra,Do Ya,2020-12-10 14:28:00,D,Do,4,1976
The Alan Parsons Project,I Wouldn't Want To Be Like You,2020-12-10 14:32:00,I,I,3,1977
The Hold Steady,Sequestered In Memphis,2020-12-10 14:35:00,S,Sequestered,5,2008
Albert King,Born Under A Bad Sign,2020-12-10 14:40:00,B,Born,4,1988
Janet Jackson,Rhythm Nation,2020-12-10 14:44:00,R,Rhythm,5,1989
Steve Winwood,Different Light,2020-12-10 14:49:00,D,Different,5,2003
Kenny Rogers & The First Edition,"Ruby, Don't Take Your Love To Town",2020-12-10 14:54:00,R,Ruby,3,1969
The Isley Brothers,It's Your Thing,2020-12-10 14:57:00,I,It's,3,1991
Four Tops,Baby I Need Your Loving,2020-12-10 15:00:00,B,Baby,2,1966
Harold Melvin & The Bluenotes,Wake Up Everybody,2020-12-10 15:02:00,W,Wake,4,0
Parliament,Give Up The Funk,2020-12-10 15:06:00,G,Give,7,1975
Santana,Smooth,2020-12-10 15:13:00,S,Smooth,5,1999
The Alan Parsons Project,I Robot,2020-12-10 15:18:00,I,I,6,1977
AC/DC,You Shook Me All Night Long,2020-12-10 15:24:00,Y,You,3,1980
Aaron Neville,Tell It Like It Is,2020-12-10 15:27:00,T,Tell,3,1991
Two Nice Girls,Sweet Jane (With Affection),2020-12-10 15:30:00,S,Sweet,5,1989
Digable Planets,Rebirth Of Slick (Cool Like Dat),2020-12-10 15:35:00,R,Rebirth,4,1992
Tracy Chapman,Talkin' Bout A Revolution,2020-12-10 15:39:00,T,Talkin',4,1988
Toots & The Maytals,Reggae Got Soul,2020-12-10 15:43:00,R,Reggae,3,1976
Tom Waits,Christmas Card From A Hooker In Minneapolis,2020-12-10 15:46:00,C,Christmas,4,1978
Tim Buckley,Buzzin' Fly,2020-12-10 15:50:00,B,Buzzin',6,1969
Sugarcubes,Birthday,2020-12-10 15:56:00,B,Birthday,4,1987
Sting,Desert Rose,2020-12-10 16:00:00,D,Desert,5,1999
Sly & The Family Stone,Stand,2020-12-10 16:05:00,S,Stand,3,1969
The Shins,Simple Song,2020-12-10 16:08:00,S,Simple,6,2012
Sex Pistols,God Save The Queen,2020-12-10 16:14:00,G,God,3,1977
The Rolling Stones,Let's Spend The Night Together,2020-12-10 16:17:00,L,Let's,4,1967
R. E. M.,(Don't Go Back To) Rockville,2020-12-10 16:21:00,(,(,4,1984
Radiohead,There There,2020-12-10 16:25:00,T,There,6,2003
Pink Floyd,Have A Cigar,2020-12-10 16:31:00,H,Have,5,1975
Massive Attack,Safe From Harm,2020-12-10 16:36:00,S,Safe,6,1991
The Avett Brothers,Murder in the City,2020-12-10 16:42:00,M,Murder,3,2008
Aretha Franklin,Son Of A Preacherman,2020-12-10 16:45:00,S,Son,4,0
Al Green,Here I Am (Come And Take Me),2020-12-10 16:49:00,H,Here,4,1973
Wilco,Misunderstood,2020-12-10 16:53:00,M,Misunderstood,7,1996
Warren Zevon,Johnny Strikes Up The Band,2020-12-10 17:00:00,J,Johnny,3,1978
Bob Dylan,Murder Most Foul,2020-12-10 17:03:00,M,Murder,18,2020
The Rolling Stones,Shattered,2020-12-10 17:21:00,S,Shattered,4,1982
James Brown,Papa's Got A Brand New Bag,2020-12-10 17:25:00,P,Papa's,2,1975
The Band,I Shall Be Released,2020-12-10 17:27:00,I,I,5,1968
The Allman Brothers,Statesboro Blues,2020-12-10 17:32:00,S,Statesboro,4,1989
Pink Floyd,Learning To Fly,2020-12-10 17:36:00,L,Learning,6,1987
Jimi Hendrix,Third Stone From The Sun,2020-12-10 17:42:00,T,Third,7,1967
Jackson Browne,Take It Easy,2020-12-10 17:49:00,T,Take,5,1973
Elvis Costello,Man Out Of Time,2020-12-10 17:54:00,M,Man,6,1982
Genesis,Invisible Touch,2020-12-10 18:00:00,I,Invisible,4,2007
Marty Robbins,El Paso,2020-12-10 18:04:00,E,El,6,1959
Lou Reed,Caroline Says I,2020-12-10 18:10:00,C,Caroline,4,1973
Morrissey,Everyday Is Like Sunday,2020-12-10 18:14:00,E,Everyday,4,1988
Frank Ocean,Pyramids,2020-12-10 18:18:00,P,Pyramids,11,2012
Childish Gambino,This Is America,2020-12-10 18:29:00,T,This,4,2018
David Sylvian,I Surrender,2020-12-10 18:33:00,I,I,10,1999
The Airborne Toxic Event,Sometime Around Midnight,2020-12-10 18:43:00,S,Sometime,5,2008
Bob Seger,Turn The Page,2020-12-10 18:48:00,T,Turn,7,1973
Santana,Evil Ways,2020-12-10 18:55:00,E,Evil,5,1983
Paul McCartney & Wings,Jet,2020-12-10 19:00:00,J,Jet,4,1973
Steely Dan,Babylon Sisters,2020-12-10 19:04:00,B,Babylon,8,1980
Supertramp,The Logical Song,2020-12-10 19:12:00,T,The,4,1979
Catherine Wheel,Black Metallic,2020-12-10 19:16:00,B,Black,9,1991
Sly & The Family Stone,I Want To Take You Higher,2020-12-10 19:25:00,I,I,5,1969
Grateful Dead,I Know You Rider,2020-12-10 19:30:00,I,I,6,1972
The White Stripes,My Doorbell,2020-12-10 19:36:00,M,My,5,2005
Vampire Weekend,A-Punk,2020-12-10 19:41:00,A,A-Punk,2,2007
The Count Five,Psychotic Reaction,2020-12-10 19:43:00,P,Psychotic,3,1984
The Pretenders,Back On The Chain Gang,2020-12-10 19:46:00,B,Back,5,1982
Elton John,Honky Cat,2020-12-10 19:51:00,H,Honky,5,1972
The National,Slow Show,2020-12-10 19:56:00,S,Slow,4,2007
Sly & The Family Stone,If You Want Me To Stay,2020-12-10 20:00:00,I,If,3,1973
Pearl Jam,Evenflow,2020-12-10 20:03:00,E,Evenflow,7,2003
Muddy Waters,I Just Want To Make Love To You (1954),2020-12-10 20:10:00,I,I,3,0
Johnny Cash,A Boy Named Sue (live),2020-12-10 20:13:00,A,A,3,1969
Bruce Cockburn,Wondering Where The Lions Are,2020-12-10 20:16:00,W,Wondering,4,1979
Kendrick Lamar,DNA,2020-12-10 20:20:00,D,DNA,3,2017
The Beatles,Got To Get You Into My Life,2020-12-10 20:23:00,G,Got,5,1963
Herbie Hancock,Watermelon Man,2020-12-10 20:28:00,W,Watermelon,6,1975
Yo La Tengo,From A Motel 6,2020-12-10 20:34:00,F,From,6,1993
Live,Lightning Crashes,2020-12-10 20:40:00,L,Lightning,5,1994
David Bowie,The Man Who Sold The World,2020-12-10 20:45:00,T,The,5,1970
Leonard Cohen,The Future,2020-12-10 20:50:00,T,The,7,1992
Foo Fighters,My Hero,2020-12-10 20:57:00,M,My,4,1996
The Velvet Underground,Venus In Furs,2020-12-10 21:01:00,V,Venus,5,1967
Bruce Cockburn,Lovers In A Dangerous Time,2020-12-10 21:06:00,L,Lovers,7,1984
Smashing Pumpkins,Thirty Three,2020-12-10 21:13:00,T,Thirty,4,1995
M83,Midnight City,2020-12-10 21:17:00,M,Midnight,4,2010
Mark Knopfler,What It Is,2020-12-10 21:21:00,W,What,6,2000
U2,The Unforgettable Fire,2020-12-10 21:27:00,T,The,5,1984
Pink Floyd,See Emily Play,2020-12-10 21:32:00,S,See,3,1967
Eminem,Stan (feat. Dido),2020-12-10 21:35:00,S,Stan,7,0
Leonard Cohen,Joan of Arc,2020-12-10 21:42:00,J,Joan,7,1971
Bruce Springsteen,Adam Raised A Cain,2020-12-10 21:49:00,A,Adam,7,1978
Matisyahu,One Day,2020-12-10 21:56:00,O,One,4,2009
Billy Joel,The Stranger,2020-12-10 22:00:00,T,The,5,1977
Judy Collins,In My Life,2020-12-10 22:05:00,I,In,3,1966
Modest Mouse,Baby Blue Sedan,2020-12-10 22:08:00,B,Baby,5,1997
George Harrison,Wah-Wah,2020-12-10 22:13:00,W,Wah-Wah,6,1970
Charles Bradley,Changes,2020-12-10 22:19:00,C,Changes,5,2013
Stone Temple Pilots,Plush,2020-12-10 22:24:00,P,Plush,5,1992
Fats Domino,Walkin' To New Orleans,2020-12-10 22:29:00,W,Walkin',4,1960
The Beatles,Nowhere Man,2020-12-10 22:33:00,N,Nowhere,2,1965
The Beach Boys,"Help Me, Rhonda",2020-12-10 22:35:00,H,Help,4,1985
Trey Anastasio,Drift While You're Sleeping,2020-12-10 22:39:00,D,Drift,12,2019
MC5,Kick Out The Jams,2020-12-10 22:51:00,K,Kick,3,1994
Laura Nyro,I Am The Blues,2020-12-10 22:54:00,I,I,6,1976
Manfred Mann,Blinded By The Light,2020-12-10 23:00:00,B,Blinded,7,1976
Billie Holiday,Stormy Weather,2020-12-10 23:07:00,S,Stormy,5,1953
Childish Gambino,Redbone,2020-12-10 23:12:00,R,Redbone,4,2016
Patty Griffin,Rain,2020-12-10 23:16:00,R,Rain,4,1996
Smokey Robinson & The Miracles,You've Really Got A Hold On Me,2020-12-10 23:20:00,Y,You've,5,1988
Gladys Knight & the Pips,Neither One Of Us (Wants To Be The First To Say Goodbye),2020-12-10 23:25:00,N,Neither,5,1973
Ben Folds,Landed,2020-12-10 23:30:00,L,Landed,4,2005
Tom Petty,Into The Great Wide Open,2020-12-10 23:34:00,I,Into,4,1976
The Moody Blues,You And Me,2020-12-10 23:38:00,Y,You,5,1972
Bob Marley & The Wailers,Natural Mystic,2020-12-10 23:43:00,N,Natural,3,1991
Creedence Clearwater Revival,Susie Q,2020-12-10 23:46:00,S,Susie,10,1968
Donnie Iris,Ah! Leah!,2020-12-10 23:56:00,A,Ah,4,1980
Joni Mitchell,Conversation,2020-12-11 00:00:00,C,Conversation,5,1970
Fleet Foxes,White Winter Hymnal,2020-12-11 00:05:00,W,White,2,2008
The Byrds,Wasn't Born To Follow,2020-12-11 00:07:00,W,Wasn't,2,1968
The Rolling Stones,Sweet Virginia,2020-12-11 00:09:00,S,Sweet,5,1972
Crosby Stills Nash & Young,Almost Cut My Hair,2020-12-11 00:14:00,A,Almost,5,1970
The Band,Up On Cripple Creek,2020-12-11 00:19:00,U,Up,4,1969
Traveling Wilburys,Handle With Care,2020-12-11 00:23:00,H,Handle,4,1988
Sonic Youth,Teenage Riot,2020-12-11 00:27:00,T,Teenage,7,1988
Fiona Apple,Criminal,2020-12-11 00:34:00,C,Criminal,6,1996
The War On Drugs,Up All Night,2020-12-11 00:40:00,U,Up,7,2017
Small Faces,Itchycoo Park,2020-12-11 00:47:00,I,Itchycoo,2,1986
The Waitresses,Christmas Wrapping,2020-12-11 00:49:00,C,Christmas,6,1981
Oasis,Don't Look Back In Anger,2020-12-11 00:55:00,D,Don't,5,1996
The Temptations,Just My Imagination (Running Away With Me),2020-12-11 01:00:00,J,Just,4,1980
Hall & Oates,Private Eyes,2020-12-11 01:04:00,P,Private,3,1981
Depeche Mode,Never Let Me Down Again,2020-12-11 01:07:00,N,Never,5,1987
Screamin' Jay Hawkins,I Put A Spell On You,2020-12-11 01:12:00,I,I,3,1956
Neil Young,The Needle And The Damage Done,2020-12-11 01:15:00,T,The,2,1972
Men At Work,Overkill,2020-12-11 01:17:00,O,Overkill,3,1983
Annie Lennox,Why,2020-12-11 01:20:00,W,Why,6,1992
AntÃÂ´nio Carlos Jobim,The Girl From Ipanema,2020-12-11 01:26:00,T,The,2,0
Duran Duran,Ordinary World,2020-12-11 01:28:00,O,Ordinary,5,1993
The Beach Boys,Heroes and Villains,2020-12-11 01:33:00,H,Heroes,3,1967
Elvis Costello & The Attractions,Oliver's Army,2020-12-11 01:36:00,O,Oliver's,4,1979
Guy Clark,L.A. Freeway,2020-12-11 01:40:00,L,L,5,1975
LCD Soundsystem,Home,2020-12-11 01:45:00,H,Home,7,2010
Maggie Rogers,Light On,2020-12-11 01:52:00,L,Light,5,2018
Tom Petty & The Heartbreakers,Don't Do Me Like That,2020-12-11 01:57:00,D,Don't,3,1979
Donna Summer,State Of Independence,2020-12-11 02:00:00,S,State,6,1982
Bruce Springsteen,Born In The USA,2020-12-11 02:06:00,B,Born,5,1984
Tom Rush,Urge For Going,2020-12-11 02:11:00,U,Urge,6,1968
The Killers,Mr. Brightside,2020-12-11 02:17:00,M,Mr,4,2003
Eminem,Lose Yourself,2020-12-11 02:21:00,L,Lose,6,2002
The Clash,Safe European Home,2020-12-11 02:27:00,S,Safe,3,1978
America,Sister Golden Hair,2020-12-11 02:30:00,S,Sister,4,1975
R. E. M.,These Days,2020-12-11 02:34:00,T,These,3,1986
John Hiatt,Riding With The King,2020-12-11 02:37:00,R,Riding,5,1983
Gregory Alan Isakov,The Stable Song,2020-12-11 02:42:00,T,The,6,2007
The Jam,A Town Called Malice,2020-12-11 02:48:00,A,A,3,1982
James Gang,Funk #49,2020-12-11 02:51:00,F,Funk,4,1969
Neil Young,Tonight's The Night,2020-12-11 02:55:00,T,Tonight's,5,1975
Sergio Mendes & Brasil '66,Mais Que Nada,2020-12-11 03:00:00,M,Mais,3,1967
Toots & The Maytals,54-46 (Thats My Number),2020-12-11 03:03:00,5,54-46,3,1984
T Rex,Jeepster,2020-12-11 03:06:00,J,Jeepster,4,1971
Gang Of Four,Damaged Goods,2020-12-11 03:10:00,D,Damaged,4,1978
Bob Marley & The Wailers,Lively Up Yourself,2020-12-11 03:14:00,L,Lively,5,1990
Stevie Ray Vaughan,Change It,2020-12-11 03:19:00,C,Change,4,1985
Talk Talk,Life's What You Make It,2020-12-11 03:23:00,L,Life's,4,1986
Beth Orton,Stolen Car,2020-12-11 03:27:00,S,Stolen,4,1998
Willie Nelson,Funny How Time Slips Away,2020-12-11 03:31:00,F,Funny,3,1962
Special AKA,Free Nelson Mandela,2020-12-11 03:34:00,F,Free,5,1984
Frank Zappa,Dancin' Fool,2020-12-11 03:39:00,D,Dancin',4,1979
Wham!,Freedom,2020-12-11 03:43:00,F,Freedom,5,1984
Dave Matthews Band,Crush,2020-12-11 03:48:00,C,Crush,5,2000
The Kinks,Shangri-La,2020-12-11 03:53:00,S,Shangri-La,6,1969
The Chameleons UK,Swamp Thing,2020-12-11 03:59:00,S,Swamp,6,0
Nico,These Days,2020-12-11 04:05:00,T,These,4,1967
The Rolling Stones,Under My Thumb,2020-12-11 04:09:00,U,Under,4,1966
My Morning Jacket,Wordless Chorus,2020-12-11 04:13:00,W,Wordless,4,2005
Focus,Hocus Pocus,2020-12-11 04:17:00,H,Hocus,8,1971
Leonard Cohen,Bird On A Wire,2020-12-11 04:25:00,B,Bird,4,2005
Van Morrison,Fair Play,2020-12-11 04:29:00,F,Fair,6,1974
The Temptations,I Can't Get Next To You,2020-12-11 04:35:00,I,I,3,1969
The Clash,Rudie Can't Fail,2020-12-11 04:38:00,R,Rudie,5,1979
Wings,Mull of Kintyre,2020-12-11 04:43:00,M,Mull,4,1977
Van Morrison,Real Real Gone,2020-12-11 04:47:00,R,Real,4,1990
The Who,The Kids Are Alright,2020-12-11 04:51:00,T,The,5,1966
Gov't Mule,Soulshine,2020-12-11 04:56:00,S,Soulshine,4,1999
Golden Smog,Until You Came Along,2020-12-11 05:00:00,U,Until,5,1998
Deep Purple,Hush,2020-12-11 05:05:00,H,Hush,5,1977
The Beach Boys,Long Promised Road,2020-12-11 05:10:00,L,Long,4,1970
Steppenwolf,Born To Be Wild,2020-12-11 05:14:00,B,Born,3,1983
Bob Marley & The Wailers,So Much Trouble In The World,2020-12-11 05:17:00,S,So,4,1979
Chicago Transit Authority,Questions 67 & 68,2020-12-11 05:21:00,Q,Questions,5,1969
Toots & The Maytals,Funky Kingston,2020-12-11 05:26:00,F,Funky,5,1980
Bob Seger,Roll Me Away,2020-12-11 05:31:00,R,Roll,5,1982
Heart,Alone,2020-12-11 05:36:00,A,Alone,3,1983
Frank Ocean,Pink + White,2020-12-11 05:39:00,P,Pink,4,2016
Ella Fitzgerald,Mack The Knife,2020-12-11 05:43:00,M,Mack,4,1988
AC/DC,It's A Long Way To The Top (If You Wanna Rock 'n' Roll),2020-12-11 05:47:00,I,It's,5,1975
Leon Russell,Tight Rope,2020-12-11 05:52:00,T,Tight,3,1972
Van Morrison,Wavelength,2020-12-11 05:55:00,W,Wavelength,5,1978
Jeff Beck,Going Down,2020-12-11 06:00:00,G,Going,7,1972
Bruce Springsteen,Sherry Darling,2020-12-11 06:07:00,S,Sherry,6,1980
Little Richard,Good Golly Miss Molly,2020-12-11 06:13:00,G,Good,2,1958
Frank Sinatra,It Was A Very Good Year,2020-12-11 06:15:00,I,It,10,1965
Low Cut Connie,Boozophilia,2020-12-11 06:25:00,B,Boozophilia,4,2012
Bruce Springsteen,It's Hard To Be A Saint In The City,2020-12-11 06:29:00,I,It's,3,1973
Grandmaster Flash & The Furious 5,The Message,2020-12-11 06:32:00,T,The,9,0
Aretha Franklin,Day Dreaming,2020-12-11 06:41:00,D,Day,4,1968
The Who,Sea and Sand,2020-12-11 06:45:00,S,Sea,8,1973
Bruce Springsteen,Lost In The Flood,2020-12-11 06:53:00,L,Lost,5,1973
Darlene Love,Christmas (Baby Please Come Home),2020-12-11 06:58:00,C,Christmas,4,1963
The Stooges,I Wanna Be Your Dog,2020-12-11 07:02:00,I,I,3,1996
Rage Against The Machine,Bulls on Parade,2020-12-11 07:05:00,B,Bulls,6,1996
B-52's,Dance This Mess Around,2020-12-11 07:11:00,D,Dance,4,1979
Adele,Skyfall,2020-12-11 07:15:00,S,Skyfall,8,2012
Jefferson Airplane,Volunteers,2020-12-11 07:23:00,V,Volunteers,2,1994
General Public,Tenderness,2020-12-11 07:25:00,T,Tenderness,4,1984
The Who,Slip Kid,2020-12-11 07:29:00,S,Slip,4,1975
Jimi Hendrix,Crosstown Traffic,2020-12-11 07:33:00,C,Crosstown,3,1968
The Beatles,It's Only Love,2020-12-11 07:36:00,I,It's,4,1965
Blood Sweat & Tears,You've Made Me So Very Happy,2020-12-11 07:40:00,Y,You've,4,1973
Hozier,Nina Cried Power,2020-12-11 07:44:00,N,Nina,4,2018
Elvis Presley,Blue Suede Shoes,2020-12-11 07:48:00,B,Blue,2,1970
The Beatles,Hello Goodbye,2020-12-11 07:50:00,H,Hello,7,1967
Natalie Prass,Sisters,2020-12-11 07:57:00,S,Sisters,5,2018
Alabama Shakes,Don't Wanna Fight,2020-12-11 08:02:00,D,Don't,3,2015
The Carpenters,(They Long To Be) Close To You,2020-12-11 08:05:00,(,(,7,0
The Beatles,Getting Better,2020-12-11 08:12:00,G,Getting,3,1967
Pearl Jam,Just Breathe,2020-12-11 08:15:00,J,Just,6,2009
Horace Silver,Song For My Father,2020-12-11 08:21:00,S,Song,8,1989
Jerry Lee Lewis,Whole Lotta Shakin' Goin' On,2020-12-11 08:29:00,W,Whole,3,1972
Modest Mouse,Dashboard,2020-12-11 08:32:00,D,Dashboard,4,2007
Yaz,Don't Go,2020-12-11 08:36:00,D,Don't,5,2004
Wilco,One Sunday Morning (Song For Jane Smiley's Boyfriend),2020-12-11 08:41:00,O,One,14,2011
Shawn Colvin,Shotgun Down The Avalanche,2020-12-11 08:55:00,S,Shotgun,6,1989
Lloyd Cole,Are You Ready To Be Heartbroken,2020-12-11 09:01:00,A,Are,3,1984
Fleetwood Mac,Hypnotized,2020-12-11 09:04:00,H,Hypnotized,5,1973
Otis Redding,Hard to Handle,2020-12-11 09:09:00,H,Hard,3,1968
John Lee Hooker,Boom Boom,2020-12-11 09:12:00,B,Boom,5,1964
Nina Simone,My Baby Just Cares For Me,2020-12-11 09:17:00,M,My,3,1992
Tame Impala,Let it Happen,2020-12-11 09:20:00,L,Let,6,2015
Genesis,Your Own Special Way,2020-12-11 09:26:00,Y,Your,6,1976
Paul Simon,Born At The Right Time,2020-12-11 09:32:00,B,Born,4,1973
John Prine,Please Don't Bury Me,2020-12-11 09:36:00,P,Please,4,1973
Josh Ritter,Thin Blue Flame,2020-12-11 09:40:00,T,Thin,10,2006
Eric Burdon & War,Spill The Wine,2020-12-11 09:50:00,S,Spill,4,1970
Traffic,Freedom Rider,2020-12-11 09:54:00,F,Freedom,6,1970
Deep Purple,Lazy,2020-12-11 10:00:00,L,Lazy,8,1988
Radiohead,Just,2020-12-11 10:08:00,J,Just,5,1995
Darlingside,White Horses,2020-12-11 10:13:00,W,White,5,2015
Dan Fogelberg,Nether Lands,2020-12-11 10:18:00,N,Nether,5,1977
Neil Diamond,America,2020-12-11 10:23:00,A,America,6,1978
Charlie Rich,Feel Like Going Home,2020-12-11 10:29:00,F,Feel,5,1974
Radiohead,Black Star,2020-12-11 10:34:00,B,Black,4,1995
War,Slippin' Into Darkness,2020-12-11 10:38:00,S,Slippin',9,1971
Emerson Lake & Palmer,Still... You Turn Me On,2020-12-11 10:47:00,S,Still,3,1973
Neil Young,Harvest,2020-12-11 10:50:00,H,Harvest,3,1972
Fleet Foxes,Blue Ridge Mountains,2020-12-11 10:53:00,B,Blue,6,2008
The Rolling Stones,Tumbling Dice,2020-12-11 10:59:00,T,Tumbling,4,1972
Melissa Etheridge,Yes I Am,2020-12-11 11:03:00,Y,Yes,4,1993
The Rolling Stones,Happy,2020-12-11 11:07:00,H,Happy,4,1973
The Rolling Stones,Bitch,2020-12-11 11:11:00,B,Bitch,3,1971
U2,Mysterious Ways,2020-12-11 11:14:00,M,Mysterious,6,1991
Electric Light Orchestra,Fire On High,2020-12-11 11:20:00,F,Fire,5,1975
Little Feat,Easy To Slip,2020-12-11 11:25:00,E,Easy,5,1972
Phish,Bouncing Around The Room,2020-12-11 11:30:00,B,Bouncing,4,2003
Luciano Pavarotti,"Turandot, Act Iii, Nessun Dorma!",2020-12-11 11:34:00,T,Turandot,3,1986
Simon & Garfunkel,The Only Living Boy In New York,2020-12-11 11:37:00,T,The,4,1970
Van Halen,Ain't Talkin' 'bout Love,2020-12-11 11:41:00,A,Ain't,6,1978
Talking Heads,Road to Nowhere,2020-12-11 11:47:00,R,Road,4,1994
Blue Oyster Cult,(Don't Fear) The Reaper,2020-12-11 11:51:00,(,(,8,1977
Cat Stevens,Peace Train,2020-12-11 11:59:00,P,Peace,1,1971
Steely Dan,Josie,2020-12-11 12:03:00,J,Josie,5,1977
Jeff Buckley,Forget Her,2020-12-11 12:08:00,F,Forget,5,1994
Janis Joplin,Ball And Chain,2020-12-11 12:13:00,B,Ball,10,1969
Elvis Costello,Everyday I Write The Book,2020-12-11 12:23:00,E,Everyday,4,1983
Aerosmith,Walk This Way,2020-12-11 12:27:00,W,Walk,4,1975
Starland Vocal Band,Afternoon Delight,2020-12-11 12:31:00,A,Afternoon,3,1976
K. T. Tunstall,Suddenly I See,2020-12-11 12:34:00,S,Suddenly,5,0
Jo Stafford,You Belong To Me,2020-12-11 12:39:00,Y,You,3,1991
Led Zeppelin,Custard Pie,2020-12-11 12:42:00,C,Custard,4,1975
Alison Krauss,"Baby, Now That I've Found You",2020-12-11 12:46:00,B,Baby,4,1995
Carl Perkins,Blue Suede Shoes,2020-12-11 12:50:00,B,Blue,2,1972
The Animals,We Gotta Get Out Of This Place,2020-12-11 12:52:00,W,We,5,1990
Blondie,The Tide Is High,2020-12-11 12:57:00,T,The,5,1980
Bram Tchaikovsky,Girl Of My Dreams,2020-12-11 13:02:00,G,Girl,4,1979
The White Stripes,We're Going To Be Friends,2020-12-11 13:06:00,W,We're,2,2001
U2,Bullet The Blue Sky,2020-12-11 13:08:00,B,Bullet,7,1987
Bing Crosby,White Christmas,2020-12-11 13:15:00,W,White,3,1977
Hugh Masakela,Grazing In The Grass,2020-12-11 13:18:00,G,Grazing,2,0
The Band,Rag Mama Rag,2020-12-11 13:20:00,R,Rag,3,1969
Ella Fitzgerald & Louis Armstrong,Summertime,2020-12-11 13:23:00,S,Summertime,7,1957
The Beatles,The End,2020-12-11 13:30:00,T,The,2,1969
Jackson Browne,Doctor My Eyes,2020-12-11 13:32:00,D,Doctor,4,1972
Ben Vaughn,I Dig Your Wig,2020-12-11 13:36:00,I,I,3,1986
Pink Floyd,On The Turning Away,2020-12-11 13:39:00,O,On,6,1987
Outkast,Ms. Jackson,2020-12-11 13:45:00,M,Ms,4,2000
Abba,Dancing Queen,2020-12-11 13:49:00,D,Dancing,4,1980
Steve Miller Band,Fly Like An Eagle,2020-12-11 13:53:00,F,Fly,3,1984
Elvis Presley,If I Can Dream,2020-12-11 13:56:00,I,If,4,1968
Ani DiFranco,Little Plastic Castle,2020-12-11 14:00:00,L,Little,4,1998
Grateful Dead,U.S. Blues,2020-12-11 14:04:00,U,U,5,1974
David Bowie,Scary Monsters (And Super Creeps),2020-12-11 14:09:00,S,Scary,8,1980
The Strokes,Last Nite,2020-12-11 14:17:00,L,Last,3,2001
Citizen Cope,Sideways,2020-12-11 14:20:00,S,Sideways,5,2002
Indigo Girls,Kid Fears,2020-12-11 14:25:00,K,Kid,5,1989
Marshall Tucker Band,Can't You See,2020-12-11 14:30:00,C,Can't,7,1973
Radiohead,Street Spirit (Fade Out),2020-12-11 14:37:00,S,Street,5,1995
Billy Joel,We Didn't Start The Fire,2020-12-11 14:42:00,W,We,4,1977
Marah,Point Breeze,2020-12-11 14:46:00,P,Point,2,2000
Fugazi,Waiting Room,2020-12-11 14:48:00,W,Waiting,5,1988
Genesis,Squonk,2020-12-11 14:53:00,S,Squonk,7,1976
Joni Mitchell,Help Me,2020-12-11 15:00:00,H,Help,4,1974
Bauhaus,Bela Lugosi's Dead,2020-12-11 15:04:00,B,Bela,11,1979
Bruce Springsteen,Growing Up,2020-12-11 15:15:00,G,Growing,3,1994
The Doobie Brothers,Long Train Runnin',2020-12-11 15:18:00,L,Long,4,1975
The Foundations,Build Me Up Buttercup,2020-12-11 15:22:00,B,Build,3,1992
John Prine,That's The Way The World Goes Round,2020-12-11 15:25:00,T,That's,4,1978
Cheap Trick,Surrender,2020-12-11 15:29:00,S,Surrender,5,1978
The Beach Boys,I Can Hear Music,2020-12-11 15:34:00,I,I,2,1974
Simon & Garfunkel,I Am A Rock,2020-12-11 15:36:00,I,I,4,1966
Martha Reeves & The Vandellas,(Love Is Like A) Heat Wave,2020-12-11 15:40:00,(,(,3,1965
Linda Ronstadt,Heart Like A Wheel,2020-12-11 15:43:00,H,Heart,3,1971
Ice Cube,It Was A Good Day,2020-12-11 15:46:00,I,It,5,1992
Electric Light Orchestra,Telephone Line,2020-12-11 15:51:00,T,Telephone,5,1977
Carole King,So Far Away,2020-12-11 15:56:00,S,So,4,1971
Billy Joel,Miami 2017,2020-12-11 16:00:00,M,Miami,6,1976
Liz Phair,Supernova,2020-12-11 16:06:00,S,Supernova,4,1994
Miles Davis,Miles Runs The Voodoo Down,2020-12-11 16:10:00,M,Miles,15,1970
Pearl Jam,Black,2020-12-11 16:25:00,B,Black,6,2000
Miles Davis,Blue In Green,2020-12-11 16:31:00,B,Blue,7,1966
The dB's,Love Is For Lovers,2020-12-11 16:38:00,L,Love,3,1984
The Clash,Revolution Rock,2020-12-11 16:41:00,R,Revolution,6,1979
The Beatles,When I'm Sixty-Four,2020-12-11 16:47:00,W,When,2,1967
Eddie Money,Two Tickets To Paradise,2020-12-11 16:49:00,T,Two,6,1977
Led Zeppelin,Out On The Tiles,2020-12-11 16:55:00,O,Out,5,1970
Van Morrison,Queen Of The Slipstream,2020-12-11 17:00:00,Q,Queen,4,1987
Kirsty MacColl,In These Shoes?,2020-12-11 17:04:00,I,In,4,2000
Cracker,Euro-Trash Girl,2020-12-11 17:08:00,E,Euro-Trash,10,1992
Jimi Hendrix,Burning Of The Midnight Lamp,2020-12-11 17:18:00,B,Burning,4,1967
Enya,Orinoco Flow,2020-12-11 17:22:00,O,Orinoco,4,1988
U2,One Tree Hill,2020-12-11 17:26:00,O,One,7,1987
The Beatles,The Night Before,2020-12-11 17:33:00,T,The,2,1965
The Cars,Moving In Stereo,2020-12-11 17:35:00,M,Moving,5,1978
R. E. M.,Perfect Circle,2020-12-11 17:40:00,P,Perfect,4,1983
Emmylou Harris,Boulder To Birmingham,2020-12-11 17:44:00,B,Boulder,3,1975
Death Cab For Cutie,I Will Follow You Into The Dark,2020-12-11 17:47:00,I,I,4,2005
R. E. M.,Walk Unafraid,2020-12-11 17:51:00,W,Walk,5,1998
Petula Clark,Downtown,2020-12-11 17:56:00,D,Downtown,5,1985
The Allman Brothers,Mountain Jam,2020-12-11 18:01:00,M,Mountain,36,1972
Joni Mitchell,Hejira,2020-12-11 18:37:00,H,Hejira,6,1976
The Afghan Whigs,Rebirth Of The Cool,2020-12-11 18:43:00,R,Rebirth,8,1992
The White Stripes,Fell In Love With A Girl,2020-12-11 18:51:00,F,Fell,1,1998
Crosby Stills & Nash,Guinnevere,2020-12-11 18:52:00,G,Guinnevere,6,1969
Little Richard,Rip It Up,2020-12-11 18:58:00,R,Rip,3,1956
Meatloaf,Bat Out Of Hell,2020-12-11 19:01:00,B,Bat,10,0
Mother Earth,Down So Low,2020-12-11 19:11:00,D,Down,6,1968
Loreena McKennitt,The Mystic's Dream,2020-12-11 19:17:00,T,The,7,1994
Ozzy Osbourne,Crazy Train,2020-12-11 19:24:00,C,Crazy,6,1980
Billy Bragg,Waiting For The Great Leap Forwards,2020-12-11 19:30:00,W,Waiting,4,1988
XTC,The Ballad Of Peter Pumpkinhead,2020-12-11 19:34:00,T,The,5,1992
Dusty Springfield,Windmills Of Your Mind,2020-12-11 19:39:00,W,Windmills,5,1969
The Stills-Young Band,Long May You Run,2020-12-11 19:44:00,L,Long,4,1976
"Friedrich Gulda, Vienna Philharmonic & Claudio Abbado","Piano Concerto No. 21 in C Major, K. 467: II. Andante",2020-12-11 19:48:00,P,Piano,9,0
Spirit,I Got A Line On You,2020-12-11 19:57:00,I,I,3,1969
Tame Impala,Eventually,2020-12-11 20:00:00,E,Eventually,6,2015
Tash Sultana,Jungle,2020-12-11 20:06:00,J,Jungle,7,2016
The Cure,Disintegration,2020-12-11 20:13:00,D,Disintegration,8,1989
The Who,Gettin' In Tune,2020-12-11 20:21:00,G,Gettin',7,1996
R. E. M.,Radio Free Europe,2020-12-11 20:28:00,R,Radio,4,1981
Warren Zevon,Excitable Boy,2020-12-11 20:32:00,E,Excitable,3,1978
Creedence Clearwater Revival,Run Through The Jungle,2020-12-11 20:35:00,R,Run,3,1970
Bob Dylan,If Not For You,2020-12-11 20:38:00,I,If,3,1970
Richie Havens,Here Comes The Sun,2020-12-11 20:41:00,H,Here,4,1970
Leonard Cohen,I'm Your Man,2020-12-11 20:45:00,I,I'm,5,1974
Led Zeppelin,You Shook Me,2020-12-11 20:50:00,Y,You,7,1969
Dr. Dog,Where'd All The Time Go?,2020-12-11 20:57:00,W,Where'd,5,2010
Hozier,From Eden,2020-12-11 21:02:00,F,From,3,2013
Red Hot Chili Peppers,Under The Bridge,2020-12-11 21:05:00,U,Under,5,1991
Howlin' Wolf,Spoonful,2020-12-11 21:10:00,S,Spoonful,3,1960
Hall & Oates,Kiss On My List,2020-12-11 21:13:00,K,Kiss,4,1983
The Byrds,Mr. Tambourine Man,2020-12-11 21:17:00,M,Mr,3,1970
Prince,When You Were Mine,2020-12-11 21:20:00,W,When,4,1980
Tina Turner,What's Love Got To Do With It,2020-12-11 21:24:00,W,What's,4,1985
Gorillaz,Feel Good Inc.,2020-12-11 21:28:00,F,Feel,4,2005
Mott The Hoople,Roll Away The Stone,2020-12-11 21:32:00,R,Roll,3,1974
The English Beat,Save It For Later,2020-12-11 21:35:00,S,Save,5,1991
The Allman Brothers,Stormy Monday,2020-12-11 21:40:00,S,Stormy,9,1982
The Rolling Stones,Play With Fire,2020-12-11 21:49:00,P,Play,2,1965
Coldplay,Shiver,2020-12-11 21:51:00,S,Shiver,6,2000
The Byrds,You Ain't Going Nowhere,2020-12-11 21:57:00,Y,You,3,1968
Bruce Hornsby & The Range,The Way It Is,2020-12-11 22:00:00,T,The,5,1987
Aretha Franklin,Until You Come Back To Me (That's What I'm Gonna Do),2020-12-11 22:05:00,U,Until,4,1974
Janelle Monae,Tightrope,2020-12-11 22:09:00,T,Tightrope,5,2010
Robyn,Call Your Girlfriend,2020-12-11 22:14:00,C,Call,4,2010
The Trammps,Disco Inferno,2020-12-11 22:18:00,D,Disco,3,1977
Stevie Wonder,Boogie On Reggae Woman,2020-12-11 22:21:00,B,Boogie,7,1974
AC/DC,Highway To Hell,2020-12-11 22:28:00,H,Highway,4,1979
Elvis Presley,Heartbreak Hotel,2020-12-11 22:32:00,H,Heartbreak,2,1972
The Commodores,Easy,2020-12-11 22:34:00,E,Easy,4,1996
Crosby Stills Nash & Young,Country Girl,2020-12-11 22:38:00,C,Country,6,1970
Neil Young,Unknown Legend,2020-12-11 22:44:00,U,Unknown,5,1992
Jerry Garcia,The Wheel,2020-12-11 22:49:00,T,The,4,1972
Mott The Hoople,All The Young Dudes,2020-12-11 22:53:00,A,All,4,1974
The Supremes,Stop! In The Name Of Love,2020-12-11 22:57:00,S,Stop,3,1965
Elvis Presley,Jailhouse Rock,2020-12-11 23:00:00,J,Jailhouse,3,1975
Dave Matthews Band,The Best Of What's Around,2020-12-11 23:03:00,T,The,4,1994
John Prine,Illegal Smile,2020-12-11 23:07:00,I,Illegal,4,1971
Three Dog Night,Shambala,2020-12-11 23:11:00,S,Shambala,3,1973
Earth Wind & Fire,Let's Groove,2020-12-11 23:14:00,L,Let's,6,1981
Stevie Wonder,I Wish,2020-12-11 23:20:00,I,I,6,1976
The Who,5:15,2020-12-11 23:26:00,5,5,4,1979
Talking Heads,Crosseyed And Painless,2020-12-11 23:30:00,C,Crosseyed,5,1980
Steely Dan,Hey Nineteen,2020-12-11 23:35:00,H,Hey,5,1980
Sly & The Family Stone,Dance To The Music,2020-12-11 23:40:00,D,Dance,4,1985
Sex Pistols,Anarchy In The U.K.,2020-12-11 23:44:00,A,Anarchy,3,1979
Rush,YYZ,2020-12-11 23:47:00,Y,YYZ,5,1981
Michael Penn,No Myth,2020-12-11 23:52:00,N,No,5,1989
Grateful Dead,Friend Of The Devil,2020-12-11 23:57:00,F,Friend,4,1981
The Cure,The Love Cats,2020-12-12 00:01:00,T,The,3,1983
The Beach Boys,Surf's Up,2020-12-12 00:04:00,S,Surf's,4,1971
Billy Paul,Me and Mrs. Jones,2020-12-12 00:08:00,M,Me,6,1990
Lyle Lovett,Church,2020-12-12 00:14:00,C,Church,6,1992
Patty Griffin,Making Pies,2020-12-12 00:20:00,M,Making,3,2002
Billy Joel,Vienna,2020-12-12 00:23:00,V,Vienna,4,1977
Nick Drake,Time Has Told Me,2020-12-12 00:27:00,T,Time,5,1969
Mondo Cozmo,Shine,2020-12-12 00:32:00,S,Shine,4,2016
Cracker,Low,2020-12-12 00:36:00,L,Low,4,1993
Danny O'Keefe,Good Time Charlie's Got The Blues,2020-12-12 00:40:00,G,Good,5,1972
Frank Ocean,Chanel,2020-12-12 00:45:00,C,Chanel,3,2017
Goo Goo Dolls,Name,2020-12-12 00:48:00,N,Name,5,1990
Blur,Tender,2020-12-12 00:53:00,T,Tender,8,1999
Bob Dylan,I Want You,2020-12-12 01:01:00,I,I,3,1966
John Prine,Your Flag Decal Won't Get You Into Heaven Anymore,2020-12-12 01:04:00,Y,Your,2,1971
The New Pornographers,Sing Me Spanish Techno,2020-12-12 01:06:00,S,Sing,6,2005
The Beach Boys,"Fun, Fun, Fun",2020-12-12 01:12:00,F,Fun,2,1964
Sam Cooke,Summertime,2020-12-12 01:14:00,S,Summertime,2,1957
Otis Redding,These Arms Of Mine,2020-12-12 01:16:00,T,These,3,1962
Lucinda Williams,Can't Let Go,2020-12-12 01:19:00,C,Can't,3,1998
The National,Mistaken For Strangers,2020-12-12 01:22:00,M,Mistaken,4,2007
The Go-Go's,We Got The Beat,2020-12-12 01:26:00,W,We,2,1980
The Style Council,My Ever Changing Moods,2020-12-12 01:28:00,M,My,6,1984
Derek & The Dominos,Keep On Growing,2020-12-12 01:34:00,K,Keep,7,1970
David Bowie,The Width Of A Circle,2020-12-12 01:41:00,T,The,8,1970
Linda Ronstadt,Lose Again,2020-12-12 01:49:00,L,Lose,4,1976
The Beatles,Can't Buy Me Love,2020-12-12 01:53:00,C,Can't,2,1967
John Lennon,Mother,2020-12-12 01:55:00,M,Mother,6,1970
The Ramones,Rockaway Beach,2020-12-12 02:01:00,R,Rockaway,2,1979
The Who,The Song Is Over,2020-12-12 02:03:00,T,The,6,1971
Talking Heads,And She Was,2020-12-12 02:09:00,A,And,5,1985
Grateful Dead,Shakedown Street,2020-12-12 02:14:00,S,Shakedown,4,1978
Roxy Music,Mother Of Pearl,2020-12-12 02:18:00,M,Mother,7,1973
Queen,Fat Bottomed Girls,2020-12-12 02:25:00,F,Fat,6,1978
Lucinda Williams,Minneapolis,2020-12-12 02:31:00,M,Minneapolis,4,2003
Billy Joel,Captain Jack,2020-12-12 02:35:00,C,Captain,7,1973
Michael Jackson,Billie Jean,2020-12-12 02:42:00,B,Billie,6,1982
Sam Cooke,Cupid,2020-12-12 02:48:00,C,Cupid,2,1962
Hop Along,Prior Things,2020-12-12 02:50:00,P,Prior,7,2018
Kermit The Frog,Rainbow Connection,2020-12-12 02:57:00,R,Rainbow,4,1979
Lulu,To Sir With Love,2020-12-12 03:01:00,T,To,2,1989
X,See How We Are,2020-12-12 03:03:00,S,See,4,1987
The Beatles,You've Got To Hide Your Love Away,2020-12-12 03:07:00,Y,You've,2,1965
B-52's,Planet Claire,2020-12-12 03:09:00,P,Planet,6,1979
Gram Parsons,Return Of The Grievous Angel,2020-12-12 03:15:00,R,Return,4,1974
Led Zeppelin,Hey Hey What Can I Do,2020-12-12 03:19:00,H,Hey,4,1970
Caroline Rose,Feel The Way I Want,2020-12-12 03:23:00,F,Feel,4,2020
Delaney & Bonnie & Friends,Never Ending Song Of Love,2020-12-12 03:27:00,N,Never,6,1971
The Stooges,Down On The Street,2020-12-12 03:33:00,D,Down,4,1970
Leon Bridges,Beyond,2020-12-12 03:37:00,B,Beyond,3,2018
Supertramp,Even In The Quietest Moments,2020-12-12 03:40:00,E,Even,7,1977
Billy Joel,New York State Of Mind,2020-12-12 03:47:00,N,New,7,1976
The Blue Nile,The Downtown Lights,2020-12-12 03:54:00,T,The,7,1989
John Prine,Spanish Pipedream,2020-12-12 04:01:00,S,Spanish,2,1971
Joni Mitchell,Cactus Tree,2020-12-12 04:03:00,C,Cactus,5,1968
Pearl Jam,Corduroy,2020-12-12 04:08:00,C,Corduroy,5,2000
Smashing Pumpkins,Tonight Tonight,2020-12-12 04:13:00,T,Tonight,4,1995
Van Morrison,Someone Like You,2020-12-12 04:17:00,S,Someone,4,1987
John Lennon,Whatever Gets You Through The Night,2020-12-12 04:21:00,W,Whatever,4,1974
Neko Case,This Tornado Loves You,2020-12-12 04:25:00,T,This,3,2009
Cat Stevens,Morning Has Broken,2020-12-12 04:28:00,M,Morning,5,1971
A Tribe Called Quest,I Left My Wallet in El Segundo,2020-12-12 04:33:00,I,I,4,1989
James Taylor,You Can Close Your Eyes,2020-12-12 04:37:00,Y,You,2,1971
John Mellencamp,Rain On The Scarecrow,2020-12-12 04:39:00,R,Rain,5,1999
Nathaniel Rateliff & The Night Sweats,SOB,2020-12-12 04:44:00,S,SOB,4,2015
Los Lobos,Will The Wolf Survive?,2020-12-12 04:48:00,W,Will,4,1984
Stevie Nicks,Stop Draggin' My Heart Around,2020-12-12 04:52:00,S,Stop,4,1981
Elton John,Daniel,2020-12-12 04:56:00,D,Daniel,5,1976
Modern English,I Melt With You,2020-12-12 05:01:00,I,I,3,1982
Glen Campbell,Gentle On My Mind,2020-12-12 05:04:00,G,Gentle,3,1991
James Taylor,Carolina In My Mind,2020-12-12 05:07:00,C,Carolina,6,1968
Frank Sinatra,Strangers In The Night,2020-12-12 05:13:00,S,Strangers,3,1966
The Kinks,Til The End Of The Day,2020-12-12 05:16:00,T,Til,2,2003
John Prine,Souvenirs,2020-12-12 05:18:00,S,Souvenirs,5,1972
Willie Nelson,On The Road Again,2020-12-12 05:23:00,O,On,2,1992
The Who,Pinball Wizard,2020-12-12 05:25:00,P,Pinball,4,1976
Sheryl Crow,All I Wanna Do,2020-12-12 05:29:00,A,All,4,1995
Radiohead,Subterranean Homesick Alien,2020-12-12 05:33:00,S,Subterranean,5,1997
Pink Floyd,Sheep,2020-12-12 05:38:00,S,Sheep,10,1977
Mott The Hoople,All The Way From Memphis,2020-12-12 05:48:00,A,All,5,1973
Four Tops,"I Can't Help Myself (Sugar Pie, Honey Bunch)",2020-12-12 05:53:00,I,I,4,1974
Willie Nelson,Crazy,2020-12-12 05:57:00,C,Crazy,4,1962
Rush,Entre Nous,2020-12-12 06:01:00,E,Entre,4,1980
Beach House,Take Care,2020-12-12 06:05:00,T,Take,7,2010
The Clash,Spanish Bombs,2020-12-12 06:12:00,S,Spanish,4,1979
The Blasters,American Music,2020-12-12 06:16:00,A,American,2,1982
The Beatles,Back In The U. S. S. R.,2020-12-12 06:18:00,B,Back,4,0
Fleetwood Mac,Songbird,2020-12-12 06:22:00,S,Songbird,4,1977
Chvrches,The Mother We Share,2020-12-12 06:26:00,T,The,3,0
Paul Simon,Late In The Evening,2020-12-12 06:29:00,L,Late,4,1980
Gnarls Barkley,Crazy,2020-12-12 06:33:00,C,Crazy,5,2006
The Shins,Australia,2020-12-12 06:38:00,A,Australia,3,2007
The Who,Magic Bus,2020-12-12 06:41:00,M,Magic,4,1970
The Rolling Stones,Time Is On My Side,2020-12-12 06:45:00,T,Time,3,1964
Michael Jackson,Beat It,2020-12-12 06:48:00,B,Beat,6,1982
Low Cut Connie,Help Me,2020-12-12 06:54:00,H,Help,3,2020
Sharon Jones And The Dap-Kings,Stranger to My Happiness,2020-12-12 06:57:00,S,Stranger,4,2014
Chuck Berry,School Days,2020-12-12 07:01:00,S,School,3,1977
The Rolling Stones,Ruby Tuesday,2020-12-12 07:04:00,R,Ruby,3,1967
R. E. M.,What's The Frequency Kenneth?,2020-12-12 07:07:00,W,What's,5,1994
Dr. John,Such A Night,2020-12-12 07:12:00,S,Such,3,1973
Jefferson Airplane,Comin' Back To Me,2020-12-12 07:15:00,C,Comin',7,1967
The Stone Roses,She Bangs The Drums,2020-12-12 07:22:00,S,She,4,1989
Genesis,Abacab,2020-12-12 07:26:00,A,Abacab,6,1981
Massive Attack,Protection,2020-12-12 07:32:00,P,Protection,10,1994
The New Pornographers,Letter From An Occupant,2020-12-12 07:42:00,L,Letter,3,2000
Green Day,Jesus of Suburbia,2020-12-12 07:45:00,J,Jesus,11,2004
Dave Mason,Only You Know And I Know,2020-12-12 07:56:00,O,Only,5,1970
Vampire Weekend,Oxford Comma,2020-12-12 08:01:00,O,Oxford,3,2007
Loreena McKennitt,The Mummer's Dance,2020-12-12 08:04:00,T,The,6,1997
Elvis Presley,Can't Help Falling In Love,2020-12-12 08:10:00,C,Can't,4,1970
Radiohead,Jigsaw Falling Into Place,2020-12-12 08:14:00,J,Jigsaw,4,2007
The Police,The Bed's Too Big Without You,2020-12-12 08:18:00,T,The,6,1979
Arcade Fire,No Cars Go,2020-12-12 08:24:00,N,No,5,2003
Stevie Wonder,Joy Inside My Tears,2020-12-12 08:29:00,J,Joy,7,1976
The Doors,The Soft Parade,2020-12-12 08:36:00,T,The,10,1969
John Prine,When I Get to Heaven,2020-12-12 08:46:00,W,When,3,2018
New Order,Love Vigilantes,2020-12-12 08:49:00,L,Love,6,1985
Elton John,Empty Garden (Hey Hey Johnny),2020-12-12 08:55:00,E,Empty,5,1982
Solange,Cranes In The Sky,2020-12-12 09:00:00,C,Cranes,4,2016
Lucinda Williams,Metal Firecracker,2020-12-12 09:04:00,M,Metal,4,1998
James,Laid,2020-12-12 09:08:00,L,Laid,4,1993
Jim Croce,Time In A Bottle,2020-12-12 09:12:00,T,Time,2,1972
Prince & The Revolution,I Would Die 4 U,2020-12-12 09:14:00,I,I,3,1984
U2,A Sort Of Homecoming,2020-12-12 09:17:00,A,A,7,1984
Gordon Lightfoot,Sundown,2020-12-12 09:24:00,S,Sundown,4,1974
Jimi Hendrix,Fire,2020-12-12 09:28:00,F,Fire,2,1986
M. I. A.,Paper Planes,2020-12-12 09:30:00,P,Paper,5,0
America,Ventura Highway,2020-12-12 09:35:00,V,Ventura,3,1972
Bruce Springsteen,My City Of Ruins,2020-12-12 09:38:00,M,My,5,2001
Loggins & Messina,Angry Eyes,2020-12-12 09:43:00,A,Angry,8,1972
Crack The Sky,Ice,2020-12-12 09:51:00,I,Ice,6,1975
The Cure,In Between Days,2020-12-12 09:57:00,I,In,3,1985
Talking Heads,Born Under Punches (The Heat Goes On),2020-12-12 10:00:00,B,Born,6,1980
The Beatles,Magical Mystery Tour,2020-12-12 10:06:00,M,Magical,3,1967
The Turtles,Happy Together,2020-12-12 10:09:00,H,Happy,3,1966
Chet Baker,My Funny Valentine,2020-12-12 10:12:00,M,My,4,1992
Death Cab For Cutie,Soul Meets Body,2020-12-12 10:16:00,S,Soul,4,2005
Jeff Beck,Cause We've Ended As Lovers,2020-12-12 10:20:00,C,Cause,6,1975
Bruce Springsteen,Brilliant Disguise,2020-12-12 10:26:00,B,Brilliant,6,1987
Bob Dylan,Jokerman,2020-12-12 10:32:00,J,Jokerman,7,1983
Coldplay,The Scientist,2020-12-12 10:39:00,T,The,6,2002
Lady Gaga,Born THis Way,2020-12-12 10:45:00,B,Born,4,2011
Tom Waits,I Don't Wanna Grow Up,2020-12-12 10:49:00,I,I,3,1992
Brandi Carlile,Wherever Is Your Heart,2020-12-12 10:52:00,W,Wherever,4,2015
Beck,Lost Cause,2020-12-12 10:56:00,L,Lost,4,2002
The Buzzcocks,Why Can't I Touch It?,2020-12-12 11:00:00,W,Why,7,0
Smashing Pumpkins,Mayonaise,2020-12-12 11:07:00,M,Mayonaise,7,1993
Otis Redding,Coffee And Cigarettes,2020-12-12 11:14:00,C,Coffee,4,0
Stevie Wonder,You Haven't Done Nothin',2020-12-12 11:18:00,Y,You,3,1974
Tony Bennett,I Left My Heart In San Francisco,2020-12-12 11:21:00,I,I,5,1976
Janis Joplin,Get It While You Can,2020-12-12 11:26:00,G,Get,3,1971
Dr. Dog,That Old Black Hole,2020-12-12 11:29:00,T,That,4,2012
Donna Summer,Last Dance,2020-12-12 11:33:00,L,Last,3,1978
Brook Benton,Rainy Night In Georgia,2020-12-12 11:36:00,R,Rainy,5,1991
Fleetwood Mac,Sara,2020-12-12 11:41:00,S,Sara,4,1979
Steely Dan,Don't Take Me Alive,2020-12-12 11:45:00,D,Don't,4,1976
The Beatles,Twist & Shout,2020-12-12 11:49:00,T,Twist,4,1976
Todd Rundgren,A Dream Goes On Forever,2020-12-12 11:53:00,A,A,2,1974
Eric Clapton,Let It Grow,2020-12-12 11:55:00,L,Let,6,1974
Van Morrison,When The Leaves Come Falling Down,2020-12-12 12:01:00,W,When,6,1999
Tommy James & The Shondells,Crimson & Clover,2020-12-12 12:07:00,C,Crimson,7,1967
Sigur Ros,HoppÃ­polla,2020-12-12 12:14:00,H,HoppÃ,4,0
Robert Johnson,Cross Road Blues,2020-12-12 12:18:00,C,Cross,3,1961
The Ramones,Blitzkrieg Bop,2020-12-12 12:21:00,B,Blitzkrieg,3,1988
Keane,Somewhere Only We Know,2020-12-12 12:24:00,S,Somewhere,4,2004
Joni Mitchell,Free Man In Paris,2020-12-12 12:28:00,F,Free,3,1974
INXS,Never Tear Us Apart,2020-12-12 12:31:00,N,Never,3,1987
Heart,Crazy On You,2020-12-12 12:34:00,C,Crazy,7,1975
Glen Hansard & Marketa Irglova,Falling Slowly,2020-12-12 12:41:00,F,Falling,4,2006
Dan Fogelberg,Same Old Lang Syne,2020-12-12 12:45:00,S,Same,5,1981
Chicago,Make Me Smile,2020-12-12 12:50:00,M,Make,5,1970
The Beatles,I've Just Seen A Face,2020-12-12 12:55:00,I,I've,2,1965
Patsy Cline,She's Got You,2020-12-12 12:57:00,S,She's,3,1963
Dusty Springfield,Son Of A Preacher Man,2020-12-12 13:00:00,S,Son,3,1979
War,All Day Music,2020-12-12 13:03:00,A,All,4,1971
Counting Crows,Mrs. Potter's Lullaby,2020-12-12 13:07:00,M,Mrs,10,1999
Simon & Garfunkel,Bookends Theme,2020-12-12 13:17:00,B,Bookends,1,1968
The Eagles,Ol' 55,2020-12-12 13:18:00,O,Ol',4,0
Sly & The Family Stone,Family Affair,2020-12-12 13:22:00,F,Family,4,1991
Sam Cooke,Twistin' The Night Away,2020-12-12 13:26:00,T,Twistin',3,1962
The Rolling Stones,Torn And Frayed,2020-12-12 13:29:00,T,Torn,4,1972
Bronski Beat,Smalltown Boy,2020-12-12 13:33:00,S,Smalltown,6,1995
Joe Walsh,Welcome To The Club,2020-12-12 13:39:00,W,Welcome,6,1974
Kurt Vile,Wakin' On A Pretty Day,2020-12-12 13:45:00,W,Wakin',11,2013
David Essex,Rock On,2020-12-12 13:56:00,R,Rock,4,1973
The Velvet Underground,All Tomorrow's Parties,2020-12-12 14:00:00,A,All,6,1966
Hall & Oates,Rich Girl,2020-12-12 14:06:00,R,Rich,2,1978
Tame Impala,Elephant,2020-12-12 14:08:00,E,Elephant,4,2012
Richard Thompson,Tear Stained Letter,2020-12-12 14:12:00,T,Tear,7,1983
The Dells,There Is,2020-12-12 14:19:00,T,There,3,1968
Natalie Merchant,Ophelia,2020-12-12 14:22:00,O,Ophelia,5,1998
Nathaniel Rateliff,And It's Still Alright,2020-12-12 14:27:00,A,And,6,2020
Game Theory,24,2020-12-12 14:33:00,2,24,2,1985
Radiohead,Airbag,2020-12-12 14:35:00,A,Airbag,8,1997
Paul Simon,Under African Skies,2020-12-12 14:43:00,U,Under,3,1986
Circus Maximus,Wind,2020-12-12 14:46:00,W,Wind,11,1967
Levon Helm,When I Go Away,2020-12-12 14:57:00,W,When,5,2009
The Blue Nile,Tinseltown In The Rain,2020-12-12 15:02:00,T,Tinseltown,6,1984
Humble Pie,30 Days In The Hole,2020-12-12 15:08:00,3,30,5,1972
Van Halen,Jump,2020-12-12 15:13:00,J,Jump,4,1983
David Bowie,Modern Love,2020-12-12 15:17:00,M,Modern,4,1983
John Lennon,Beautiful Boy (Darling Boy),2020-12-12 15:21:00,B,Beautiful,4,1980
U2,40,2020-12-12 15:25:00,4,40,3,1980
Elton John,Bennie and the Jets,2020-12-12 15:28:00,B,Bennie,6,1976
Counting Crows,Rain King,2020-12-12 15:34:00,R,Rain,4,1993
Bruce Springsteen,Girls In Their Summer Clothes,2020-12-12 15:38:00,G,Girls,7,2007
Prince,Kiss,2020-12-12 15:45:00,K,Kiss,3,1986
Supertramp,School,2020-12-12 15:48:00,S,School,7,1974
The Smiths,The Headmaster Ritual,2020-12-12 15:55:00,T,The,5,1985
TV On The Radio,Wolf Like Me,2020-12-12 16:00:00,W,Wolf,5,2001
The Clash,Police On My Back,2020-12-12 16:05:00,P,Police,3,1980
Phillip Bailey,Easy Lover,2020-12-12 16:08:00,E,Easy,7,0
Bob Dylan,You're A Big Girl Now,2020-12-12 16:15:00,Y,You're,4,1975
Stevie Wonder,All Is Fair In Love,2020-12-12 16:19:00,A,All,4,0
Roxy Music,If There Is Something,2020-12-12 16:23:00,I,If,8,1972
Joan Osborne,What Becomes Of The Brokenhearted,2020-12-12 16:31:00,W,What,4,2002
Kurt Vile,Pretty Pimpin',2020-12-12 16:35:00,P,Pretty,6,2015
The Beach Boys,I Just Wasn't Made For These Times,2020-12-12 16:41:00,I,I,3,1966
Pearl Jam,Elderly Woman Behind The Counter In A Small Town,2020-12-12 16:44:00,E,Elderly,3,1994
Joe Jackson,It's Different For Girls,2020-12-12 16:47:00,I,It's,5,1979
My Morning Jacket,Steam Engine,2020-12-12 16:52:00,S,Steam,8,2003
Johnny Cash,Sunday Morning Coming Down,2020-12-12 17:00:00,S,Sunday,4,1971
John Mayall,Room To Move,2020-12-12 17:04:00,R,Room,5,1969
Metallica,Creeping Death,2020-12-12 17:09:00,C,Creeping,9,1984
Roy Orbison,In Dreams,2020-12-12 17:18:00,I,In,2,1980
Buffalo Springfield,Expecting to Fly,2020-12-12 17:20:00,E,Expecting,4,1967
Emerson Lake & Palmer,From The Beginning,2020-12-12 17:24:00,F,From,5,1972
The Who,I'm Free,2020-12-12 17:29:00,I,I'm,3,1975
Guns n Roses,Paradise City,2020-12-12 17:32:00,P,Paradise,7,1987
Linda Ronstadt,You're No Good,2020-12-12 17:39:00,Y,You're,5,1974
The Kinks,All Day And All Of The Night,2020-12-12 17:44:00,A,All,2,1965
Johnny Mathis,Misty,2020-12-12 17:46:00,M,Misty,4,1972
Portishead,Sour Times,2020-12-12 17:50:00,S,Sour,6,1994
The Hooters,And We Danced,2020-12-12 17:56:00,A,And,5,1987
Gordon Lightfoot,If You Could Read My Mind,2020-12-12 18:01:00,I,If,4,1970
Whitney Houston,I Wanna Dance with Somebody (Who Loves Me),2020-12-12 18:05:00,I,I,4,1987
Robert Palmer,Every Kind Of People,2020-12-12 18:09:00,E,Every,7,1994
Radiohead,No Surprises,2020-12-12 18:16:00,N,No,3,1997
Marvin Gaye,Sexual Healing,2020-12-12 18:19:00,S,Sexual,4,1982
Johnny Cash & June Carter Cash,Jackson,2020-12-12 18:23:00,J,Jackson,5,2002
John Prine,In Spite Of Ourselves (ft. Iris Dement),2020-12-12 18:28:00,I,In,3,0
Green Day,When I Come Around,2020-12-12 18:31:00,W,When,3,1994
Crosby Stills Nash & Young,Woodstock,2020-12-12 18:34:00,W,Woodstock,4,1970
Bruce Cockburn,Last Night Of The World,2020-12-12 18:38:00,L,Last,5,1999
U2,Red Hill Mining Town,2020-12-12 18:43:00,R,Red,5,1987
Blondie,One Way Or Another,2020-12-12 18:48:00,O,One,4,1978
Steely Dan,Dirty Work,2020-12-12 18:52:00,D,Dirty,4,1972
Matthew Sweet,Sick Of Myself,2020-12-12 18:56:00,S,Sick,4,1995
Counting Crows,Mr. Jones,2020-12-12 19:00:00,M,Mr,5,1993
Jerry Garcia,BIRD SONG,2020-12-12 19:05:00,B,BIRD,6,1972
David Bowie,TVC15,2020-12-12 19:11:00,T,TVC15,6,1980
Kathleen Edwards,Asking For Flowers,2020-12-12 19:17:00,A,Asking,4,2008
Drive-By Truckers,Decoration Day,2020-12-12 19:21:00,D,Decoration,9,2003
The Kingsmen,Louie Louie,2020-12-12 19:30:00,L,Louie,2,1963
Roxy Music,Dance Away,2020-12-12 19:32:00,D,Dance,4,1979
Fats Domino,I'm Ready,2020-12-12 19:36:00,I,I'm,3,1959
Patsy Cline,Sweet Dreams (Of You),2020-12-12 19:39:00,S,Sweet,3,1963
Miles Davis,Flamenco Sketches,2020-12-12 19:42:00,F,Flamenco,11,1959
Gregg Allman,Multi-Colored Lady,2020-12-12 19:53:00,M,Multi-Colored,6,1973
Sylvan Esso,Coffee,2020-12-12 19:59:00,C,Coffee,3,2014
R. E. M.,Superman,2020-12-12 20:02:00,S,Superman,3,1986
Phish,Tweezer,2020-12-12 20:05:00,T,Tweezer,11,2002
A Flock Of Seagulls,Wishing (I Had A Photograph Of You),2020-12-12 20:16:00,W,Wishing,4,1983
Bruce Springsteen,Highway Patrolman,2020-12-12 20:20:00,H,Highway,7,1982
My Morning Jacket,Dondante,2020-12-12 20:27:00,D,Dondante,7,2005
Mary Chapin Carpenter,Down At The Twist & Shout,2020-12-12 20:34:00,D,Down,4,1990
Steely Dan,FM,2020-12-12 20:38:00,F,FM,6,1972
Tower Of Power,What Is Hip,2020-12-12 20:44:00,W,What,5,1973
John Hiatt,Real Fine Love,2020-12-12 20:49:00,R,Real,6,1990
Otis Redding,Change Gonna Come,2020-12-12 20:55:00,C,Change,5,1965
Laura Marling,Held Down,2020-12-12 21:00:00,H,Held,4,2020
Crosby Stills Nash & Young,Helpless,2020-12-12 21:04:00,H,Helpless,3,1970
Tim Moore,Second Avenue,2020-12-12 21:07:00,S,Second,6,1997
Jethro Tull,Locomotive Breath,2020-12-12 21:13:00,L,Locomotive,4,1978
Joni Mitchell,For Free,2020-12-12 21:17:00,F,For,5,1970
Dawes,Time Spent In Los Angeles,2020-12-12 21:22:00,T,Time,4,2011
Willie Nelson,Stardust,2020-12-12 21:26:00,S,Stardust,6,1978
Supertramp,Take The Long Way Home,2020-12-12 21:32:00,T,Take,5,1979
The National,Fake Empire,2020-12-12 21:37:00,F,Fake,4,2007
Jimmy Cliff,Sitting In Limbo,2020-12-12 21:41:00,S,Sitting,5,1971
Crosby Stills & Nash,Cathedral,2020-12-12 21:46:00,C,Cathedral,6,1977
Led Zeppelin,How Many More Times,2020-12-12 21:52:00,H,How,9,1969
Patsy Cline,Walkin' After Midnight,2020-12-12 22:01:00,W,Walkin',2,1961
Muddy Waters,Got My Mojo Working,2020-12-12 22:03:00,G,Got,4,1983
Crosby Stills Nash & Young,Carry On,2020-12-12 22:07:00,C,Carry,4,1970
Jackson Browne,Your Bright Baby Blues,2020-12-12 22:11:00,Y,Your,8,1976
Eric Clapton,The Core,2020-12-12 22:19:00,T,The,8,1977
The Doobie Brothers,Listen To The Music,2020-12-12 22:27:00,L,Listen,5,1972
Bob Dylan,Blind Willie McTell,2020-12-12 22:32:00,B,Blind,7,1991
The Breeders,Cannonball,2020-12-12 22:39:00,C,Cannonball,3,1993
John Coltrane,Giant Steps,2020-12-12 22:42:00,G,Giant,4,1960
Dr. Dog,Shadow People,2020-12-12 22:46:00,S,Shadow,6,2010
Fleetwood Mac,Oh Well,2020-12-12 22:52:00,O,Oh,9,1972
The Cult,She Sells Sanctuary,2020-12-12 23:01:00,S,She,5,1985
Earth Wind & Fire,Fantasy,2020-12-12 23:06:00,F,Fantasy,6,1988
Billy Joel,Goodnight Saigon,2020-12-12 23:12:00,G,Goodnight,5,1982
Elvis Costello,(Angels Want To Wear My) Red Shoes,2020-12-12 23:17:00,(,(,3,0
Black Sabbath,Paranoid,2020-12-12 23:20:00,P,Paranoid,3,1980
Bruce Springsteen,Prove It All Night,2020-12-12 23:23:00,P,Prove,4,1978
The Pixies,Gigantic,2020-12-12 23:27:00,G,Gigantic,3,0
Blur,Song 2,2020-12-12 23:30:00,S,Song,4,1997
The Isley Brothers,This Old Heart Of Mine (Is Weak For You),2020-12-12 23:34:00,T,This,3,1969
Derek & The Dominos,Little Wing,2020-12-12 23:37:00,L,Little,5,1970
Jefferson Starship,Miracles,2020-12-12 23:42:00,M,Miracles,4,1975
The Rolling Stones,Hand Of Fate,2020-12-12 23:46:00,H,Hand,5,1976
Procol Harum,Conquistador,2020-12-12 23:51:00,C,Conquistador,5,1972
New Order,True Faith,2020-12-12 23:56:00,T,True,4,1987
Bob Dylan,Ballad Of A Thin Man,2020-12-13 00:00:00,B,Ballad,6,1965
Bo Diddley,Bo Diddley,2020-12-13 00:06:00,B,Bo,3,1955
The Who,I Can See For Miles,2020-12-13 00:09:00,I,I,5,1968
The War On Drugs,Red Eyes,2020-12-13 00:14:00,R,Red,4,2014
The Supremes,You Can't Hurry Love,2020-12-13 00:18:00,Y,You,3,1977
Steve Winwood,Higher Love,2020-12-13 00:21:00,H,Higher,6,1991
Steely Dan,The Royal Scam,2020-12-13 00:27:00,T,The,6,1975
Paul Simon,Me And Julio Down By The Schoolyard,2020-12-13 00:33:00,M,Me,3,1972
Outkast,B.O.B. (Bombs Over Baghdad),2020-12-13 00:36:00,B,B,6,2000
Midnight Oil,Beds Are Burning,2020-12-13 00:42:00,B,Beds,4,1987
Mel Carter,"Hold Me, Thrill Me, Kiss Me",2020-12-13 00:46:00,H,Hold,2,1965
The Lovin' Spoonful,Do You Believe In Magic?,2020-12-13 00:48:00,D,Do,4,1965
The Beatles,I Want You (She's So Heavy),2020-12-13 00:52:00,I,I,8,1969
Thunderclap Newman,Something In The Air,2020-12-13 01:00:00,S,Something,4,1970
The Replacements,Unsatisfied,2020-12-13 01:04:00,U,Unsatisfied,4,1984
Lake Street Dive,Bad Self Portraits,2020-12-13 01:08:00,B,Bad,5,2014
Grateful Dead,Bertha,2020-12-13 01:13:00,B,Bertha,6,1995
The Left Banke,Pretty Ballerina,2020-12-13 01:19:00,P,Pretty,2,1966
Frank Sinatra,"Theme From New York, New York",2020-12-13 01:21:00,T,Theme,4,1980
David Bowie,Sound And Vision,2020-12-13 01:25:00,S,Sound,3,1971
XTC,Mayor Of Simpleton,2020-12-13 01:28:00,M,Mayor,5,1984
Tom Waits,Grapefruit Moon,2020-12-13 01:33:00,G,Grapefruit,5,1973
The Raspberries,Go All The Way,2020-12-13 01:38:00,G,Go,3,1972
The Raspberries,Overnight Sensation (Hit Record),2020-12-13 01:41:00,O,Overnight,6,1991
LP,Lost On You,2020-12-13 01:47:00,L,Lost,5,2016
Leonard Cohen,Dance Me To The End Of Love,2020-12-13 01:52:00,D,Dance,4,1984
Joy Division,Transmission,2020-12-13 01:56:00,T,Transmission,4,1981
Isaac Hayes,Walk On By,2020-12-13 02:00:00,W,Walk,12,1969
The Highwomen,Crowded Table,2020-12-13 02:12:00,C,Crowded,5,2019
Dr. Dre,"Nuthin' But A ""G"" Thang",2020-12-13 02:17:00,N,Nuthin',4,1992
The Bobby Fuller Four,Let Her Dance,2020-12-13 02:21:00,L,Let,3,1965
The Beatles,I Don't Want To Spoil The Party,2020-12-13 02:24:00,I,I,2,1964
The Rolling Stones,Doo Doo Doo Doo Doo (Heartbreaker),2020-12-13 02:26:00,D,Doo,4,1973
Lucinda Williams,Sweet Old World,2020-12-13 02:30:00,S,Sweet,4,1992
The Who,Substitute,2020-12-13 02:34:00,S,Substitute,5,1975
The Beach Boys,Feel Flows,2020-12-13 02:39:00,F,Feel,5,1971
The Cars,Drive,2020-12-13 02:44:00,D,Drive,4,1991
Bob Marley & The Wailers,Trenchtown Rock,2020-12-13 02:48:00,T,Trenchtown,4,1988
The Eagles,The Last Resort,2020-12-13 02:52:00,T,The,9,0
Paul Simon,The Boy In The Bubble,2020-12-13 03:01:00,T,The,4,1986
Creedence Clearwater Revival,I Heard It Through The Grapevine,2020-12-13 03:05:00,I,I,11,1970
Bright Eyes,First Day Of My Life,2020-12-13 03:16:00,F,First,3,2004
The Bobby Fuller Four,I Fought The Law,2020-12-13 03:19:00,I,I,3,1965
Kraftwerk,Autobahn,2020-12-13 03:22:00,A,Autobahn,24,1974
Lucinda Williams,Changed The Locks,2020-12-13 03:46:00,C,Changed,4,1988
Pink Floyd,One Of These Days,2020-12-13 03:50:00,O,One,6,1971
Wilco,Heavy Metal Drummer,2020-12-13 03:56:00,H,Heavy,4,2002
Bob Dylan,Just Like Tom Thumb's Blues,2020-12-13 04:00:00,J,Just,5,1965
The Beatles,Octopus's Garden,2020-12-13 04:05:00,O,Octopus's,3,1969
Pink Floyd,Money,2020-12-13 04:08:00,M,Money,6,1973
The Beatles,With A Little Help From My Friends,2020-12-13 04:14:00,W,With,4,1967
The Beach Boys,Darlin',2020-12-13 04:18:00,D,Darlin',2,1967
The Beatles,Day Tripper,2020-12-13 04:20:00,D,Day,3,1965
Steely Dan,Any Major Dude Will Tell You,2020-12-13 04:23:00,A,Any,3,1974
Elvis Presley,Burning Love,2020-12-13 04:26:00,B,Burning,4,1973
Rage Against The Machine,Killing In The Name,2020-12-13 04:30:00,K,Killing,4,1991
NRBQ,Ridin' In My Car,2020-12-13 04:34:00,R,Ridin',3,1977
Radiohead,Weird Fishes/Arpeggi,2020-12-13 04:37:00,W,Weird,6,2007
The New Pornographers,The Bleeding Heart Show,2020-12-13 04:43:00,T,The,4,2005
a-ha,Take On Me,2020-12-13 04:47:00,T,Take,5,1985
Elton John,Come Down In Time,2020-12-13 04:52:00,C,Come,3,1970
Steely Dan,Doctor Wu,2020-12-13 04:55:00,D,Doctor,5,1975
Weather Report,Birdland,2020-12-13 05:00:00,B,Birdland,6,1979
The Rolling Stones,2000 Light Years From Home,2020-12-13 05:06:00,2,2000,6,1967
Quicksilver Messenger Service,Fresh Air,2020-12-13 05:12:00,F,Fresh,5,1970
The Pretenders,Middle Of The Road,2020-12-13 05:17:00,M,Middle,4,1983
Neil Young,Only Love Can Break Your Heart,2020-12-13 05:21:00,O,Only,4,1969
The Killers,When You Were Young,2020-12-13 05:25:00,W,When,3,2006
Jason Isbell,24 Frames,2020-12-13 05:28:00,2,24,5,2015
Gary Jules,Mad World,2020-12-13 05:33:00,M,Mad,3,2001
Echo & The Bunnymen,The Killing Moon,2020-12-13 05:36:00,T,The,6,1983
The Crystals,Then He Kissed Me,2020-12-13 05:42:00,T,Then,3,1989
Chuck Prophet,Summertime Thing,2020-12-13 05:45:00,S,Summertime,5,2002
Bruce Springsteen,Tunnel Of Love,2020-12-13 05:50:00,T,Tunnel,5,1987
Talking Heads,Take Me To The River,2020-12-13 05:55:00,T,Take,5,1978
Willie Nelson,Blue Eyes Crying In The Rain,2020-12-13 06:00:00,B,Blue,3,1990
Bruce Cockburn,Pacing The Cage,2020-12-13 06:03:00,P,Pacing,4,1996
Arlo Guthrie,City Of New Orleans,2020-12-13 06:07:00,C,City,6,1973
Simon & Garfunkel,Mrs. Robinson,2020-12-13 06:13:00,M,Mrs,4,1968
The Mamas & The Papas,California Dreamin',2020-12-13 06:17:00,C,California,3,1983
T Rex,Life Is Strange,2020-12-13 06:20:00,L,Life,2,1973
The Platters,The Great Pretender,2020-12-13 06:22:00,T,The,5,1972
The Kinks,Catch Me Now I'm Falling,2020-12-13 06:27:00,C,Catch,5,1979
Jackson Browne,You Love The Thunder,2020-12-13 06:32:00,Y,You,6,1977
Free,All Right Now,2020-12-13 06:38:00,A,All,5,1971
The Cure,Boys Don't Cry,2020-12-13 06:43:00,B,Boys,3,1986
Black Pumas,Black Moon Rising,2020-12-13 06:46:00,B,Black,4,2018
Van Morrison,Jackie Wilson Said (I'm In Heaven When You Smile),2020-12-13 06:50:00,J,Jackie,4,1972
Patsy Cline,I Fall To Pieces,2020-12-13 06:54:00,I,I,3,1987
Mayer Hawthorne,Just Ain't Gonna Work Out,2020-12-13 06:57:00,J,Just,3,2008
The Thompson Twins,Hold Me Now,2020-12-13 07:00:00,H,Hold,4,1992
Billie Holiday,God Bless The Child,2020-12-13 07:04:00,G,God,6,1950
Richie Havens,Freedom,2020-12-13 07:10:00,F,Freedom,6,1970
Elvis Presley,In The Ghetto,2020-12-13 07:16:00,I,In,4,1970
The Rolling Stones,Street Fighting Man,2020-12-13 07:20:00,S,Street,3,1977
The Rolling Stones,Waiting On A Friend,2020-12-13 07:23:00,W,Waiting,5,1981
Nina Simone,I Put A Spell On You,2020-12-13 07:28:00,I,I,2,1965
Tori Amos,Cornflake Girl,2020-12-13 07:30:00,C,Cornflake,6,1994
Chris Isaak,Wicked Game,2020-12-13 07:36:00,W,Wicked,4,1985
The Monkees,Randy Scouse Git,2020-12-13 07:40:00,R,Randy,3,1967
Spoon,The Underdog,2020-12-13 07:43:00,T,The,4,2007
Dolly Parton,Coat of Many Colors,2020-12-13 07:47:00,C,Coat,4,1971
Erykah Badu,On & On,2020-12-13 07:51:00,O,On,4,1997
The Avett Brothers,Laundry Room,2020-12-13 07:55:00,L,Laundry,5,2009
Jackson Browne,The Load Out / Stay,2020-12-13 08:00:00,T,The,9,1987
Buddy Holly,Not Fade Away,2020-12-13 08:09:00,N,Not,4,1971
David Bowie,Blackstar,2020-12-13 08:13:00,B,Blackstar,10,2015
The Clash,The Guns Of Brixton,2020-12-13 08:23:00,T,The,5,1979
Funkadelic,One Nation Under A Groove,2020-12-13 08:28:00,O,One,7,1978
Robin Trower,Bridge Of Sighs,2020-12-13 08:35:00,B,Bridge,7,1974
Radiohead,Reckoner,2020-12-13 08:42:00,R,Reckoner,5,2007
The Beatles,Eight Days A Week,2020-12-13 08:47:00,E,Eight,2,1964
Simon & Garfunkel,Kathy's Song,2020-12-13 08:49:00,K,Kathy's,5,1966
The Kinks,Better Things,2020-12-13 08:54:00,B,Better,3,1981
The Spencer Davis Group,Gimme Some Lovin',2020-12-13 08:57:00,G,Gimme,3,1976
Warren Zevon,The French Inhaler,2020-12-13 09:00:00,T,The,4,1976
The Velvet Underground,Oh Sweet Nuthin',2020-12-13 09:04:00,O,Oh,9,1970
John Coltrane,Blue Train,2020-12-13 09:13:00,B,Blue,13,1978
Aretha Franklin,Chain Of Fools,2020-12-13 09:26:00,C,Chain,2,1967
The Smiths,Heaven Knows I'm Miserable Now,2020-12-13 09:28:00,H,Heaven,4,1984
Four Tops,Reach Out I'll Be There,2020-12-13 09:32:00,R,Reach,3,1968
Paul McCartney & Wings,Band On The Run,2020-12-13 09:35:00,B,Band,6,1973
The Notorious B. I. G,Juicy,2020-12-13 09:41:00,J,Juicy,5,0
EDITH PIAF,"Non, je ne regrette rien",2020-12-13 09:46:00,N,Non,4,1989
Bruce Springsteen,Land of Hope And Dreams,2020-12-13 09:50:00,L,Land,7,2012
Thelonious Monk,Round Midnight,2020-12-13 09:57:00,R,Round,3,1957
Wilco,Via Chicago,2020-12-13 10:00:00,V,Via,6,1999
Santana,Oye Como Va,2020-12-13 10:06:00,O,Oye,5,1983
Neko Case,"Hold On, Hold On",2020-12-13 10:11:00,H,Hold,3,2006
Laura Nyro,Save The Country,2020-12-13 10:14:00,S,Save,4,1969
Elton John,Border Song,2020-12-13 10:18:00,B,Border,5,1970
Pearl Jam,Daughter,2020-12-13 10:23:00,D,Daughter,4,1994
Nick Drake,Northern Sky,2020-12-13 10:27:00,N,Northern,3,1970
Mark Ronson feat. Amy Winehouse,Valerie,2020-12-13 10:30:00,V,Valerie,4,2007
Joni Mitchell,Court & Spark,2020-12-13 10:34:00,C,Court,3,1974
Kanye West,Touch The Sky,2020-12-13 10:37:00,T,Touch,5,2005
Al Green,Tired Of Being Alone,2020-12-13 10:42:00,T,Tired,3,1971
Linda Ronstadt & The Stone Poneys,Different Drum,2020-12-13 10:45:00,D,Different,3,0
Strawberry Alarm Clock,Incense And Peppermints,2020-12-13 10:48:00,I,Incense,3,1967
Dire Straits,So Far Away,2020-12-13 10:51:00,S,So,7,1982
John Prine,I Remember Everything,2020-12-13 10:58:00,I,I,4,2020
Steely Dan,Do It Again,2020-12-13 11:02:00,D,Do,5,1972
Soft Cell,Tainted Love,2020-12-13 11:07:00,T,Tainted,3,1993
Blondie,Call Me,2020-12-13 11:10:00,C,Call,9,1986
Genesis,Cinema Show,2020-12-13 11:19:00,C,Cinema,12,1973
The Kinks,Sunny Afternoon,2020-12-13 11:31:00,S,Sunny,4,1967
Emmylou Harris,Red Dirt Girl,2020-12-13 11:35:00,R,Red,4,2000
Joe Jackson,Steppin Out,2020-12-13 11:39:00,S,Steppin,5,1983
Elton John,Love Song,2020-12-13 11:44:00,L,Love,3,1970
The Beatles,I Will,2020-12-13 11:47:00,I,I,2,1968
Led Zeppelin,Tangerine,2020-12-13 11:49:00,T,Tangerine,5,1970
Roy Orbison,"Oh, Pretty Woman",2020-12-13 11:54:00,O,Oh,2,1972
Eric Clapton,Wonderful Tonight,2020-12-13 11:56:00,W,Wonderful,5,1980
The Meters,It Ain't No Use,2020-12-13 12:01:00,I,It,12,1974
Low Cut Connie,Private Lives,2020-12-13 12:13:00,P,Private,6,2020
Neil Young,Sugar Mountain,2020-12-13 12:19:00,S,Sugar,5,1969
Mumford & Sons,Little Lion Man,2020-12-13 12:24:00,L,Little,4,2008
Bruce Springsteen,For You,2020-12-13 12:28:00,F,For,6,1973
The Rolling Stones,Start Me Up,2020-12-13 12:34:00,S,Start,3,1991
Talking Heads,(Nothing But) Flowers,2020-12-13 12:37:00,(,(,7,1988
David Bowie,China Girl,2020-12-13 12:44:00,C,China,4,1983
The Pretenders,I'll Stand by You,2020-12-13 12:48:00,I,I'll,4,1994
Creedence Clearwater Revival,Bad Moon Rising,2020-12-13 12:52:00,B,Bad,3,1975
Robert Palmer,Addicted To Love,2020-12-13 12:55:00,A,Addicted,5,1993
Bob Marley & The Wailers,One Love / People Get Ready,2020-12-13 13:00:00,O,One,3,1977
Fleetwood Mac,Tusk,2020-12-13 13:03:00,T,Tusk,3,1979
David Bowie,Fame,2020-12-13 13:06:00,F,Fame,5,1975
Beck,Loser,2020-12-13 13:11:00,L,Loser,4,1993
Arcade Fire,Ready To Start,2020-12-13 13:15:00,R,Ready,4,2010
Arcade Fire,Neighborhood #1 (tunnels),2020-12-13 13:19:00,N,Neighborhood,6,2004
Led Zeppelin,Heartbreaker,2020-12-13 13:25:00,H,Heartbreaker,5,1969
The Five Stairsteps,O-O-H Child,2020-12-13 13:30:00,O,O-O-H,3,1970
Grateful Dead,Brokedown Palace,2020-12-13 13:33:00,B,Brokedown,4,1970
Hot Tuna,Water Song,2020-12-13 13:37:00,W,Water,7,1972
Led Zeppelin,Battle Of Evermore,2020-12-13 13:44:00,B,Battle,5,1971
Badfinger,Day After Day,2020-12-13 13:49:00,D,Day,4,1971
The Beatles,Fixing A Hole,2020-12-13 13:53:00,F,Fixing,4,1967
Dion,The Wanderer,2020-12-13 13:57:00,T,The,3,1987
Genesis,Watcher Of The Skies,2020-12-13 14:00:00,W,Watcher,8,1972
Bobby Womack,Across 110th Street,2020-12-13 14:08:00,A,Across,5,1972
Grateful Dead,Throwing Stones,2020-12-13 14:13:00,T,Throwing,7,1987
The Postal Service,Such Great Heights,2020-12-13 14:20:00,S,Such,6,2003
Prince,Controversy,2020-12-13 14:26:00,C,Controversy,4,1981
Bob Dylan,Isis,2020-12-13 14:30:00,I,Isis,6,1976
The Band,King Harvest,2020-12-13 14:36:00,K,King,5,1969
London Symphony Orchestra,"Symphony No.9 In D Minor, Op. 125 ""Choral"": Ode to Joy",2020-12-13 14:41:00,S,Symphony,5,0
John Prine,Lake Marie,2020-12-13 14:46:00,L,Lake,6,1995
Janelle Monae,Make Me Feel,2020-12-13 14:52:00,M,Make,4,2018
Dobie Gray,Drift Away,2020-12-13 14:56:00,D,Drift,4,1987
Elvis Costello,Beyond Belief,2020-12-13 15:00:00,B,Beyond,3,1982
Led Zeppelin,Misty Mountain Hop,2020-12-13 15:03:00,M,Misty,5,1971
Funkadelic,Maggot Brain,2020-12-13 15:08:00,M,Maggot,11,1971
The Alan Parsons Project,Eye In The Sky,2020-12-13 15:19:00,E,Eye,5,1982
The Moody Blues,Tuesday Afternoon,2020-12-13 15:24:00,T,Tuesday,4,1968
The Beatles,Ticket To Ride,2020-12-13 15:28:00,T,Ticket,5,1965
The Clash,Lost In The Supermarket,2020-12-13 15:33:00,L,Lost,3,1979
Led Zeppelin,The Rover,2020-12-13 15:36:00,T,The,8,1975
Herbie Hancock,Chameleon,2020-12-13 15:44:00,C,Chameleon,16,1973
Warren Zevon,Roland The Headless Thompson Gunner,2020-12-13 16:00:00,R,Roland,4,1978
U2,Running To Stand Still,2020-12-13 16:04:00,R,Running,4,1987
Strawbs,Lay Down,2020-12-13 16:08:00,L,Lay,7,1973
Peter Gabriel,Games Without Frontiers,2020-12-13 16:15:00,G,Games,4,1980
Jim Croce,Operator,2020-12-13 16:19:00,O,Operator,3,1972
Frank Sinatra,That's Life,2020-12-13 16:22:00,T,That's,4,1966
Jason Isbell,Relatively Easy,2020-12-13 16:26:00,R,Relatively,5,2013
Dr. John,Right Place Wrong Time,2020-12-13 16:31:00,R,Right,3,1973
Courtney Barnett,Avant Gardener,2020-12-13 16:34:00,A,Avant,5,2013
Devon Gilfillian,The Good Life,2020-12-13 16:39:00,T,The,5,2020
Chris Bell,I Am The Cosmos,2020-12-13 16:44:00,I,I,4,1978
Boston,Peace of Mind,2020-12-13 16:48:00,P,Peace,5,1976
Billy Joel,You're My Home,2020-12-13 16:53:00,Y,You're,4,1973
Cocteau Twins,Carolyn's Fingers,2020-12-13 16:57:00,C,Carolyn's,3,1988
Jimi Hendrix,Bold As Love,2020-12-13 17:00:00,B,Bold,5,1967
The Notorious B. I. G,Hypnotize,2020-12-13 17:05:00,H,Hypnotize,5,0
Genesis,The Carpet Crawlers,2020-12-13 17:10:00,T,The,5,1974
The Clash,Know Your Rights,2020-12-13 17:15:00,K,Know,4,1982
Nine Inch Nails,Closer,2020-12-13 17:19:00,C,Closer,6,1994
War,Low Rider,2020-12-13 17:25:00,L,Low,4,1976
The Youngbloods,Get Together,2020-12-13 17:29:00,G,Get,5,1971
The Rolling Stones,It's Only Rock'n Roll (But I Like It),2020-12-13 17:34:00,I,It's,5,0
Stevie Wonder,Ribbon In The Sky,2020-12-13 17:39:00,R,Ribbon,6,1982
Son Volt,Windfall,2020-12-13 17:45:00,W,Windfall,3,1995
Neil Young & Crazy Horse,Thraser,2020-12-13 17:48:00,T,Thraser,7,0
Mary Hopkin,Those Were The Days,2020-12-13 17:55:00,T,Those,6,1984
Metallica,One,2020-12-13 18:01:00,O,One,7,1997
Dire Straits,Skateaway,2020-12-13 18:08:00,S,Skateaway,8,1980
David Bowie,Wild Is The Wind,2020-12-13 18:16:00,W,Wild,6,1976
The Box Tops,The Letter,2020-12-13 18:22:00,T,The,2,1967
The Beatles,Hey Bulldog,2020-12-13 18:24:00,H,Hey,3,1969
? & The Mysterians,96 Tears,2020-12-13 18:27:00,9,96,5,1966
Wilco,Handshake Drugs,2020-12-13 18:32:00,H,Handshake,6,2002
Van Morrison,Sweet Thing,2020-12-13 18:38:00,S,Sweet,5,1968
Peter Gabriel,Biko,2020-12-13 18:43:00,B,Biko,7,1980
Built To Spill,Carry The Zero,2020-12-13 18:50:00,C,Carry,7,1998
The Ramones,Sheena Is A Punk Rocker,2020-12-13 18:57:00,S,Sheena,3,1977
The Eagles,Take It To The Limit,2020-12-13 19:00:00,T,Take,5,0
The Clash,Clampdown,2020-12-13 19:05:00,C,Clampdown,4,1979
The Doors,Peace Frog,2020-12-13 19:09:00,P,Peace,5,1970
Van Morrison,Days Like This,2020-12-13 19:14:00,D,Days,3,1995
U2,In God's Country,2020-12-13 19:17:00,I,In,3,1987
Steely Dan,Black Cow,2020-12-13 19:20:00,B,Black,6,1977
Stevie Wonder,Knocks Me Off My Feet,2020-12-13 19:26:00,K,Knocks,4,1976
Prince,I Wanna Be Your Lover,2020-12-13 19:30:00,I,I,2,1978
The Moody Blues,Question,2020-12-13 19:32:00,Q,Question,7,1970
Lucinda Williams,Right In Time,2020-12-13 19:39:00,R,Right,5,1998
Four Tops,Bernadette,2020-12-13 19:44:00,B,Bernadette,3,1968
Foghat,Slow Ride,2020-12-13 19:47:00,S,Slow,9,1975
Faces,Stay With Me,2020-12-13 19:56:00,S,Stay,5,1973
The Who,Eminence Front,2020-12-13 20:01:00,E,Eminence,5,1982
Stevie Nicks,Edge Of Seventeen,2020-12-13 20:06:00,E,Edge,7,1981
Steely Dan,Bodhisattva,2020-12-13 20:13:00,B,Bodhisattva,5,1973
Sparks,This Town Ain't Big Enough For The Both Of Us,2020-12-13 20:18:00,T,This,3,1974
Southside Johnny & The Asbury Jukes,I Don't Want To Go Home,2020-12-13 20:21:00,I,I,5,1976
Smokey Robinson & The Miracles,The Tracks Of My Tears,2020-12-13 20:26:00,T,The,3,1983
The Replacements,I Will Dare,2020-12-13 20:29:00,I,I,4,1983
Nirvana,Lithium,2020-12-13 20:33:00,L,Lithium,5,1991
Les McCann & Eddie Harris,Compared To What,2020-12-13 20:38:00,C,Compared,9,1969
Leonard Cohen,Closing Time,2020-12-13 20:47:00,C,Closing,6,1992
Joan Armatrading,Down To Zero,2020-12-13 20:53:00,D,Down,4,1976
Gary Clark Jr.,This Land,2020-12-13 20:57:00,T,This,5,2019
Cyndi Lauper,Time After Time,2020-12-13 21:02:00,T,Time,4,1984
Bobby Darin,Beyond The Sea,2020-12-13 21:06:00,B,Beyond,4,1961
Bob Marley & The Wailers,"Get Up, Stand Up",2020-12-13 21:10:00,G,Get,3,1984
The Beatles,"Ob-La-Di, Ob-La-Da",2020-12-13 21:13:00,O,Ob-La-Di,3,1967
Rilo Kiley,Portions For Foxes,2020-12-13 21:16:00,P,Portions,5,2004
Neil Young,Cinnamon Girl,2020-12-13 21:21:00,C,Cinnamon,3,1969
Metallica,Fade to Black,2020-12-13 21:24:00,F,Fade,7,1984
Leonard Cohen,Famous Blue Raincoat,2020-12-13 21:31:00,F,Famous,5,1971
Dionne Warwick,Walk On By,2020-12-13 21:36:00,W,Walk,4,1964
The Allman Brothers,Ramblin' Man,2020-12-13 21:40:00,R,Ramblin',5,1976
King Crimson,21st Century Schizoid Man,2020-12-13 21:45:00,2,21st,7,1991
John Lennon,Watching The Wheels,2020-12-13 21:52:00,W,Watching,5,1980
Elton John,Madman Across The Water,2020-12-13 21:57:00,M,Madman,6,1971
Bruce Springsteen,Spirit In The Night,2020-12-13 22:03:00,S,Spirit,5,1973
Tom Petty,Room At The Top,2020-12-13 22:08:00,R,Room,7,1996
Smokey Robinson & The Miracles,Ooh Baby Baby,2020-12-13 22:15:00,O,Ooh,2,1986
Motorhead,Ace Of Spades,2020-12-13 22:17:00,A,Ace,3,1985
Isaac Hayes,Theme From Shaft,2020-12-13 22:20:00,T,Theme,6,1973
Bob Dylan,Up To Me,2020-12-13 22:26:00,U,Up,6,1985
Billy Joel,Just The Way You Are,2020-12-13 22:32:00,J,Just,6,1989
Big Mama Thornton,Hound Dog,2020-12-13 22:38:00,H,Hound,3,1953
Ben Folds,The Luckiest,2020-12-13 22:41:00,T,The,4,2001
B-52's,Roam,2020-12-13 22:45:00,R,Roam,5,1989
Electric Light Orchestra w/ Olivia Newton John,Xanadu,2020-12-13 22:50:00,X,Xanadu,5,0
Roxy Music,More Than This,2020-12-13 22:55:00,M,More,4,1984
Josh Ritter,Getting Ready To Get Down,2020-12-13 22:59:00,G,Getting,4,2015
Phish,Farmhouse,2020-12-13 23:03:00,F,Farmhouse,3,1999
Phish,Sigma Oasis,2020-12-13 23:06:00,S,Sigma,7,2019
Judy Collins,Both Sides Now,2020-12-13 23:13:00,B,Both,3,1967
Ralph McTell,Streets Of London,2020-12-13 23:16:00,S,Streets,4,1969
John Hartford,Gentle On My Mind,2020-12-13 23:20:00,G,Gentle,4,1967
The Hollies,Long Cool Woman (In a Black Dress),2020-12-13 23:24:00,L,Long,3,1976
Grateful Dead,Brown-Eyed Women,2020-12-13 23:27:00,B,Brown-Eyed,5,1996
Eva Cassidy,Over The Rainbow,2020-12-13 23:32:00,O,Over,6,1992
Bob Marley & The Wailers,Could You Be Loved,2020-12-13 23:38:00,C,Could,3,1984
Bob Dylan,Things Have Changed,2020-12-13 23:41:00,T,Things,5,2000
The Black Keys,Little Black Submarines,2020-12-13 23:46:00,L,Little,6,2011
Amos Lee,El Camino,2020-12-13 23:52:00,E,El,3,2011
Bob Dylan,Boots of Spanish Leather,2020-12-13 23:55:00,B,Boots,5,1964
John Mayer,Gravity,2020-12-14 00:00:00,G,Gravity,4,2005
The Eagles,"Peaceful, Easy Feeling",2020-12-14 00:04:00,P,Peaceful,5,1998
The Police,Roxanne,2020-12-14 00:09:00,R,Roxanne,4,1978
David Bowie,Five Years,2020-12-14 00:13:00,F,Five,5,1972
Five For Fighting,100 Years,2020-12-14 00:18:00,Y,100,4,2002
Bob Dylan,Every Grain of Sand,2020-12-14 00:22:00,E,Every,6,1981
Richard Harris,MacArthur Park,2020-12-14 00:28:00,M,MacArthur,8,1968
R. E. M.,Everybody Hurts,2020-12-14 00:36:00,E,Everybody,5,1992
Lauryn Hill,Everything Is Everything,2020-12-14 00:41:00,E,Everything,5,1998
Hozier,Take Me To Church,2020-12-14 00:46:00,T,Take,4,2014
Elton John,Someone Saved My Life Tonight,2020-12-14 00:50:00,S,Someone,8,1975
Ray Charles,Hit The Road Jack,2020-12-14 00:58:00,H,Hit,2,1987
Drive-By Truckers,What It Means,2020-12-14 01:00:00,W,What,7,2016
Oasis,Champagne Supernova,2020-12-14 01:07:00,C,Champagne,8,1995
Holmes Brothers,"We Meet, We Part, We Remember",2020-12-14 01:15:00,W,We,4,2004
Genesis,Dancing With The Moonlight Knight,2020-12-14 01:19:00,D,Dancing,8,0
Fela Kuti,Water No Get No Enemy (edit),2020-12-14 01:27:00,W,Water,9,0
Dire Straits,Telegraph Road,2020-12-14 01:36:00,T,Telegraph,15,1982
Bob Dylan,Lay Lady Lay,2020-12-14 01:51:00,L,Lay,3,1969
Bee Gees,To Love Somebody,2020-12-14 01:54:00,T,To,4,1967
Queen,We Will Rock You,2020-12-14 01:58:00,W,We,2,1979
Jason Isbell & The 400 Unit,Dreamsicle,2020-12-14 02:00:00,D,Dreamsicle,4,2020
George Clinton,Atomic Dog,2020-12-14 02:04:00,A,Atomic,5,1982
Genesis,I Know What I Like,2020-12-14 02:09:00,I,I,4,1973
Dar Williams,When I Was A Boy,2020-12-14 02:13:00,W,When,5,1995
The Modern Lovers,Roadrunner,2020-12-14 02:18:00,R,Roadrunner,4,1976
Bee Gees,How Deep Is Your Love,2020-12-14 02:22:00,H,How,4,1977
The Police,Every Breath You Take,2020-12-14 02:26:00,E,Every,5,1983
Pete Seeger,We Shall Overcome,2020-12-14 02:31:00,W,We,5,1962
Renaissance,Mother Russia,2020-12-14 02:36:00,M,Mother,10,1974
The Doors,When The Music's Over,2020-12-14 02:46:00,W,When,11,1970
James Brown,"It's A Man's, Man's, Man's World",2020-12-14 02:57:00,I,It's,3,1970
Dion,Runaround Sue,2020-12-14 03:00:00,R,Runaround,3,1984
The Black Crowes,She Talks To Angels,2020-12-14 03:03:00,S,She,6,1990
Grateful Dead,Althea,2020-12-14 03:09:00,A,Althea,7,1980
Grateful Dead,Wharf Rat,2020-12-14 03:16:00,W,Wharf,8,1997
Violent Femmes,Blister In The Sun,2020-12-14 03:24:00,B,Blister,3,1983
Tom Tom Club,Genius Of Love,2020-12-14 03:27:00,G,Genius,5,1981
Pearl Jam,Better Man,2020-12-14 03:32:00,B,Better,4,2000
Tom Petty & The Heartbreakers,Refugee,2020-12-14 03:36:00,R,Refugee,3,1979
Lou Reed,Satellite Of Love,2020-12-14 03:39:00,S,Satellite,4,1972
Joe Jackson,Is She Really Going Out With Him,2020-12-14 03:43:00,I,Is,3,1978
Heart,Barracuda,2020-12-14 03:46:00,B,Barracuda,6,1987
George Harrison,Give Me Love,2020-12-14 03:52:00,G,Give,3,1970
The Eagles,Already Gone,2020-12-14 03:55:00,A,Already,5,0
David Bromberg,Sharon,2020-12-14 04:00:00,S,Sharon,6,1972
Chic,Good Times,2020-12-14 04:06:00,G,Good,10,1979
David Bowie,Let's Dance,2020-12-14 04:16:00,L,Let's,8,1996
Carly Simon,You're So Vain,2020-12-14 04:24:00,Y,You're,4,1976
Bob Dylan,Simple Twist Of Fate,2020-12-14 04:28:00,S,Simple,4,1975
Gladys Knight & the Pips,Midnight Train To Georgia,2020-12-14 04:32:00,M,Midnight,5,1992
The Decemberists,The Crane Wife 3,2020-12-14 04:37:00,T,The,4,2006
Cat Stevens,Wild World,2020-12-14 04:41:00,W,Wild,4,1970
Otis Redding,I've Been Loving You Too Long,2020-12-14 04:45:00,I,I've,3,1965
Dolly Parton,I Will Always Love You,2020-12-14 04:48:00,I,I,3,1974
Iris Dement,Our Town,2020-12-14 04:51:00,O,Our,5,1992
Alejandro Escovedo,Always A Friend,2020-12-14 04:56:00,A,Always,4,2008
Stevie Wonder,Golden Lady,2020-12-14 05:00:00,G,Golden,5,1973
The Beatles,Get Back,2020-12-14 05:05:00,G,Get,2,1969
Creedence Clearwater Revival,Proud Mary,2020-12-14 05:07:00,P,Proud,4,1973
Todd Rundgren,Can We Still Be Friends,2020-12-14 05:11:00,C,Can,4,1978
Oasis,Live Forever,2020-12-14 05:15:00,L,Live,5,1994
The Beatles,She Said She Said,2020-12-14 05:20:00,S,She,2,1966
James Taylor,You've Got A Friend,2020-12-14 05:22:00,Y,You've,5,1971
Rush,Working Man,2020-12-14 05:27:00,W,Working,8,1969
John Hiatt,Have A Little Faith In Me,2020-12-14 05:35:00,H,Have,4,1994
Black Pumas,Colors,2020-12-14 05:39:00,C,Colors,4,2019
Tom Petty & The Heartbreakers,Here Comes My Girl,2020-12-14 05:43:00,H,Here,4,1979
Big Country,In A Big Country,2020-12-14 05:47:00,I,In,5,1985
Earth Wind & Fire,Shining Star,2020-12-14 05:52:00,S,Shining,3,1975
Whitney Houston,I Will Always Love You,2020-12-14 05:55:00,I,I,5,1999
Van Morrison,And It Stoned Me,2020-12-14 06:00:00,A,And,5,1970
Ten Years After,I'd Love To Change The World,2020-12-14 06:05:00,I,I'd,6,1971
Jimmy Cliff,Many Rivers To Cross,2020-12-14 06:11:00,M,Many,3,1969
Elvis Costello,Pump It Up,2020-12-14 06:14:00,P,Pump,3,1978
Elton John,Amoreena,2020-12-14 06:17:00,A,Amoreena,10,1970
Bob Dylan,Idiot Wind,2020-12-14 06:27:00,I,Idiot,7,1975
The Black Keys,Gold On The Ceiling,2020-12-14 06:34:00,G,Gold,6,2011
The Avett Brothers,No Hard Feelings,2020-12-14 06:40:00,N,No,5,2016
Arcade Fire,The Suburbs,2020-12-14 06:45:00,T,The,8,2010
The Allman Brothers Band,Soulshine,2020-12-14 06:53:00,S,Soulshine,7,1994
Prince,Little Red Corvette,2020-12-14 07:00:00,L,Little,5,1982
Lizzo,Juice,2020-12-14 07:05:00,J,Juice,5,2019
Florence And The Machine,Dog Days Are Over,2020-12-14 07:10:00,D,Dog,4,2010
The Church,Under The Milky Way,2020-12-14 07:14:00,U,Under,8,1988
The Chambers Brothers,Time Has Come Today,2020-12-14 07:22:00,T,Time,12,1967
Bob Marley & The Wailers,Exodus,2020-12-14 07:34:00,E,Exodus,8,1990
Santana,Black Magic Woman/Gypsy Queen,2020-12-14 07:42:00,B,Black,6,1970
The Kinks,Days,2020-12-14 07:48:00,D,Days,6,1970
John Lennon,Love,2020-12-14 07:54:00,L,Love,3,1988
The Romantics,What I Like About You,2020-12-14 07:57:00,W,What,3,1989
Steve Goodman,City Of New Orleans,2020-12-14 08:00:00,C,City,4,1971
Buddy Holly,That'll Be The Day,2020-12-14 08:04:00,T,That'll,6,1958
Pearl Jam,Jeremy,2020-12-14 08:10:00,J,Jeremy,5,1992
Steely Dan,Peg,2020-12-14 08:15:00,P,Peg,6,1977
Led Zeppelin,Rock And Roll,2020-12-14 08:21:00,R,Rock,4,1970
k. d. lang,Hallelujah,2020-12-14 08:25:00,H,Hallelujah,5,0
Jimi Hendrix,Star Spangled Banner,2020-12-14 08:30:00,S,Star,4,1971
Dire Straits,Walk Of Life,2020-12-14 08:34:00,W,Walk,7,1978
The Philadelphia Orchestra,Clair De Lune,2020-12-14 08:41:00,C,Clair,5,1984
Stevie Wonder,Isn't She Lovely,2020-12-14 08:46:00,I,Isn't,9,1976
Bob Marley & The Wailers,Jamming,2020-12-14 08:55:00,J,Jamming,3,1977
Adele,Set Fire to the Rain,2020-12-14 08:58:00,S,Set,5,2011
Van Morrison,Have I Told You Lately,2020-12-14 09:03:00,H,Have,4,1989
The Temptations,Ain't Too Proud To Beg,2020-12-14 09:07:00,A,Ain't,4,1966
Taylor Swift,All Too Well,2020-12-14 09:11:00,A,All,5,2012
Sufjan Stevens,Casimir Pulaski Day,2020-12-14 09:16:00,C,Casimir,7,2005
Stevie Wonder,I Was Made To Love Her,2020-12-14 09:23:00,I,I,2,1968
The Pogues,If I Should Fall From Grace With God,2020-12-14 09:25:00,I,If,4,1987
Jackson 5,I Want You Back,2020-12-14 09:29:00,I,I,3,1969
INXS,Don't Change,2020-12-14 09:32:00,D,Don't,5,1982
Grateful Dead,Dark Star,2020-12-14 09:37:00,D,Dark,24,1968
Fleetwood Mac,Never Going Back Again,2020-12-14 10:01:00,N,Never,2,1977
Amy Winehouse,Love Is A Losing Game,2020-12-14 10:03:00,L,Love,2,2006
The Pretenders,Brass In Pocket,2020-12-14 10:05:00,B,Brass,5,1988
Oasis,Wonderwall,2020-12-14 10:10:00,W,Wonderwall,5,1996
Iggy Pop,Lust For Life,2020-12-14 10:15:00,L,Lust,5,1990
Phosphorescent,Song for Zula,2020-12-14 10:20:00,S,Song,6,2013
Lynyrd Skynyrd,Sweet Home Alabama,2020-12-14 10:26:00,S,Sweet,7,1976
Adele,Someone Like You,2020-12-14 10:33:00,S,Someone,4,2011
Band Of Horses,The Funeral,2020-12-14 10:37:00,T,The,7,2006
Radiohead,Everything In Its Right Place,2020-12-14 10:44:00,E,Everything,4,2000
The O'Jays,Love Train,2020-12-14 10:48:00,L,Love,5,1990
Joni Mitchell,Amelia,2020-12-14 10:53:00,A,Amelia,7,1976
Grateful Dead,Fire On The Mountain,2020-12-14 11:00:00,F,Fire,4,1981
Stevie Wonder,My Cherie Amour,2020-12-14 11:04:00,M,My,3,1970
The Shirelles,Will You Still Love Me Tomorrow,2020-12-14 11:07:00,W,Will,5,1960
Santana,Soul Sacrifice,2020-12-14 11:12:00,S,Soul,6,1985
The Rolling Stones,Time Waits For No One,2020-12-14 11:18:00,T,Time,9,1974
Joni Mitchell,All I Want,2020-12-14 11:27:00,A,All,4,1971
Neil Young,Everybody Knows This Is Nowhere,2020-12-14 11:31:00,E,Everybody,3,1969
Joni Mitchell,Song for Sharon,2020-12-14 11:34:00,S,Song,10,1976
Genesis,Ripples,2020-12-14 11:44:00,R,Ripples,10,2007
Elton John,Don't Let The Sun Go Down On Me,2020-12-14 11:54:00,D,Don't,6,1983
Bruce Springsteen,Streets Of Philadelphia,2020-12-14 12:00:00,S,Streets,4,1992
Bob Marley & The Wailers,Buffalo Soldier,2020-12-14 12:04:00,B,Buffalo,6,1983
The Beach Boys,California Girls,2020-12-14 12:10:00,C,California,3,1965
The Velvet Underground,Rock & Roll,2020-12-14 12:13:00,R,Rock,4,1970
LCD Soundsystem,Dance Yrself Clean,2020-12-14 12:17:00,D,Dance,11,2010
Arcade Fire,Rebellion (Lies),2020-12-14 12:28:00,R,Rebellion,8,2004
